"urban_pct_1000m_mod","water_pct_1000m_mod","natural_pct_1000m_mod","pasture_pct_1000m_mod","crop_pct_1000m","pesticide_1000m","fertilizer_1000m","crop_diversity_shannon_1000m","crop_diversity_machefer_alpha_1000m","pct_very_small_and_small_field_1000m","pct_very_large_and_large_field_1000m","climate_mean_temp_c_1000m","climate_annual_precip_mm_1000m","Habitat_category","Predominant_land_use_mod","Use_intensity","SS","SSB","Coordinate_ID","Sampling_method","SSBS","log_TA","TA_corrected_mod","TA","Rescaled_sampling_effort_mod","Country","Sample_start_year","Diversity_metric_unit"
4.61501165535981,3.91620938411786,9.75740921685956,9.71136974366277,72,0.0735904472601485,18.4307521555024,2.1411751599142,2.49087712986246,0,100,10.3234910313434,823.508426841701,"Cropland_Light use","Cropland","Light use","AD1_2004__Darvill 1","AD1_2004__Darvill 1 ","50.953333,-1.537222","specimen collection","AD1_2004__Darvill 1  1",3.66356164612965,38,38,1,"United Kingdom","2001","individuals"
8.2166718301436,1.19803557634765,12.6861248128413,6.00374294406611,71.8954248366013,0.0477456914454944,19.0012853778797,2.18450237512677,2.3387168226495,0,100,10.2467961277162,813.066241149539,"Cropland_Light use","Cropland","Light use","AD1_2004__Darvill 1","AD1_2004__Darvill 1 ","50.956356,-1.547421","specimen collection","AD1_2004__Darvill 1  2",3.40119738166216,29,29,1,"United Kingdom","2001","individuals"
5.51525809032098,0.54450582115638,8.87846200825587,9.78399630248901,75.2777777777778,0.0433253683661541,18.31400860814,2.22287056074307,2.46900184602079,0,86.4070962774084,10.2037272528112,805.125742985232,"Semi-natural vegetation_Minimal use","Semi-natural vegetation","Minimal use","AD1_2004__Darvill 1","AD1_2004__Darvill 1 ","50.958809,-1.554905","specimen collection","AD1_2004__Darvill 1  3",3.43398720448515,30,30,1,"United Kingdom","2001","individuals"
0.163615531880865,0,10.6288737495014,5.13343664454364,84.0740740740741,0.033957318825526,16.759289016234,2.27012167159971,2.78320201102599,0,56.233363266888,10.1924206325527,801.621015078915,"Cropland_Light use","Cropland","Light use","AD1_2004__Darvill 1","AD1_2004__Darvill 1 ","50.961122,-1.562689","specimen collection","AD1_2004__Darvill 1  4",2.94443897916644,18,18,1,"United Kingdom","2001","individuals"
1.66678256590394,0,27.9453495075773,6.10215364080451,64.2857142857143,0.0145816331116325,16.636661529541,2.273850440979,3.06627524273031,0,22.6003676642621,10.1915501912435,801.346935739275,"Cropland_Light use","Cropland","Light use","AD1_2004__Darvill 1","AD1_2004__Darvill 1 ","50.963722,-1.571283","specimen collection","AD1_2004__Darvill 1  5",3.80666248977032,44,44,1,"United Kingdom","2001","individuals"
5.14225404515019,0,12.7861715858145,1.42641307871271,80.6451612903226,0.026853681094579,16.636661529541,2.273850440979,2.95650089250326,0,3.75038052321345,10.1915501912435,801.346935739275,"Cropland_Light use","Cropland","Light use","AD1_2004__Darvill 1","AD1_2004__Darvill 1 ","50.966006,-1.578334","specimen collection","AD1_2004__Darvill 1  6",4.04305126783455,56,56,1,"United Kingdom","2001","individuals"
0.415473937940751,0,0.202273555803693,0.334633458636505,99.047619047619,0.00530387100088825,15.3294735740783,2.17874778691458,2.36040978037712,0,78.2344753513312,10.1915501912435,801.346935739275,"Semi-natural vegetation_Minimal use","Semi-natural vegetation","Minimal use","AD1_2004__Darvill 1","AD1_2004__Darvill 1 ","50.973455,-1.600717","specimen collection","AD1_2004__Darvill 1  9",3.3322045101752,27,27,1,"United Kingdom","2001","individuals"
1.10580766088588,0,0.470734395620687,2.87614811046932,95.5473098330241,0.0411330405294865,14.5368657992714,2.12108270309822,2.70839487808102,0,97.9055044188635,10.1915501912435,801.346935739275,"Cropland_Light use","Cropland","Light use","AD1_2004__Darvill 1","AD1_2004__Darvill 1 ","50.975776,-1.608446","specimen collection","AD1_2004__Darvill 1  10",3.2188758248682,24,24,1,"United Kingdom","2001","individuals"
0.345234031913783,0,0.0537754893408244,3.04926634081436,96.551724137931,0.113985741310301,14.1801252365112,2.09512853622437,3.14534796788041,0,100,10.1915501912435,801.346935739275,"Cropland_Light use","Cropland","Light use","AD1_2004__Darvill 1","AD1_2004__Darvill 1 ","50.978697,-1.61624","specimen collection","AD1_2004__Darvill 1  11",3.43398720448515,30,30,1,"United Kingdom","2001","individuals"
0,0,0.00018997565834479,3.40756560601028,96.5922444183314,0.185055816804039,14.1801252365112,2.09512853622437,3.04962427496476,0,100,10.1915501912435,801.346935739275,"Cropland_Light use","Cropland","Light use","AD1_2004__Darvill 1","AD1_2004__Darvill 1 ","50.982033,-1.623728","specimen collection","AD1_2004__Darvill 1  12",3.43398720448515,30,30,1,"United Kingdom","2001","individuals"
0,0,0.500976041713423,2.66569062495323,96.8333333333333,0.171230832570072,14.1801252365112,2.09512853622437,3.04347151287809,0,100,10.1915501912435,801.346935739275,"Cropland_Light use","Cropland","Light use","AD1_2004__Darvill 1","AD1_2004__Darvill 1 ","50.985605,-1.631333","specimen collection","AD1_2004__Darvill 1  13",3.29583686600433,26,26,1,"United Kingdom","2001","individuals"
0,0,1.71930845642244,3.48902487691091,94.7916666666667,0.0951851466092377,14.0652050556255,2.11773312934433,2.7177106150003,0,100,10.1870656471694,801.0792893784,"Cropland_Light use","Cropland","Light use","AD1_2004__Darvill 1","AD1_2004__Darvill 1 ","50.989247,-1.639307","specimen collection","AD1_2004__Darvill 1  14",2.83321334405622,16,16,1,"United Kingdom","2001","individuals"
0,0,0,0,100,0.0511878043555933,14.8580729655975,2.20130628130087,2.37780669198844,0,93.1600380963413,10.1704572701906,800.088068958885,"Cropland_Light use","Cropland","Light use","AD1_2004__Darvill 1","AD1_2004__Darvill 1 ","50.992476,-1.646323","specimen collection","AD1_2004__Darvill 1  15",3.89182029811063,48,48,1,"United Kingdom","2001","individuals"
0,0,0,0,100,0.0235866775135253,20.9894473339124,2.24161471468529,2.20864518827629,0,85.6074847776204,10.1492722089127,798.823703069669,"Semi-natural vegetation_Minimal use","Semi-natural vegetation","Minimal use","AD1_2004__Darvill 1","AD1_2004__Darvill 1 ","50.995423,-1.654001","specimen collection","AD1_2004__Darvill 1  16",3.46573590279973,31,31,1,"United Kingdom","2001","individuals"
0.0432907677894589,0,2.05635054086796,0.876549167533063,97.0238095238095,0.0975547107911664,30.90066984024,2.19245678433373,2.16770005339129,0,85.9205445585661,10.1332831859526,797.869446909277,"Cropland_Light use","Cropland","Light use","AD1_2004__Darvill 1","AD1_2004__Darvill 1 ","50.998611,-1.660833","specimen collection","AD1_2004__Darvill 1  17",3.43398720448515,30,30,1,"United Kingdom","2001","individuals"
1.04135165231482,1.48937864414216,0,0,97.469269703543,0,25.6950626373291,2.74331998825073,4.35693496981799,0,0,15.148807779948,1019.12080211332,"Cropland_Light use","Cropland","Light use","AD1_2004__Quaranta 1","AD1_2004__Quaranta 1 ","43.3705969294,10.4639936027","aerial transect","AD1_2004__Quaranta 1  1",3.68887945411394,39,39,1,"Italy","2000","individuals"
0,0,3.05810397553516,0,96.9418960244648,0,13.6156660436746,3.04607501834844,2.29191338703416,0,0,15.148807779948,1019.12080211332,"Semi-natural vegetation_Light use","Semi-natural vegetation","Light use","AD1_2004__Quaranta 1","AD1_2004__Quaranta 1 ","43.415805214,10.4429253244","aerial transect","AD1_2004__Quaranta 1  2",4.00733318523247,54,54,1,"Italy","2000","individuals"
1.65206208414594,0,4.31337869263815,1.7268669155236,92.3076923076923,0.0189398140754831,10.4768266677856,2.19292259216309,1.97647558156856,0,0,10.7269302368164,750.031799077988,"Cropland_Intense use","Cropland","Intense use","AD1_2005__Hanley 1","AD1_2005__Hanley 1 ","50.964167,-1.4275","aerial transect","AD1_2005__Hanley 1  1",4.99043258677874,146,146,1,"United Kingdom","2004","individuals"
0,1.62106719380194,9.84042670206237,0.303211986488632,88.2352941176471,0,6.06861017520904,2.38224278631173,0.965826163403308,0,0,11.2534166906586,806.686245621632,"Cropland_Intense use","Cropland","Intense use","AD1_2005__Hanley 1","AD1_2005__Hanley 1 ","50.84341,-1.490059","aerial transect","AD1_2005__Hanley 1  2",4.02535169073515,55,55,1,"United Kingdom","2004","individuals"
0,0,3.55007936878505,2.77903455526558,93.6708860759494,0.0239684778728556,20.352828620408,2.56632506648489,1.97865279168146,0,0,10.0363377888997,785.422647139058,"Cropland_Intense use","Cropland","Intense use","AD1_2005__Hanley 1","AD1_2005__Hanley 1 ","51.268592,-1.708976","aerial transect","AD1_2005__Hanley 1  3",5.01063529409626,149,149,1,"United Kingdom","2004","individuals"
1.65206208414594,0,4.31337869263815,1.7268669155236,92.3076923076923,0.0189398140754831,10.4768266677856,2.19292259216309,1.97647558156856,0,0,10.7571121215821,647.112923674285,"Cropland_Intense use","Cropland","Intense use","AD1_2005__Hanley 1","AD1_2005__Hanley 1 ","50.964167,-1.4275","aerial transect","AD1_2005__Hanley 1  4",4.48863636973214,88,88,1,"United Kingdom","2005","individuals"
0,1.62106719380194,9.84042670206237,0.303211986488632,88.2352941176471,0,6.06861017520904,2.38224278631173,0.965826163403308,0,0,11.2747641545761,743.754215820411,"Cropland_Intense use","Cropland","Intense use","AD1_2005__Hanley 1","AD1_2005__Hanley 1 ","50.84341,-1.490059","aerial transect","AD1_2005__Hanley 1  5",4.35670882668959,77,77,1,"United Kingdom","2005","individuals"
0,0,3.55007936878505,2.77903455526558,93.6708860759494,0.0239684778728556,20.352828620408,2.56632506648489,1.97865279168146,0,0,10.0738438924154,643.234017305076,"Cropland_Intense use","Cropland","Intense use","AD1_2005__Hanley 1","AD1_2005__Hanley 1 ","51.268592,-1.708976","aerial transect","AD1_2005__Hanley 1  6",4.9416424226093,139,139,1,"United Kingdom","2005","individuals"
2.0334293708406,8.96368782998125,0,3.58041297559411,85.422469823584,0.562525148193618,36.6398173494695,2.09206701091261,2.58648008326938,100,0,10.8248942057292,692.41614069324,"Cropland_Light use","Cropland","Light use","AD1_2006__Marshall 1","AD1_2006__Marshall 1 A","51.0030857049,-2.87786183499","aerial transect","AD1_2006__Marshall 1 A 1",3.04452243772342,20,20,1,"United Kingdom","2003","individuals"
0.182066680401047,10.2606303482641,3.99816241993575,1.67668284881671,83.8824577025824,0.153533948451231,33.9820897826298,2.10814793849526,2.05304728974852,100,0,10.8248942057292,692.41614069324,"Cropland_Light use","Cropland","Light use","AD1_2006__Marshall 1","AD1_2006__Marshall 1 B","51.0218372787,-2.89532542322","aerial transect","AD1_2006__Marshall 1 B 2",2.56494935746154,12,12,1,"United Kingdom","2003","individuals"
0,17.2931574802729,0,8.63276844565299,74.0740740740741,0.208554298462795,49.8603573732575,1.95439408342283,1.88558179239157,100,0,10.8248942057292,692.41614069324,"Cropland_Light use","Cropland","Light use","AD1_2006__Marshall 1","AD1_2006__Marshall 1 C","50.9803902137,-2.90592388072","aerial transect","AD1_2006__Marshall 1 C 3",2.30258509299405,9,9,1,"United Kingdom","2003","individuals"
0,0,0,0,94.4302721088435,0.586302004046933,57.6979148293018,1.32409334182739,2.83057594539194,0,0,10.6872903191802,730.620735968112,"Cropland_Light use","Cropland","Light use","AD1_2006__Marshall 1","AD1_2006__Marshall 1 D","51.1910885178,-3.1776499659","aerial transect","AD1_2006__Marshall 1 D 4",3.29583686600433,26,26,1,"United Kingdom","2003","individuals"
0,0,2.9435193404783,15.0324183806823,82.0240622788394,0.470232180167892,32.2615394592285,2.16994619369507,3.89326277040272,0,0,10.5568277994792,745.359273510985,"Cropland_Light use","Cropland","Light use","AD1_2006__Marshall 1","AD1_2006__Marshall 1 E","51.0840628902,-3.17921263138","aerial transect","AD1_2006__Marshall 1 E 5",1.38629436111989,3,3,1,"United Kingdom","2003","individuals"
0,0,6.71025837892585,30.4964455316887,62.7932960893855,0.291027233166099,26.9346176667696,2.15726898454306,3.1375854706903,0,0,10.5568277994792,745.359273510985,"Cropland_Light use","Cropland","Light use","AD1_2006__Marshall 1","AD1_2006__Marshall 1 F","51.0973300839,-3.20097216404","aerial transect","AD1_2006__Marshall 1 F 6",1.79175946922805,5,5,1,"United Kingdom","2003","individuals"
0,29.2674343701728,0,16.5409488633601,54.1916167664671,0.122114242277831,12.6304955131092,2.55379895229059,2.21166820860843,100,0,10.9825646491553,679.939765632508,"Cropland_Light use","Cropland","Light use","AD1_2006__Marshall 1","AD1_2006__Marshall 1 L","51.2990340634,-2.97816445939","aerial transect","AD1_2006__Marshall 1 L 7",2.39789527279837,10,10,1,"United Kingdom","2003","individuals"
0,0.339676088876648,0,5.40833552431159,82.8436516264428,0.883186377522389,55.1485298072124,1.82546540442303,3.62171710376068,0,0,10.6582275390625,713.142902532127,"Cropland_Light use","Cropland","Light use","AD1_2006__Marshall 1","AD1_2006__Marshall 1 G","51.038565174,-2.50484652718","aerial transect","AD1_2006__Marshall 1 G 8",2.19722457733622,8,8,1,"United Kingdom","2003","individuals"
0,0,0,1.95881441216626,78.8910505836576,0.642244317365301,60.3427613022993,1.7883270797309,3.5627998414529,0,0,10.6582275390625,713.142902532127,"Cropland_Light use","Cropland","Light use","AD1_2006__Marshall 1","AD1_2006__Marshall 1 H","51.0395010284,-2.49629890505","aerial transect","AD1_2006__Marshall 1 H 9",2.56494935746154,12,12,1,"United Kingdom","2003","individuals"
4.67112819159678,0.663248123381495,0,3.34647474885152,91.3191489361702,0.237806114179803,48.8711813477963,1.95289215216967,3.16571284114087,0,0,10.4428029429952,698.206542996835,"Cropland_Light use","Cropland","Light use","AD1_2006__Marshall 1","AD1_2006__Marshall 1 J","51.3922070421,-2.44118076618","aerial transect","AD1_2006__Marshall 1 J 10",3.04452243772342,20,20,1,"United Kingdom","2003","individuals"
2.70821213977003,0,0,0.0988054040896158,97.1929824561404,0.344180043937884,44.3227487203826,2.03585529702545,2.63146647709569,0,0,10.3473238330853,730.085749003032,"Cropland_Light use","Cropland","Light use","AD1_2006__Marshall 1","AD1_2006__Marshall 1 K","51.3022709861,-2.4460551982","aerial transect","AD1_2006__Marshall 1 K 11",1.6094379124341,4,4,1,"United Kingdom","2003","individuals"
0,0,0.759950052987649,0.235837001780651,99.0042129452317,0.282073408206498,42.6259394252585,2.12568963487765,2.31952999159288,0,0,10.8535400390625,707.138651865534,"Cropland_Light use","Cropland","Light use","AD1_2006__Marshall 1","AD1_2006__Marshall 1 M","51.0879181638,-2.69956382699","aerial transect","AD1_2006__Marshall 1 M 12",2.19722457733622,8,8,1,"United Kingdom","2003","individuals"
0,0,0,6.96683906297537,93.0331609370246,0.396672994837356,71.0342483520508,1.9860520362854,2.71480988477876,0,0,10.2593017578125,659.634355281014,"Cropland_Light use","Cropland","Light use","AD1_2006__Marshall 1","AD1_2006__Marshall 1 R","51.3154881532,-1.7718125979","aerial transect","AD1_2006__Marshall 1 R 13",2.94443897916644,18,18,1,"United Kingdom","2003","individuals"
0,0,0,0,93.6387372418704,0.846977882615595,116.361232273384,1.84726520852896,3.04833429046777,0,0,10.9041585286458,662.024642224424,"Cropland_Light use","Cropland","Light use","AD1_2006__Marshall 1","AD1_2006__Marshall 1 U","50.9065684148,-2.02412645345","aerial transect","AD1_2006__Marshall 1 U 14",2.99573227355399,19,19,1,"United Kingdom","2003","individuals"
0,0,0,10.0358422939068,89.9641577060932,0.83799985263696,72.9328308105469,1.97419464588165,2.82453400063637,0,0,10.2311442057292,639.051567588467,"Cropland_Light use","Cropland","Light use","AD1_2006__Marshall 1","AD1_2006__Marshall 1 N","51.489929661,-1.77382447098","aerial transect","AD1_2006__Marshall 1 N 15",2.19722457733622,8,8,1,"United Kingdom","2003","individuals"
0,0,0,0,97.8747203579418,0.498136152530169,86.721047700386,1.8423813007093,2.94159251795654,0,0,10.3269219686276,629.250397528661,"Cropland_Light use","Cropland","Light use","AD1_2006__Marshall 1","AD1_2006__Marshall 1 P","51.3429197104,-1.60513649295","aerial transect","AD1_2006__Marshall 1 P 16",1.79175946922805,5,5,1,"United Kingdom","2003","individuals"
0,0,0,4.73734424226934,94.0243902439024,0.487517699431764,94.7499389648438,1.81825840473175,3.92289594096989,0,0,10.3371012369792,629.508699174039,"Cropland_Light use","Cropland","Light use","AD1_2006__Marshall 1","AD1_2006__Marshall 1 Q","51.3150841006,-1.6168539192","aerial transect","AD1_2006__Marshall 1 Q 17",2.30258509299405,9,9,1,"United Kingdom","2003","individuals"
0,0,2.2434839986803,0,97.7565160013197,0.74832720458757,79.896383252768,1.80355754991725,3.86563077132655,0,0,10.8110595703125,664.560901816003,"Cropland_Light use","Cropland","Light use","AD1_2006__Marshall 1","AD1_2006__Marshall 1 S","50.9353062414,-2.09671953273","aerial transect","AD1_2006__Marshall 1 S 18",3.8286413964891,45,45,1,"United Kingdom","2003","individuals"
0,0,0,0,88.7184115523466,0.538621091789557,81.0236561875943,1.78740543627886,3.07455123738173,0,0,10.8110595703125,664.560901816003,"Cropland_Light use","Cropland","Light use","AD1_2006__Marshall 1","AD1_2006__Marshall 1 T","50.9191212075,-2.09526327915","aerial transect","AD1_2006__Marshall 1 T 19",3.73766961828337,41,41,1,"United Kingdom","2003","individuals"
3.81150270302009,0,0,1.61948882662615,94.5690084703538,0.17352472795318,64.0747454654168,2.09889952039333,2.621795476453,0,0,10.2832275390625,624.775517557282,"Cropland_Light use","Cropland","Light use","AD1_2006__Marshall 1","AD1_2006__Marshall 1 V","51.8323441552,-1.70536017707","aerial transect","AD1_2006__Marshall 1 V 20",2.70805020110221,14,14,1,"United Kingdom","2003","individuals"
0,0,1.86466465210614,0,94.7327197963579,0.333778315162712,58.9969289208061,2.14668060311484,2.6668987954113,0,0,10.2832275390625,624.775517557282,"Cropland_Light use","Cropland","Light use","AD1_2006__Marshall 1","AD1_2006__Marshall 1 W","51.8404175113,-1.69805023294","aerial transect","AD1_2006__Marshall 1 W 21",2.484906649788,11,11,1,"United Kingdom","2003","individuals"
1.22065233521939,9.88043814411906,0,6.90605876105475,81.9928507596068,0.404431295051507,35.9584575919319,2.10966375095881,2.68756457053821,100,0,10.8251481112701,692.457212492272,"Cropland_Intense use","Cropland","Intense use","AD1_2006__Marshall 1","AD1_2006__Marshall 1 A","51.0004945762,-2.86356165861","aerial transect","AD1_2006__Marshall 1 A 22",2.19722457733622,8,8,1,"United Kingdom","2003","individuals"
0,19.0707583308224,1.57307968990534,13.0966199945395,66.2595419847328,0.113247848760326,34.2381545759173,2.10222965250286,2.42093324518827,100,0,10.7159421189623,694.762177681554,"Cropland_Intense use","Cropland","Intense use","AD1_2006__Marshall 1","AD1_2006__Marshall 1 B","51.0061248642,-2.94918432341","aerial transect","AD1_2006__Marshall 1 B 23",1.38629436111989,3,3,1,"United Kingdom","2003","individuals"
0,5.65152977547281,0,0,65.8250146799765,0.462810321081302,39.7868010172903,2.09269977132432,2.31966531141232,100,0,10.8119684380663,690.698847851395,"Cropland_Intense use","Cropland","Intense use","AD1_2006__Marshall 1","AD1_2006__Marshall 1 C","50.9562344649,-2.88979245554","aerial transect","AD1_2006__Marshall 1 C 24",1.6094379124341,4,4,1,"United Kingdom","2003","individuals"
0,0,0,0,91.6565900846433,0.401056953838313,56.8807525634766,1.26539814472198,2.55646472004573,0,0,10.7776239016572,718.791047821554,"Cropland_Intense use","Cropland","Intense use","AD1_2006__Marshall 1","AD1_2006__Marshall 1 D","51.1780274887,-3.13439845816","aerial transect","AD1_2006__Marshall 1 D 25",2.484906649788,11,11,1,"United Kingdom","2003","individuals"
2.46948998144331,0,0,0,91.6569200779727,0.210747369386507,32.2615394592285,2.16994619369507,3.19509592420831,0,0,10.5568277994792,745.359273510985,"Cropland_Intense use","Cropland","Intense use","AD1_2006__Marshall 1","AD1_2006__Marshall 1 E","51.068822633,-3.17454343113","aerial transect","AD1_2006__Marshall 1 E 26",2.63905732961526,13,13,1,"United Kingdom","2003","individuals"
0,0,0,0,83.1307441446783,0.861676050997035,32.5474707247457,2.16070886074519,4.07970449658258,0,0,10.5568277994792,745.359273510985,"Cropland_Intense use","Cropland","Intense use","AD1_2006__Marshall 1","AD1_2006__Marshall 1 F","51.0767549847,-3.19044678313","aerial transect","AD1_2006__Marshall 1 F 27",3.09104245335832,21,21,1,"United Kingdom","2003","individuals"
4.65777009122484,31.5624746088103,0,7.68365920386882,56.0960960960961,0.136666642357762,17.2014303340732,2.33722148684442,2.34034458786879,100,0,10.9643412041256,680.04205100266,"Cropland_Intense use","Cropland","Intense use","AD1_2006__Marshall 1","AD1_2006__Marshall 1 L","51.3080961213,-2.96974931104","aerial transect","AD1_2006__Marshall 1 L 28",1.94591014905531,6,6,1,"United Kingdom","2003","individuals"
0,0,0,0.00873281680247159,80.188679245283,0.599282937560635,57.1874258396725,1.80663356817425,3.15793866295943,0,0,10.6471362564695,713.941523069533,"Cropland_Intense use","Cropland","Intense use","AD1_2006__Marshall 1","AD1_2006__Marshall 1 G","51.0440029975,-2.49492059633","aerial transect","AD1_2006__Marshall 1 G 29",1.6094379124341,4,4,1,"United Kingdom","2003","individuals"
0,0,0,26.6475644699141,73.352435530086,0.707815286539772,64.937643969968,1.75547404948083,2.82298117240659,0,0,10.6582275390625,713.142902532127,"Cropland_Intense use","Cropland","Intense use","AD1_2006__Marshall 1","AD1_2006__Marshall 1 H","51.0314503484,-2.48623050444","aerial transect","AD1_2006__Marshall 1 H 30",2.19722457733622,8,8,1,"United Kingdom","2003","individuals"
0,0,0,0,93.2262051915946,0.72672108118976,65.1699762221905,1.91308622576281,2.57604936773502,0,0,10.4139609971226,696.593005010911,"Cropland_Intense use","Cropland","Intense use","AD1_2006__Marshall 1","AD1_2006__Marshall 1 J","51.381334243,-2.4626296161","aerial transect","AD1_2006__Marshall 1 J 31",2.07944154167984,7,7,1,"United Kingdom","2003","individuals"
0.321342275744389,0,0,6.75558080117869,92.9230769230769,0.126822377027162,46.3990549078972,2.01793428505488,2.46713513413694,0,0,10.3714436848958,731.410594540648,"Cropland_Intense use","Cropland","Intense use","AD1_2006__Marshall 1","AD1_2006__Marshall 1 K","51.3041751084,-2.41738396071","aerial transect","AD1_2006__Marshall 1 K 32",0.693147180559945,1,1,1,"United Kingdom","2003","individuals"
0,0,0,1.89441778226825,98.1055822177318,0.804695508879527,53.9835812091859,1.96296034211853,3.2006562437798,0,0,10.8524692138737,707.194359679911,"Cropland_Intense use","Cropland","Intense use","AD1_2006__Marshall 1","AD1_2006__Marshall 1 M","51.0710424961,-2.66362730573","aerial transect","AD1_2006__Marshall 1 M 33",2.19722457733622,8,8,1,"United Kingdom","2003","individuals"
0,0,0,7.97144556811422,92.0285544318858,0.664386323560843,71.0342483520508,1.9860520362854,2.85917245759548,0,0,10.2593017578125,659.634355281014,"Cropland_Intense use","Cropland","Intense use","AD1_2006__Marshall 1","AD1_2006__Marshall 1 R","51.319079203,-1.76892491484","aerial transect","AD1_2006__Marshall 1 R 34",1.79175946922805,5,5,1,"United Kingdom","2003","individuals"
0.0323358044745766,0,0,0,96.9855210064087,0.628265988483939,75.9877471923828,2.13752746582031,2.90445135106248,3.21828076476223,0,10.9041585286458,662.024642224424,"Cropland_Intense use","Cropland","Intense use","AD1_2006__Marshall 1","AD1_2006__Marshall 1 U","50.8858871698,-2.0170076887","aerial transect","AD1_2006__Marshall 1 U 35",2.30258509299405,9,9,1,"United Kingdom","2003","individuals"
0,0,0,0,90.3035241393359,0.809977993625091,36.9274409271963,2.15924162235961,3.19740460734423,0,0,10.2196498581784,637.929786650211,"Cropland_Intense use","Cropland","Intense use","AD1_2006__Marshall 1","AD1_2006__Marshall 1 N","51.5078838081,-1.75932702538","aerial transect","AD1_2006__Marshall 1 N 36",2.63905732961526,13,13,1,"United Kingdom","2003","individuals"
0,0,0,0,97.6769431176726,0.712805440608177,77.5702670390567,1.91504905077026,2.98406168332146,0,0,10.289868361627,628.31015238285,"Cropland_Intense use","Cropland","Intense use","AD1_2006__Marshall 1","AD1_2006__Marshall 1 P","51.3465065985,-1.60223407848","aerial transect","AD1_2006__Marshall 1 P 37",2.07944154167984,7,7,1,"United Kingdom","2003","individuals"
0,0,0,3.11639055885175,96.3236994219653,0.709419802068599,87.8677052588121,1.82295179883778,3.53450572170185,0,0,10.3371012369792,629.508699174039,"Cropland_Intense use","Cropland","Intense use","AD1_2006__Marshall 1","AD1_2006__Marshall 1 Q","51.3114445607,-1.60397181836","aerial transect","AD1_2006__Marshall 1 Q 38",2.83321334405622,16,16,1,"United Kingdom","2003","individuals"
0,0,0,0,96.6929534469601,1.08846741475041,68.2859039306641,1.96991813182831,3.1365913096971,0,0,10.8110595703125,664.560901816003,"Cropland_Intense use","Cropland","Intense use","AD1_2006__Marshall 1","AD1_2006__Marshall 1 S","50.9190929456,-2.12513792158","aerial transect","AD1_2006__Marshall 1 S 39",3.58351893845611,35,35,1,"United Kingdom","2003","individuals"
0,0,0,0,97.5103734439834,1.14626728137434,68.2859039306641,1.96991813182831,3.10873847002808,0,0,10.8110595703125,664.560901816003,"Cropland_Intense use","Cropland","Intense use","AD1_2006__Marshall 1","AD1_2006__Marshall 1 T","50.918192175,-2.126558078","aerial transect","AD1_2006__Marshall 1 T 40",1.94591014905531,6,6,1,"United Kingdom","2003","individuals"
0,0,0,0,96.0357470210816,0.942891051184827,85.7128519736415,1.93722666629761,2.65100331832645,0,0,10.1730387369792,624.94187412085,"Cropland_Intense use","Cropland","Intense use","AD1_2006__Marshall 1","AD1_2006__Marshall 1 V","51.7795150031,-1.81151776735","aerial transect","AD1_2006__Marshall 1 V 41",2.19722457733622,8,8,1,"United Kingdom","2003","individuals"
0,0,0,0,96.5091924598557,0.996748125060211,85.7147496804592,1.9372032405364,2.47686785980038,0,0,10.1730387369792,624.94187412085,"Cropland_Intense use","Cropland","Intense use","AD1_2006__Marshall 1","AD1_2006__Marshall 1 W","51.7813131997,-1.81151028522","aerial transect","AD1_2006__Marshall 1 W 42",0,0,0,1,"United Kingdom","2003","individuals"
2.0334293708406,8.96368782998125,0,3.58041297559411,85.422469823584,0.562525148193618,36.6398173494695,2.09206701091261,2.58648008326938,100,0,10.8248942057292,692.41614069324,"Cropland_Light use","Cropland","Light use","AD1_2006__Marshall 2","AD1_2006__Marshall 2 A","51.0030857049,-2.87786183499","sweep nets","AD1_2006__Marshall 2 A 1",0,0,0,1,"United Kingdom","2003","individuals"
0.182066680401047,10.2606303482641,3.99816241993575,1.67668284881671,83.8824577025824,0.153533948451231,33.9820897826298,2.10814793849526,2.05304728974852,100,0,10.8248942057292,692.41614069324,"Cropland_Light use","Cropland","Light use","AD1_2006__Marshall 2","AD1_2006__Marshall 2 B","51.0218372787,-2.89532542322","sweep nets","AD1_2006__Marshall 2 B 2",0.693147180559945,1,1,1,"United Kingdom","2003","individuals"
0,17.2931574802729,0,8.63276844565299,74.0740740740741,0.208554298462795,49.8603573732575,1.95439408342283,1.88558179239157,100,0,10.8248942057292,692.41614069324,"Cropland_Light use","Cropland","Light use","AD1_2006__Marshall 2","AD1_2006__Marshall 2 C","50.9803902137,-2.90592388072","sweep nets","AD1_2006__Marshall 2 C 3",0,0,0,1,"United Kingdom","2003","individuals"
0,0,0,0,94.4302721088435,0.586302004046933,57.6979148293018,1.32409334182739,2.83057594539194,0,0,10.6872903191802,730.620735968112,"Cropland_Light use","Cropland","Light use","AD1_2006__Marshall 2","AD1_2006__Marshall 2 D","51.1910885178,-3.1776499659","sweep nets","AD1_2006__Marshall 2 D 4",0,0,0,1,"United Kingdom","2003","individuals"
0,0,2.9435193404783,15.0324183806823,82.0240622788394,0.470232180167892,32.2615394592285,2.16994619369507,3.89326277040272,0,0,10.5568277994792,745.359273510985,"Cropland_Light use","Cropland","Light use","AD1_2006__Marshall 2","AD1_2006__Marshall 2 E","51.0840628902,-3.17921263138","sweep nets","AD1_2006__Marshall 2 E 5",0,0,0,1,"United Kingdom","2003","individuals"
0,0,6.71025837892585,30.4964455316887,62.7932960893855,0.291027233166099,26.9346176667696,2.15726898454306,3.1375854706903,0,0,10.5568277994792,745.359273510985,"Cropland_Light use","Cropland","Light use","AD1_2006__Marshall 2","AD1_2006__Marshall 2 F","51.0973300839,-3.20097216404","sweep nets","AD1_2006__Marshall 2 F 6",0,0,0,1,"United Kingdom","2003","individuals"
0,29.2674343701728,0,16.5409488633601,54.1916167664671,0.122114242277831,12.6304955131092,2.55379895229059,2.21166820860843,100,0,10.9825646491553,679.939765632508,"Cropland_Light use","Cropland","Light use","AD1_2006__Marshall 2","AD1_2006__Marshall 2 L","51.2990340634,-2.97816445939","sweep nets","AD1_2006__Marshall 2 L 7",0,0,0,1,"United Kingdom","2003","individuals"
0,0.339676088876648,0,5.40833552431159,82.8436516264428,0.883186377522389,55.1485298072124,1.82546540442303,3.62171710376068,0,0,10.6582275390625,713.142902532127,"Cropland_Light use","Cropland","Light use","AD1_2006__Marshall 2","AD1_2006__Marshall 2 G","51.038565174,-2.50484652718","sweep nets","AD1_2006__Marshall 2 G 8",0,0,0,1,"United Kingdom","2003","individuals"
0,0,0,1.95881441216626,78.8910505836576,0.642244317365301,60.3427613022993,1.7883270797309,3.5627998414529,0,0,10.6582275390625,713.142902532127,"Cropland_Light use","Cropland","Light use","AD1_2006__Marshall 2","AD1_2006__Marshall 2 H","51.0395010284,-2.49629890505","sweep nets","AD1_2006__Marshall 2 H 9",0,0,0,1,"United Kingdom","2003","individuals"
4.67112819159678,0.663248123381495,0,3.34647474885152,91.3191489361702,0.237806114179803,48.8711813477963,1.95289215216967,3.16571284114087,0,0,10.4428029429952,698.206542996835,"Cropland_Light use","Cropland","Light use","AD1_2006__Marshall 2","AD1_2006__Marshall 2 J","51.3922070421,-2.44118076618","sweep nets","AD1_2006__Marshall 2 J 10",0,0,0,1,"United Kingdom","2003","individuals"
2.70821213977003,0,0,0.0988054040896158,97.1929824561404,0.344180043937884,44.3227487203826,2.03585529702545,2.63146647709569,0,0,10.3473238330853,730.085749003032,"Cropland_Light use","Cropland","Light use","AD1_2006__Marshall 2","AD1_2006__Marshall 2 K","51.3022709861,-2.4460551982","sweep nets","AD1_2006__Marshall 2 K 11",0,0,0,1,"United Kingdom","2003","individuals"
0,0,0.759950052987649,0.235837001780651,99.0042129452317,0.282073408206498,42.6259394252585,2.12568963487765,2.31952999159288,0,0,10.8535400390625,707.138651865534,"Cropland_Light use","Cropland","Light use","AD1_2006__Marshall 2","AD1_2006__Marshall 2 M","51.0879181638,-2.69956382699","sweep nets","AD1_2006__Marshall 2 M 12",0,0,0,1,"United Kingdom","2003","individuals"
0,0,0,6.96683906297537,93.0331609370246,0.396672994837356,71.0342483520508,1.9860520362854,2.71480988477876,0,0,10.2593017578125,659.634355281014,"Cropland_Light use","Cropland","Light use","AD1_2006__Marshall 2","AD1_2006__Marshall 2 R","51.3154881532,-1.7718125979","sweep nets","AD1_2006__Marshall 2 R 13",0,0,0,1,"United Kingdom","2003","individuals"
0,0,0,0,93.6387372418704,0.846977882615595,116.361232273384,1.84726520852896,3.04833429046777,0,0,10.9041585286458,662.024642224424,"Cropland_Light use","Cropland","Light use","AD1_2006__Marshall 2","AD1_2006__Marshall 2 U","50.9065684148,-2.02412645345","sweep nets","AD1_2006__Marshall 2 U 14",0,0,0,1,"United Kingdom","2003","individuals"
0,0,0,10.0358422939068,89.9641577060932,0.83799985263696,72.9328308105469,1.97419464588165,2.82453400063637,0,0,10.2311442057292,639.051567588467,"Cropland_Light use","Cropland","Light use","AD1_2006__Marshall 2","AD1_2006__Marshall 2 N","51.489929661,-1.77382447098","sweep nets","AD1_2006__Marshall 2 N 15",0,0,0,1,"United Kingdom","2003","individuals"
0,0,0,0,97.8747203579418,0.498136152530169,86.721047700386,1.8423813007093,2.94159251795654,0,0,10.3269219686276,629.250397528661,"Cropland_Light use","Cropland","Light use","AD1_2006__Marshall 2","AD1_2006__Marshall 2 P","51.3429197104,-1.60513649295","sweep nets","AD1_2006__Marshall 2 P 16",0,0,0,1,"United Kingdom","2003","individuals"
0,0,0,4.73734424226934,94.0243902439024,0.487517699431764,94.7499389648438,1.81825840473175,3.92289594096989,0,0,10.3371012369792,629.508699174039,"Cropland_Light use","Cropland","Light use","AD1_2006__Marshall 2","AD1_2006__Marshall 2 Q","51.3150841006,-1.6168539192","sweep nets","AD1_2006__Marshall 2 Q 17",0,0,0,1,"United Kingdom","2003","individuals"
0,0,2.2434839986803,0,97.7565160013197,0.74832720458757,79.896383252768,1.80355754991725,3.86563077132655,0,0,10.8110595703125,664.560901816003,"Cropland_Light use","Cropland","Light use","AD1_2006__Marshall 2","AD1_2006__Marshall 2 S","50.9353062414,-2.09671953273","sweep nets","AD1_2006__Marshall 2 S 18",0.693147180559945,1,1,1,"United Kingdom","2003","individuals"
0,0,0,0,88.7184115523466,0.538621091789557,81.0236561875943,1.78740543627886,3.07455123738173,0,0,10.8110595703125,664.560901816003,"Cropland_Light use","Cropland","Light use","AD1_2006__Marshall 2","AD1_2006__Marshall 2 T","50.9191212075,-2.09526327915","sweep nets","AD1_2006__Marshall 2 T 19",0,0,0,1,"United Kingdom","2003","individuals"
3.81150270302009,0,0,1.61948882662615,94.5690084703538,0.17352472795318,64.0747454654168,2.09889952039333,2.621795476453,0,0,10.2832275390625,624.775517557282,"Cropland_Light use","Cropland","Light use","AD1_2006__Marshall 2","AD1_2006__Marshall 2 V","51.8323441552,-1.70536017707","sweep nets","AD1_2006__Marshall 2 V 20",0,0,0,1,"United Kingdom","2003","individuals"
0,0,1.86466465210614,0,94.7327197963579,0.333778315162712,58.9969289208061,2.14668060311484,2.6668987954113,0,0,10.2832275390625,624.775517557282,"Cropland_Light use","Cropland","Light use","AD1_2006__Marshall 2","AD1_2006__Marshall 2 W","51.8404175113,-1.69805023294","sweep nets","AD1_2006__Marshall 2 W 21",0.693147180559945,1,1,1,"United Kingdom","2003","individuals"
1.22065233521939,9.88043814411906,0,6.90605876105475,81.9928507596068,0.404431295051507,35.9584575919319,2.10966375095881,2.68756457053821,100,0,10.8251481112701,692.457212492272,"Cropland_Intense use","Cropland","Intense use","AD1_2006__Marshall 2","AD1_2006__Marshall 2 A","51.0004945762,-2.86356165861","sweep nets","AD1_2006__Marshall 2 A 22",0,0,0,1,"United Kingdom","2003","individuals"
0,19.0707583308224,1.57307968990534,13.0966199945395,66.2595419847328,0.113247848760326,34.2381545759173,2.10222965250286,2.42093324518827,100,0,10.7159421189623,694.762177681554,"Cropland_Intense use","Cropland","Intense use","AD1_2006__Marshall 2","AD1_2006__Marshall 2 B","51.0061248642,-2.94918432341","sweep nets","AD1_2006__Marshall 2 B 23",0,0,0,1,"United Kingdom","2003","individuals"
0,5.65152977547281,0,0,65.8250146799765,0.462810321081302,39.7868010172903,2.09269977132432,2.31966531141232,100,0,10.8119684380663,690.698847851395,"Cropland_Intense use","Cropland","Intense use","AD1_2006__Marshall 2","AD1_2006__Marshall 2 C","50.9562344649,-2.88979245554","sweep nets","AD1_2006__Marshall 2 C 24",0.693147180559945,1,1,1,"United Kingdom","2003","individuals"
0,0,0,0,91.6565900846433,0.401056953838313,56.8807525634766,1.26539814472198,2.55646472004573,0,0,10.7776239016572,718.791047821554,"Cropland_Intense use","Cropland","Intense use","AD1_2006__Marshall 2","AD1_2006__Marshall 2 D","51.1780274887,-3.13439845816","sweep nets","AD1_2006__Marshall 2 D 25",0,0,0,1,"United Kingdom","2003","individuals"
2.46948998144331,0,0,0,91.6569200779727,0.210747369386507,32.2615394592285,2.16994619369507,3.19509592420831,0,0,10.5568277994792,745.359273510985,"Cropland_Intense use","Cropland","Intense use","AD1_2006__Marshall 2","AD1_2006__Marshall 2 E","51.068822633,-3.17454343113","sweep nets","AD1_2006__Marshall 2 E 26",1.94591014905531,6,6,1,"United Kingdom","2003","individuals"
0,0,0,0,83.1307441446783,0.861676050997035,32.5474707247457,2.16070886074519,4.07970449658258,0,0,10.5568277994792,745.359273510985,"Cropland_Intense use","Cropland","Intense use","AD1_2006__Marshall 2","AD1_2006__Marshall 2 F","51.0767549847,-3.19044678313","sweep nets","AD1_2006__Marshall 2 F 27",0,0,0,1,"United Kingdom","2003","individuals"
4.65777009122484,31.5624746088103,0,7.68365920386882,56.0960960960961,0.136666642357762,17.2014303340732,2.33722148684442,2.34034458786879,100,0,10.9643412041256,680.04205100266,"Cropland_Intense use","Cropland","Intense use","AD1_2006__Marshall 2","AD1_2006__Marshall 2 L","51.3080961213,-2.96974931104","sweep nets","AD1_2006__Marshall 2 L 28",0,0,0,1,"United Kingdom","2003","individuals"
0,0,0,0.00873281680247159,80.188679245283,0.599282937560635,57.1874258396725,1.80663356817425,3.15793866295943,0,0,10.6471362564695,713.941523069533,"Cropland_Intense use","Cropland","Intense use","AD1_2006__Marshall 2","AD1_2006__Marshall 2 G","51.0440029975,-2.49492059633","sweep nets","AD1_2006__Marshall 2 G 29",0,0,0,1,"United Kingdom","2003","individuals"
0,0,0,26.6475644699141,73.352435530086,0.707815286539772,64.937643969968,1.75547404948083,2.82298117240659,0,0,10.6582275390625,713.142902532127,"Cropland_Intense use","Cropland","Intense use","AD1_2006__Marshall 2","AD1_2006__Marshall 2 H","51.0314503484,-2.48623050444","sweep nets","AD1_2006__Marshall 2 H 30",0,0,0,1,"United Kingdom","2003","individuals"
0,0,0,0,93.2262051915946,0.72672108118976,65.1699762221905,1.91308622576281,2.57604936773502,0,0,10.4139609971226,696.593005010911,"Cropland_Intense use","Cropland","Intense use","AD1_2006__Marshall 2","AD1_2006__Marshall 2 J","51.381334243,-2.4626296161","sweep nets","AD1_2006__Marshall 2 J 31",0,0,0,1,"United Kingdom","2003","individuals"
0.321342275744389,0,0,6.75558080117869,92.9230769230769,0.126822377027162,46.3990549078972,2.01793428505488,2.46713513413694,0,0,10.3714436848958,731.410594540648,"Cropland_Intense use","Cropland","Intense use","AD1_2006__Marshall 2","AD1_2006__Marshall 2 K","51.3041751084,-2.41738396071","sweep nets","AD1_2006__Marshall 2 K 32",0,0,0,1,"United Kingdom","2003","individuals"
0,0,0,1.89441778226825,98.1055822177318,0.804695508879527,53.9835812091859,1.96296034211853,3.2006562437798,0,0,10.8524692138737,707.194359679911,"Cropland_Intense use","Cropland","Intense use","AD1_2006__Marshall 2","AD1_2006__Marshall 2 M","51.0710424961,-2.66362730573","sweep nets","AD1_2006__Marshall 2 M 33",0,0,0,1,"United Kingdom","2003","individuals"
0,0,0,7.97144556811422,92.0285544318858,0.664386323560843,71.0342483520508,1.9860520362854,2.85917245759548,0,0,10.2593017578125,659.634355281014,"Cropland_Intense use","Cropland","Intense use","AD1_2006__Marshall 2","AD1_2006__Marshall 2 R","51.319079203,-1.76892491484","sweep nets","AD1_2006__Marshall 2 R 34",0.693147180559945,1,1,1,"United Kingdom","2003","individuals"
0.0323358044745766,0,0,0,96.9855210064087,0.628265988483939,75.9877471923828,2.13752746582031,2.90445135106248,3.21828076476223,0,10.9041585286458,662.024642224424,"Cropland_Intense use","Cropland","Intense use","AD1_2006__Marshall 2","AD1_2006__Marshall 2 U","50.8858871698,-2.0170076887","sweep nets","AD1_2006__Marshall 2 U 35",0.693147180559945,1,1,1,"United Kingdom","2003","individuals"
0,0,0,0,90.3035241393359,0.809977993625091,36.9274409271963,2.15924162235961,3.19740460734423,0,0,10.2196498581784,637.929786650211,"Cropland_Intense use","Cropland","Intense use","AD1_2006__Marshall 2","AD1_2006__Marshall 2 N","51.5078838081,-1.75932702538","sweep nets","AD1_2006__Marshall 2 N 36",0,0,0,1,"United Kingdom","2003","individuals"
0,0,0,0,97.6769431176726,0.712805440608177,77.5702670390567,1.91504905077026,2.98406168332146,0,0,10.289868361627,628.31015238285,"Cropland_Intense use","Cropland","Intense use","AD1_2006__Marshall 2","AD1_2006__Marshall 2 P","51.3465065985,-1.60223407848","sweep nets","AD1_2006__Marshall 2 P 37",0,0,0,1,"United Kingdom","2003","individuals"
0,0,0,3.11639055885175,96.3236994219653,0.709419802068599,87.8677052588121,1.82295179883778,3.53450572170185,0,0,10.3371012369792,629.508699174039,"Cropland_Intense use","Cropland","Intense use","AD1_2006__Marshall 2","AD1_2006__Marshall 2 Q","51.3114445607,-1.60397181836","sweep nets","AD1_2006__Marshall 2 Q 38",0,0,0,1,"United Kingdom","2003","individuals"
0,0,0,0,96.6929534469601,1.08846741475041,68.2859039306641,1.96991813182831,3.1365913096971,0,0,10.8110595703125,664.560901816003,"Cropland_Intense use","Cropland","Intense use","AD1_2006__Marshall 2","AD1_2006__Marshall 2 S","50.9190929456,-2.12513792158","sweep nets","AD1_2006__Marshall 2 S 39",0,0,0,1,"United Kingdom","2003","individuals"
0,0,0,0,97.5103734439834,1.14626728137434,68.2859039306641,1.96991813182831,3.10873847002808,0,0,10.8110595703125,664.560901816003,"Cropland_Intense use","Cropland","Intense use","AD1_2006__Marshall 2","AD1_2006__Marshall 2 T","50.918192175,-2.126558078","sweep nets","AD1_2006__Marshall 2 T 40",0,0,0,1,"United Kingdom","2003","individuals"
0,0,0,0,96.0357470210816,0.942891051184827,85.7128519736415,1.93722666629761,2.65100331832645,0,0,10.1730387369792,624.94187412085,"Cropland_Intense use","Cropland","Intense use","AD1_2006__Marshall 2","AD1_2006__Marshall 2 V","51.7795150031,-1.81151776735","sweep nets","AD1_2006__Marshall 2 V 41",0,0,0,1,"United Kingdom","2003","individuals"
0,0,0,0,96.5091924598557,0.996748125060211,85.7147496804592,1.9372032405364,2.47686785980038,0,0,10.1730387369792,624.94187412085,"Cropland_Intense use","Cropland","Intense use","AD1_2006__Marshall 2","AD1_2006__Marshall 2 W","51.7813131997,-1.81151028522","sweep nets","AD1_2006__Marshall 2 W 42",0,0,0,1,"United Kingdom","2003","individuals"
0.273400429788062,0,2.60688583394344,0.471669043531064,96.6480446927374,0.0871839819842583,56.0436146845091,1.48381197373678,1.82641393287732,0,0,8.96237121496247,725.715459670566,"Semi-natural vegetation_Light use","Semi-natural vegetation","Light use","AD1_2007__Meyer 1","AD1_2007__Meyer 1 ","51.4624682373,9.74953095818","flower visitation observation","AD1_2007__Meyer 1  1",3.73766961828337,41,41,1,"Germany","2005","individuals"
0.64461510717695,0,3.81722442315573,0,95.5381604696673,0.636844603537894,66.7655935260482,1.36880336885301,3.91191051101104,0,0,8.90468833726379,729.285987010568,"Semi-natural vegetation_Light use","Semi-natural vegetation","Light use","AD1_2007__Meyer 1","AD1_2007__Meyer 1 ","51.5959276934,9.84202527866","flower visitation observation","AD1_2007__Meyer 1  2",3.66356164612965,38,38,1,"Germany","2005","individuals"
0.120143194638746,0,1.89740066501038,0,97.9824561403509,0.768201011171556,24.3922512446981,1.75974750473305,2.95543848640981,0,0,8.88390248616537,718.552778591402,"Semi-natural vegetation_Light use","Semi-natural vegetation","Light use","AD1_2007__Meyer 1","AD1_2007__Meyer 1 ","51.5059059371,10.0150158383","flower visitation observation","AD1_2007__Meyer 1  3",3.71357206670431,40,40,1,"Germany","2005","individuals"
0,0,1.3720339442273,0.0188884569439961,98.6090775988287,0.390487376011956,74.2824912496126,1.27011403136118,2.50202466419384,0,0,8.89858721666311,727.193349323055,"Semi-natural vegetation_Light use","Semi-natural vegetation","Light use","AD1_2007__Meyer 1","AD1_2007__Meyer 1 ","51.447859049,9.84132503786","flower visitation observation","AD1_2007__Meyer 1  4",2.70805020110221,14,14,1,"Germany","2005","individuals"
1.15604022637879,0,0.836045668566003,1.43994640653568,96.5679676985195,0.406027945011862,55.3938663532066,1.61159251728363,2.32723485936173,0,0,8.91303660074874,723.542141844518,"Semi-natural vegetation_Light use","Semi-natural vegetation","Light use","AD1_2007__Meyer 1","AD1_2007__Meyer 1 ","51.5058386164,9.77416625393","flower visitation observation","AD1_2007__Meyer 1  5",3.73766961828337,41,41,1,"Germany","2005","individuals"
4.9650643738943,0,9.48906192524427,1.62126172746898,83.9246119733925,1.02019782836781,63.8991382933489,1.5101795649607,2.92677099506438,0,0,8.88927357991537,729.9659504788,"Semi-natural vegetation_Light use","Semi-natural vegetation","Light use","AD1_2007__Meyer 1","AD1_2007__Meyer 1 ","51.5966235194,9.78846768472","flower visitation observation","AD1_2007__Meyer 1  6",3.3322045101752,27,27,1,"Germany","2005","individuals"
0.833448642486489,0.0519560544257357,2.57990079118214,0.0503195119056325,96.484375,0.659087062726072,43.3404981453907,1.64069162554873,3.08515967697061,0,0,8.89903920491537,730.080752517097,"Semi-natural vegetation_Light use","Semi-natural vegetation","Light use","AD1_2007__Meyer 1","AD1_2007__Meyer 1 ","51.3955374699,9.77891083372","flower visitation observation","AD1_2007__Meyer 1  7",3.8286413964891,45,45,1,"Germany","2005","individuals"
1.83677873460493,0,7.09817480363666,0,91.0650464617584,0.263289103296002,55.7538484419109,1.36161739202589,2.63625254878606,0,0,8.90245655156287,731.893810651863,"Semi-natural vegetation_Light use","Semi-natural vegetation","Light use","AD1_2007__Meyer 1","AD1_2007__Meyer 1 ","51.6432930766,9.83984037566","flower visitation observation","AD1_2007__Meyer 1  8",4.12713438504509,61,61,1,"Germany","2005","individuals"
0.683322919412618,0,5.88075599490123,0.0933891781318179,93.3425319075543,0.674293277701609,72.3526653960779,1.50977773381688,3.66865934252258,0,0,8.88390248616537,718.552778591402,"Semi-natural vegetation_Light use","Semi-natural vegetation","Light use","AD1_2007__Meyer 1","AD1_2007__Meyer 1 ","51.4752562079,9.99499006328","flower visitation observation","AD1_2007__Meyer 1  9",2.70805020110221,14,14,1,"Germany","2005","individuals"
0,0.284728405674201,3.57014687777252,0,96.1451247165533,0.871448548342164,69.2800895414782,1.40929502219887,3.06274305485091,0,0,8.91844818779325,728.679023470573,"Semi-natural vegetation_Light use","Semi-natural vegetation","Light use","AD1_2007__Meyer 1","AD1_2007__Meyer 1 ","51.5768368259,9.84575457635","flower visitation observation","AD1_2007__Meyer 1  10",2.89037175789616,17,17,1,"Germany","2005","individuals"
0.00596589417702029,0,0.540183750825722,0,99.4538503549973,0.315688576853711,37.3946460918659,1.49310761693172,2.02495272611935,0,0,8.89912257345365,730.329049625608,"Semi-natural vegetation_Light use","Semi-natural vegetation","Light use","AD1_2007__Meyer 1","AD1_2007__Meyer 1 ","51.4058192887,9.7612937102","flower visitation observation","AD1_2007__Meyer 1  11",3.63758615972639,37,37,1,"Germany","2005","individuals"
0,0,3.43551146902969,0.594063392338142,95.9704251386322,0.369823561550434,91.6076126098633,1.43332588672638,2.4260563039717,0,0,8.85834910074874,725.757586886175,"Semi-natural vegetation_Light use","Semi-natural vegetation","Light use","AD1_2007__Meyer 1","AD1_2007__Meyer 1 ","51.4142792417,9.87069266808","flower visitation observation","AD1_2007__Meyer 1  12",2.77258872223978,15,15,1,"Germany","2005","individuals"
0,0,0.679299249195566,0,99.3207007508044,1.11066875819484,89.6166036127688,1.52259177821975,3.38163592810043,0,0,8.85571415620788,725.56980949497,"Semi-natural vegetation_Light use","Semi-natural vegetation","Light use","AD1_2007__Meyer 1","AD1_2007__Meyer 1 ","51.4226586084,9.93794903352","flower visitation observation","AD1_2007__Meyer 1  13",2.19722457733622,8,8,1,"Germany","2005","individuals"
0,0,2.11315610088616,0,97.8868438991138,1.77496874269229,35.6361198425293,1.47387945652008,2.22838499155926,0,0,8.89903920491537,730.080752517097,"Semi-natural vegetation_Light use","Semi-natural vegetation","Light use","AD1_2007__Meyer 1","AD1_2007__Meyer 1 ","51.4315095038,9.76935652725","flower visitation observation","AD1_2007__Meyer 1  14",3.49650756146648,32,32,1,"Germany","2005","individuals"
1.47667261173013,0,10.5749130917622,0.178853903207725,86.8167202572347,1.1210282802682,67.9797134399414,1.51682412624359,2.84569570522882,0,0,8.88927357991537,729.9659504788,"Semi-natural vegetation_Light use","Semi-natural vegetation","Light use","AD1_2007__Meyer 1","AD1_2007__Meyer 1 ","51.5865317555,9.7760430662","flower visitation observation","AD1_2007__Meyer 1  15",1.94591014905531,6,6,1,"Germany","2005","individuals"
0.45228937853022,0.139988346804719,0,3.34566976869847,96.0620525059666,0.330351778838327,12.8599462509155,2.74410462379456,2.52680827637429,100,0,10.4952611287435,951.423460501246,"Cropland_Intense use","Cropland","Intense use","AD1_2008__Billeter 1","AD1_2008__Billeter 1 BLTS1","51.1761189509,5.61466316817","flight trap","AD1_2008__Billeter 1 BLTS1 1",2.484906649788,11,11,1,"Belgium","2001","individuals"
0.479781104789608,0.289184046039094,0.170464337637744,3.13020118666881,95.9303693248647,0.748924606513342,12.8599462509155,2.74410462379456,2.49953026123542,100,0,10.4952611287435,951.423460501246,"Cropland_Intense use","Cropland","Intense use","AD1_2008__Billeter 1","AD1_2008__Billeter 1 BLTS1","51.1676031752,5.62208203273","flight trap","AD1_2008__Billeter 1 BLTS1 2",3.55534806148941,34,34,1,"Belgium","2001","individuals"
1.2798252259586,0.0765071832369817,0,1.4282303655968,97.2154372252076,0.90579801618523,14.278938682514,2.74622927293074,2.46490814986967,100,0,10.4795529693572,952.776138325122,"Cropland_Intense use","Cropland","Intense use","AD1_2008__Billeter 1","AD1_2008__Billeter 1 BLTS1","51.1529200494,5.62972160334","flight trap","AD1_2008__Billeter 1 BLTS1 3",1.6094379124341,4,4,1,"Belgium","2001","individuals"
0.271509129373957,0.250002904430205,0.489594682161605,2.33294473097958,96.6559485530547,0.80974253671481,12.8599462509155,2.74410462379456,2.17208913345113,99.897921415072,0,10.4952611287435,951.423460501246,"Cropland_Intense use","Cropland","Intense use","AD1_2008__Billeter 1","AD1_2008__Billeter 1 BLTS1","51.1653126899,5.63140887576","flight trap","AD1_2008__Billeter 1 BLTS1 4",2.39789527279837,10,10,1,"Belgium","2001","individuals"
0.422748024495946,0.220714348131461,0,2.78227573870908,96.5742618886635,1.20812856658106,13.7773164222168,2.74547819683033,2.30187873642756,100,0,10.4851080428728,952.297773892363,"Cropland_Intense use","Cropland","Intense use","AD1_2008__Billeter 1","AD1_2008__Billeter 1 BLTS1","51.1545469728,5.6350696869","flight trap","AD1_2008__Billeter 1 BLTS1 5",2.30258509299405,9,9,1,"Belgium","2001","individuals"
0,0.407389420101105,1.6921144405482,1.83582255789858,96.0646735814521,0.54045577586342,12.9118422150199,2.73929011050807,1.88873560743627,74.7766806071649,0,10.5005189313202,950.088250538431,"Cropland_Intense use","Cropland","Intense use","AD1_2008__Billeter 1","AD1_2008__Billeter 1 BLTS1","51.1713076573,5.63958221873","flight trap","AD1_2008__Billeter 1 BLTS1 6",0,0,0,1,"Belgium","2001","individuals"
1.19917758234667,3.08240673712884,2.75819453306242,1.67978124172758,91.2804399057345,0.318416195374897,12.9182774293896,2.73869310020818,2.00289367083749,37.6739502997347,0,10.5011677466854,949.923484987235,"Cropland_Intense use","Cropland","Intense use","AD1_2008__Billeter 1","AD1_2008__Billeter 1 BLTS1","51.179234593,5.63990225372","flight trap","AD1_2008__Billeter 1 BLTS1 7",1.79175946922805,5,5,1,"Belgium","2001","individuals"
0,0.695522609126437,1.03746898985434,4.22455784626766,94.0424505547516,0.600914382868788,13.0397407288864,2.72742465805999,1.91707484236792,97.5727956056798,0,10.5134552909158,946.803084166654,"Cropland_Intense use","Cropland","Intense use","AD1_2008__Billeter 1","AD1_2008__Billeter 1 BLTS1","51.1640061107,5.64494861495","flight trap","AD1_2008__Billeter 1 BLTS1 8",1.94591014905531,6,6,1,"Belgium","2001","individuals"
0,0.384548238235036,0,3.79343379644222,95.8220179653227,0.953270883667459,13.3325425634444,2.72626316139981,2.10781201753531,100,0,10.5129628898247,946.434970839446,"Cropland_Intense use","Cropland","Intense use","AD1_2008__Billeter 1","AD1_2008__Billeter 1 BLTS1","51.1571295825,5.64577462684","flight trap","AD1_2008__Billeter 1 BLTS1 9",0,0,0,1,"Belgium","2001","individuals"
1.36399558273614,2.90997355689654,3.85060397077595,4.24840955546106,87.6270173341303,0.161207444195445,13.2384395153995,2.70899089419824,1.57331560275797,34.3272386761471,0,10.5335502402657,941.700006182517,"Cropland_Intense use","Cropland","Intense use","AD1_2008__Billeter 1","AD1_2008__Billeter 1 BLTS1","51.1729394568,5.65198187147","flight trap","AD1_2008__Billeter 1 BLTS1 10",3.3322045101752,27,27,1,"Belgium","2001","individuals"
0.00963484345410571,0.447569740695592,0,4.68456435364125,94.8582310622091,0.693502122506301,15.0317537659498,2.7215054202385,2.085457061995,100,0,10.5204178914078,941.912522834439,"Cropland_Intense use","Cropland","Intense use","AD1_2008__Billeter 1","AD1_2008__Billeter 1 BLTS1","51.1526088534,5.65251483072","flight trap","AD1_2008__Billeter 1 BLTS1 11",0.693147180559945,1,1,1,"Belgium","2001","individuals"
0,3.88801178177868,2.06607012914035,8.36409990726277,85.6818181818182,0.228358904723329,13.3957813788088,2.69439391146587,1.587004205994,63.8768795019454,0,10.549463934988,937.658750652633,"Cropland_Intense use","Cropland","Intense use","AD1_2008__Billeter 1","AD1_2008__Billeter 1 BLTS1","51.1668742876,5.65787482061","flight trap","AD1_2008__Billeter 1 BLTS1 12",0,0,0,1,"Belgium","2001","individuals"
0,5.65429395095884,4.16545723369717,7.83523533825505,82.3450134770889,0.152629940543541,13.4882283175868,2.68581738682256,1.61144312307341,45.1376625908875,0,10.5588157336186,935.283877401006,"Cropland_Intense use","Cropland","Intense use","AD1_2008__Billeter 1","AD1_2008__Billeter 1 BLTS1","51.1681471463,5.66259148846","flight trap","AD1_2008__Billeter 1 BLTS1 13",1.6094379124341,4,4,1,"Belgium","2001","individuals"
0.522374736800396,3.41057076179606,8.860947878819,1.80845342832117,85.3976531942634,0.0302091709486998,13.5035209655762,2.68439865112305,1.98768900839135,0.96290681143678,0,10.5603652954102,934.890368836932,"Cropland_Intense use","Cropland","Intense use","AD1_2008__Billeter 1","AD1_2008__Billeter 1 BLTS1","51.1759703851,5.6663982548","flight trap","AD1_2008__Billeter 1 BLTS1 14",1.09861228866811,2,2,1,"Belgium","2001","individuals"
0,2.8095019447987,0,5.40831983737952,91.7821782178218,0.222426309244967,14.9144718245579,2.69966691138074,1.99459936539508,99.2001211255653,0,10.5506163166836,934.956703243901,"Cropland_Intense use","Cropland","Intense use","AD1_2008__Billeter 1","AD1_2008__Billeter 1 BLTS1","51.1539082087,5.67121887908","flight trap","AD1_2008__Billeter 1 BLTS1 15",0.693147180559945,1,1,1,"Belgium","2001","individuals"
0,3.86998618337348,1.40504673278677,7.66648416548423,87.0584829183555,0.160099333635775,13.6831231346909,2.68634217214891,2.00209979863583,94.3769741616424,0,10.5591270985618,934.898793827483,"Cropland_Intense use","Cropland","Intense use","AD1_2008__Billeter 1","AD1_2008__Billeter 1 BLTS1","51.1577495209,5.67577255176","flight trap","AD1_2008__Billeter 1 BLTS1 16",2.83321334405622,16,16,1,"Belgium","2001","individuals"
0.750312630262613,0,0,0,99.2496873697374,1.22383964336522,81.4629821777344,2.16750240325928,4.56558260196756,0,0,10.2870905558269,1026.27960022073,"Cropland_Intense use","Cropland","Intense use","AD1_2008__Billeter 1","AD1_2008__Billeter 1 BLTS2","50.7691268292,4.78508459441","flight trap","AD1_2008__Billeter 1 BLTS2 17",3.43398720448515,30,30,1,"Belgium","2001","individuals"
1.29573170731707,0,0,0,98.7042682926829,2.57738074564725,82.1952651111224,2.1700373988985,4.49504393555657,0,0,10.2870905558269,1026.27960022073,"Cropland_Intense use","Cropland","Intense use","AD1_2008__Billeter 1","AD1_2008__Billeter 1 BLTS2","50.788441507,4.78768063762","flight trap","AD1_2008__Billeter 1 BLTS2 18",1.6094379124341,4,4,1,"Belgium","2001","individuals"
0.574712643678169,0,0,0,99.4252873563218,1.1804481005732,69.2120095185121,2.23602059108559,3.65961612713527,0,0,10.2870905558269,1026.27960022073,"Cropland_Intense use","Cropland","Intense use","AD1_2008__Billeter 1","AD1_2008__Billeter 1 BLTS2","50.8007836749,4.78821145773","flight trap","AD1_2008__Billeter 1 BLTS2 19",3.43398720448515,30,30,1,"Belgium","2001","individuals"
1.10753121224324,0,0,0,98.8924687877568,2.31089676835251,87.989501858608,2.19009571818606,5.29860352616746,0,0,10.2870905558269,1026.27960022073,"Cropland_Intense use","Cropland","Intense use","AD1_2008__Billeter 1","AD1_2008__Billeter 1 BLTS2","50.7787561803,4.79415014915","flight trap","AD1_2008__Billeter 1 BLTS2 20",1.94591014905531,6,6,1,"Belgium","2001","individuals"
0.725052470902498,0,0,0,99.2749475290975,2.58827418956794,91.8815767973311,2.20356918936336,4.80737371769733,0,0,10.2870905558269,1026.27960022073,"Cropland_Intense use","Cropland","Intense use","AD1_2008__Billeter 1","AD1_2008__Billeter 1 BLTS2","50.7826650227,4.79755031961","flight trap","AD1_2008__Billeter 1 BLTS2 21",1.94591014905531,6,6,1,"Belgium","2001","individuals"
0.371954621536179,0,0,0,99.6280453784638,2.06960495956496,96.8234225664282,2.25110276701537,3.79137673632819,0,0,10.2870905558269,1026.27960022073,"Cropland_Intense use","Cropland","Intense use","AD1_2008__Billeter 1","AD1_2008__Billeter 1 BLTS2","50.7939318314,4.80541315781","flight trap","AD1_2008__Billeter 1 BLTS2 22",2.77258872223978,15,15,1,"Belgium","2001","individuals"
0.284748175831994,0,0,0,99.715251824168,3.33024545862292,104.491267174197,2.24722104666926,5.04293249116225,4.4218876571752,0,10.2870905558269,1026.27960022073,"Cropland_Intense use","Cropland","Intense use","AD1_2008__Billeter 1","AD1_2008__Billeter 1 BLTS2","50.774342162,4.80863065169","flight trap","AD1_2008__Billeter 1 BLTS2 23",1.6094379124341,4,4,1,"Belgium","2001","individuals"
0.503687713617566,0,0,0,99.4963122863824,1.88909054937895,99.5669828004782,2.2801454899317,4.00027297030811,0,0,10.2870905558269,1026.27960022073,"Cropland_Intense use","Cropland","Intense use","AD1_2008__Billeter 1","AD1_2008__Billeter 1 BLTS2","50.794970445,4.81137500307","flight trap","AD1_2008__Billeter 1 BLTS2 24",3.09104245335832,21,21,1,"Belgium","2001","individuals"
0.360036003600356,0,0,0,99.6399639963996,1.76502350209454,92.6255924939285,2.31293122243935,4.15685400567962,0,0,10.2870905558269,1026.27960022073,"Cropland_Intense use","Cropland","Intense use","AD1_2008__Billeter 1","AD1_2008__Billeter 1 BLTS2","50.7978348444,4.81379697013","flight trap","AD1_2008__Billeter 1 BLTS2 25",3.17805383034795,23,23,1,"Belgium","2001","individuals"
1.20240480961924,0,0,0,98.7975951903808,2.39519740159427,108.15550994873,2.25990581512451,4.45776590110982,4.90412704048451,0,10.2870905558269,1026.27960022073,"Cropland_Intense use","Cropland","Intense use","AD1_2008__Billeter 1","AD1_2008__Billeter 1 BLTS2","50.7730583904,4.81626207782","flight trap","AD1_2008__Billeter 1 BLTS2 26",1.38629436111989,3,3,1,"Belgium","2001","individuals"
2.02569169960475,0,0,0,97.9743083003953,0.862038642935573,108.15550994873,2.25990581512451,3.60373158019927,0,0,10.2870905558269,1026.27960022073,"Cropland_Intense use","Cropland","Intense use","AD1_2008__Billeter 1","AD1_2008__Billeter 1 BLTS2","50.7799450534,4.82522603654","flight trap","AD1_2008__Billeter 1 BLTS2 27",2.83321334405622,16,16,1,"Belgium","2001","individuals"
2.00650759219088,0,0,0,97.9934924078091,0.7921311378869,108.15550994873,2.25990581512451,3.73752414601664,0,0,10.2870905558269,1026.27960022073,"Cropland_Intense use","Cropland","Intense use","AD1_2008__Billeter 1","AD1_2008__Billeter 1 BLTS2","50.7811341328,4.82981802416","flight trap","AD1_2008__Billeter 1 BLTS2 28",3.17805383034795,23,23,1,"Belgium","2001","individuals"
0.851236319416287,0,0,0,99.1487636805837,1.05819708608083,88.4389555378162,2.32779041068828,3.57715947474423,0,0,10.2870905558269,1026.27960022073,"Cropland_Intense use","Cropland","Intense use","AD1_2008__Billeter 1","AD1_2008__Billeter 1 BLTS2","50.7992030104,4.83260059213","flight trap","AD1_2008__Billeter 1 BLTS2 29",1.38629436111989,3,3,1,"Belgium","2001","individuals"
1.95704057279237,0,0,0,98.0429594272076,1.72043484190225,107.886509846078,2.25830536798661,4.27302120169059,0,0,10.2874661899416,1026.29226174485,"Cropland_Intense use","Cropland","Intense use","AD1_2008__Billeter 1","AD1_2008__Billeter 1 BLTS2","50.7745146978,4.83690648126","flight trap","AD1_2008__Billeter 1 BLTS2 30",1.38629436111989,3,3,1,"Belgium","2001","individuals"
0.809061488673138,0,0,0,99.1909385113269,1.09839393530738,101.516705522472,2.2735432678563,3.75350852324074,0,0,10.2884573128459,1026.32566959058,"Cropland_Intense use","Cropland","Intense use","AD1_2008__Billeter 1","AD1_2008__Billeter 1 BLTS2","50.7943464487,4.83837458976","flight trap","AD1_2008__Billeter 1 BLTS2 31",1.94591014905531,6,6,1,"Belgium","2001","individuals"
0,10.3080075107767,0,4.9172177144485,84.7747747747748,1.53595560136718,36.3923764260071,2.79862338810704,2.94466321530735,0,0,10.5753798319301,1025.02372001218,"Cropland_Light use","Cropland","Light use","AD1_2008__Billeter 1","AD1_2008__Billeter 1 BLTS3","51.2422162281,3.65280374981","flight trap","AD1_2008__Billeter 1 BLTS3 32",2.39789527279837,10,10,1,"Belgium","2001","individuals"
2.28192797346695,11.6915907633359,0,1.37665715062925,84.649824112568,1.26842993408825,37.1290585758395,2.89111055817688,2.36030779428589,0,0,10.5704235790853,1025.59784033669,"Cropland_Light use","Cropland","Light use","AD1_2008__Billeter 1","AD1_2008__Billeter 1 BLTS3","51.2287271446,3.65875500669","flight trap","AD1_2008__Billeter 1 BLTS3 33",0,0,0,1,"Belgium","2001","individuals"
1.52318147050605,6.2515069550534,0,3.53621644683034,88.6890951276102,1.33191351676605,53.092816510245,2.53828826212784,3.85742835448343,0,0,10.6028520695266,1023.35091203304,"Cropland_Light use","Cropland","Light use","AD1_2008__Billeter 1","AD1_2008__Billeter 1 BLTS3","51.2495872017,3.66139541511","flight trap","AD1_2008__Billeter 1 BLTS3 34",1.38629436111989,3,3,1,"Belgium","2001","individuals"
2.91833837007433,13.3241760938636,0,7.77053610702457,75.9869494290375,1.51326762240383,38.0005887241471,2.93032339156938,2.57692218336392,0,0,10.5688842529645,1025.81138476365,"Cropland_Light use","Cropland","Light use","AD1_2008__Billeter 1","AD1_2008__Billeter 1 BLTS3","51.2221446485,3.66372585201","flight trap","AD1_2008__Billeter 1 BLTS3 35",0.693147180559945,1,1,1,"Belgium","2001","individuals"
3.38183144082462,12.2749692976378,0,6.76358142714268,77.5796178343949,1.35360374520267,38.0311050415039,2.93169641494751,2.58808994517722,0,0,10.5688288370769,1025.81907238346,"Cropland_Light use","Cropland","Light use","AD1_2008__Billeter 1","AD1_2008__Billeter 1 BLTS3","51.2222220996,3.66783521395","flight trap","AD1_2008__Billeter 1 BLTS3 36",1.79175946922805,5,5,1,"Belgium","2001","individuals"
0.695886366123724,7.21477487008245,0,5.06390566390439,87.0254330998894,0.943549599904175,40.862190632793,2.86219250643064,3.45268215843913,0,0,10.5746872991142,1025.4287232106,"Cropland_Light use","Cropland","Light use","AD1_2008__Billeter 1","AD1_2008__Billeter 1 BLTS3","51.2435298218,3.668472734","flight trap","AD1_2008__Billeter 1 BLTS3 37",1.09861228866811,2,2,1,"Belgium","2001","individuals"
0.492266394553204,7.56920451985783,0,5.03063434874685,86.9078947368421,0.991182643993021,49.7899673954217,2.64301319893174,3.81141645774982,0,0,10.5932005928759,1024.19518292981,"Cropland_Light use","Cropland","Light use","AD1_2008__Billeter 1","AD1_2008__Billeter 1 BLTS3","51.2478829382,3.66913978836","flight trap","AD1_2008__Billeter 1 BLTS3 38",1.09861228866811,2,2,1,"Belgium","2001","individuals"
4.8046346815558,6.13293279004653,0,6.28286839835122,82.7795641300465,0.542578718407318,39.3013351277622,2.45449900774766,2.89351330408541,0,0,10.6226270445476,1018.61520831655,"Cropland_Light use","Cropland","Light use","AD1_2008__Billeter 1","AD1_2008__Billeter 1 BLTS3","51.2488695504,3.6222492756","flight trap","AD1_2008__Billeter 1 BLTS3 39",0.693147180559945,1,1,1,"Belgium","2001","individuals"
10.1305545934157,6.30257733802255,0,7.26148832172632,76.3053797468354,0.699198845189429,31.3923797607422,2.63299965858459,2.02994615785328,0,0,10.5805475870769,1024.19337804895,"Cropland_Light use","Cropland","Light use","AD1_2008__Billeter 1","AD1_2008__Billeter 1 BLTS3","51.2252861463,3.62808888707","flight trap","AD1_2008__Billeter 1 BLTS3 40",0,0,0,1,"Belgium","2001","individuals"
3.15869330557721,9.80927941012888,0,8.24762361456915,78.7844036697248,0.78665029284377,31.3923797607422,2.63299965858459,2.15857766812981,0,0,10.5805475870769,1024.19337804895,"Cropland_Light use","Cropland","Light use","AD1_2008__Billeter 1","AD1_2008__Billeter 1 BLTS3","51.2298000844,3.63181869683","flight trap","AD1_2008__Billeter 1 BLTS3 41",2.07944154167984,7,7,1,"Belgium","2001","individuals"
0,8.72631865745011,0,11.2261754043076,80.0475059382423,0.967175703401464,31.4130492393662,2.63253316013877,2.5205083616736,0,0,10.5806483305249,1024.18002321772,"Cropland_Light use","Cropland","Light use","AD1_2008__Billeter 1","AD1_2008__Billeter 1 BLTS3","51.2411621162,3.63369531401","flight trap","AD1_2008__Billeter 1 BLTS3 42",2.30258509299405,9,9,1,"Belgium","2001","individuals"
0.943680962598731,8.24817260849764,0,9.701969602097,81.1061768268066,0.800919726453817,31.8502209729713,2.65359934892253,2.03171165583504,0,0,10.5797371570478,1024.30580569753,"Cropland_Light use","Cropland","Light use","AD1_2008__Billeter 1","AD1_2008__Billeter 1 BLTS3","51.2274412272,3.63917693262","flight trap","AD1_2008__Billeter 1 BLTS3 43",1.09861228866811,2,2,1,"Belgium","2001","individuals"
0,8.47327269091789,0,7.79551599166389,83.7312113174182,1.02806258725405,32.274411416241,2.67268498722298,2.44247263194409,0,0,10.5789880510639,1024.40972611173,"Cropland_Light use","Cropland","Light use","AD1_2008__Billeter 1","AD1_2008__Billeter 1 BLTS3","51.2376546052,3.64115764663","flight trap","AD1_2008__Billeter 1 BLTS3 44",2.07944154167984,7,7,1,"Belgium","2001","individuals"
1.00062690627166,7.76080775673668,0,11.9740895936427,79.264475743349,0.829670292957155,32.3364289435277,2.67547534733831,1.92380689199625,0,0,10.57887876627,1024.42488674493,"Cropland_Light use","Cropland","Light use","AD1_2008__Billeter 1","AD1_2008__Billeter 1 BLTS3","51.2241489424,3.64142453515","flight trap","AD1_2008__Billeter 1 BLTS3 45",1.09861228866811,2,2,1,"Belgium","2001","individuals"
3.25343703328394,4.52582066761764,0,4.81090623352465,87.4098360655738,1.57650816608545,49.3157614017916,2.3979806957319,3.55076447192281,0,0,10.6287114241971,1019.00270060623,"Cropland_Light use","Cropland","Light use","AD1_2008__Billeter 1","AD1_2008__Billeter 1 BLTS3","51.2515224952,3.64809701027","flight trap","AD1_2008__Billeter 1 BLTS3 46",1.09861228866811,2,2,1,"Belgium","2001","individuals"
2.13068879399261,0,0.764339320647911,2.96161524200284,94.1433566433566,0.0570457586261851,13.4770117983882,2.36573288359443,2.81130150965222,100,0,9.69806060791018,1118.24226600584,"Cropland_Light use","Cropland","Light use","AD1_2008__Billeter 1","AD1_2008__Billeter 1 BLTS4","50.6957827917,5.78487930483","flight trap","AD1_2008__Billeter 1 BLTS4 47",0,0,0,1,"Belgium","2001","individuals"
1.92502204526712,0,0.112371492753279,4.01688621145767,93.9457202505219,0.0973925743929179,8.99732398986816,2.28755974769592,2.9062849557034,100,0,9.69806060791018,1118.24226600584,"Cropland_Light use","Cropland","Light use","AD1_2008__Billeter 1","AD1_2008__Billeter 1 BLTS4","50.6886356654,5.78501401388","flight trap","AD1_2008__Billeter 1 BLTS4 48",0,0,0,1,"Belgium","2001","individuals"
7.41079855074648,0,0,6.34342918318813,86.2457722660654,0.178235043777401,8.99165180058458,2.30448976557133,2.02324417580364,100,0,9.69806060791018,1118.24226600584,"Cropland_Light use","Cropland","Light use","AD1_2008__Billeter 1","AD1_2008__Billeter 1 BLTS4","50.6767973029,5.79019459312","flight trap","AD1_2008__Billeter 1 BLTS4 49",0.693147180559945,1,1,1,"Belgium","2001","individuals"
2.80301624176765,0.0616554038063868,4.31356348152171,2.82176487290426,90,0.156523595086699,22.7356824053588,2.59654556001634,2.38594337522922,100,0,9.69806060791018,1118.24226600584,"Cropland_Light use","Cropland","Light use","AD1_2008__Billeter 1","AD1_2008__Billeter 1 BLTS4","50.7039530588,5.7934459941","flight trap","AD1_2008__Billeter 1 BLTS4 50",2.83321334405622,16,16,1,"Belgium","2001","individuals"
6.93563478292819,0,0,4.22798010189166,88.8363851151801,0.0573658837229172,8.96875978624763,2.37281650724962,2.37779320565911,100,0,9.69806060791018,1118.24226600584,"Cropland_Light use","Cropland","Light use","AD1_2008__Billeter 1","AD1_2008__Billeter 1 BLTS4","50.6817591173,5.79969724554","flight trap","AD1_2008__Billeter 1 BLTS4 51",1.38629436111989,3,3,1,"Belgium","2001","individuals"
4.48181333404046,0.0585204919576273,0,4.19275350487523,91.2669126691267,0.00961864443962329,8.96273879109368,2.39078762042799,2.48556226027552,100,0,9.69806060791018,1118.24226600584,"Cropland_Light use","Cropland","Light use","AD1_2008__Billeter 1","AD1_2008__Billeter 1 BLTS4","50.6898895189,5.801977679","flight trap","AD1_2008__Billeter 1 BLTS4 52",1.38629436111989,3,3,1,"Belgium","2001","individuals"
6.07176162373314,0.120170823474043,2.64644537414361,3.54357391002382,87.6180482686254,0.0906256004092456,16.4431760613527,2.59823737550552,2.72454906053974,100,0,9.69806060791018,1118.24226600584,"Cropland_Light use","Cropland","Light use","AD1_2008__Billeter 1","AD1_2008__Billeter 1 BLTS4","50.7016414223,5.80308613022","flight trap","AD1_2008__Billeter 1 BLTS4 53",0,0,0,1,"Belgium","2001","individuals"
4.45447050446395,0,1.73203234298089,3.46627493033294,90.3472222222222,0.335578402835566,18.5810471525335,2.73956923513027,2.34284468891218,100,0,9.69806060791018,1118.24226600584,"Cropland_Light use","Cropland","Light use","AD1_2008__Billeter 1","AD1_2008__Billeter 1 BLTS4","50.7095326659,5.80721436953","flight trap","AD1_2008__Billeter 1 BLTS4 54",0,0,0,1,"Belgium","2001","individuals"
11.5016267266122,0,0,0.502153991724254,87.9962192816635,0,8.93858909606934,2.46286821365356,2.91293559573648,100,0,9.69806060791018,1118.24226600584,"Cropland_Light use","Cropland","Light use","AD1_2008__Billeter 1","AD1_2008__Billeter 1 BLTS4","50.6812983819,5.81612136796","flight trap","AD1_2008__Billeter 1 BLTS4 55",1.09861228866811,2,2,1,"Belgium","2001","individuals"
7.187913105112,0.159427960980171,0,6.00160506973921,86.6510538641686,0.110103445157147,10.5678397652297,2.53235871844999,2.10993736272063,100,0,9.69806060791018,1118.24226600584,"Cropland_Light use","Cropland","Light use","AD1_2008__Billeter 1","AD1_2008__Billeter 1 BLTS4","50.696132422,5.81709320301","flight trap","AD1_2008__Billeter 1 BLTS4 56",0.693147180559945,1,1,1,"Belgium","2001","individuals"
9.67768324128404,0.109559743577865,0,3.12755522141612,87.085201793722,0.0156858086116706,8.93858909606934,2.46286821365356,2.38682795298812,100,0,9.69806060791018,1118.24226600584,"Cropland_Light use","Cropland","Light use","AD1_2008__Billeter 1","AD1_2008__Billeter 1 BLTS4","50.6877555476,5.81788388402","flight trap","AD1_2008__Billeter 1 BLTS4 57",1.6094379124341,4,4,1,"Belgium","2001","individuals"
4.28293287572488,0,0,5.6729587436828,90.0441083805923,0.167295781837802,14.0432302121569,2.68059044306613,2.03667863842206,100,0,9.69806060791018,1118.24226600584,"Cropland_Light use","Cropland","Light use","AD1_2008__Billeter 1","AD1_2008__Billeter 1 BLTS4","50.703387292,5.82030475727","flight trap","AD1_2008__Billeter 1 BLTS4 58",0.693147180559945,1,1,1,"Belgium","2001","individuals"
6.11410572388956,0,0,9.23187641896758,84.6540178571429,0.181951460613549,14.0784600233553,2.6820930586,1.95310391700848,100,0,9.69806060791018,1118.24226600584,"Cropland_Light use","Cropland","Light use","AD1_2008__Billeter 1","AD1_2008__Billeter 1 BLTS4","50.7034647361,5.82598746136","flight trap","AD1_2008__Billeter 1 BLTS4 59",2.19722457733622,8,8,1,"Belgium","2001","individuals"
18.1309223115326,0,0,8.31086223688963,73.5582154515778,0.00706437049933289,8.93858909606934,2.46286821365356,2.55417217913896,100,0,9.69806060791018,1118.24226600584,"Cropland_Light use","Cropland","Light use","AD1_2008__Billeter 1","AD1_2008__Billeter 1 BLTS4","50.6844365452,5.82746398973","flight trap","AD1_2008__Billeter 1 BLTS4 60",0,0,0,1,"Belgium","2001","individuals"
6.05520682777505,0,0,10.4911849248023,83.4536082474227,0.186607635882546,14.797805823628,2.71277446553777,2.04938315318963,100,0,9.69806060791018,1118.24226600584,"Cropland_Light use","Cropland","Light use","AD1_2008__Billeter 1","AD1_2008__Billeter 1 BLTS4","50.7051322289,5.82950512942","flight trap","AD1_2008__Billeter 1 BLTS4 61",0,0,0,1,"Belgium","2001","individuals"
15.557459743651,0,0,19.6047821442546,64.8377581120944,0.120184055399025,9.36469120157574,2.47520455360688,2.28454662974804,100,0,9.69519386062812,1118.41624189625,"Cropland_Light use","Cropland","Light use","AD1_2008__Billeter 1","AD1_2008__Billeter 1 BLTS4","50.6930953318,5.8374941045","flight trap","AD1_2008__Billeter 1 BLTS4 62",2.30258509299405,9,9,1,"Belgium","2001","individuals"
0.477872428838566,0,0,0,99.5221275711614,1.26205810595709,108.15550994873,2.25990581512451,3.55968818850138,0,0,10.2870905558269,1026.27960022073,"Cropland_Intense use","Cropland","Intense use","AD1_2008__Billeter 1","AD1_2008__Billeter 1 BLTS2","50.786767069,4.82099425639","flight trap","AD1_2008__Billeter 1 BLTS2 63",0,0,0,1,"Belgium","2001","individuals"
5.51155737886391,6.40194796709844,0,2.5810644117653,85.5054302422724,0.748912677240572,38.0311050415039,2.93169641494751,2.51990868488657,0,0,10.5688288370769,1025.81907238346,"Cropland_Light use","Cropland","Light use","AD1_2008__Billeter 1","AD1_2008__Billeter 1 BLTS3","51.2322201536,3.66983158896","flight trap","AD1_2008__Billeter 1 BLTS3 64",0,0,0,1,"Belgium","2001","individuals"
0.45228937853022,0.139988346804719,0,3.34566976869847,96.0620525059666,0.330351778838327,12.8599462509155,2.74410462379456,2.52680827637429,100,0,11.0212646484375,990.733030484989,"Cropland_Intense use","Cropland","Intense use","AD1_2008__Billeter 2","AD1_2008__Billeter 2 BLTS1","51.1761189509,5.61466316817","flight trap","AD1_2008__Billeter 2 BLTS1 1",3.2188758248682,24,24,1,"Belgium","2002","individuals"
0.479781104789608,0.289184046039094,0.170464337637744,3.13020118666881,95.9303693248647,0.748924606513342,12.8599462509155,2.74410462379456,2.49953026123542,100,0,11.0212646484375,990.733030484989,"Cropland_Intense use","Cropland","Intense use","AD1_2008__Billeter 2","AD1_2008__Billeter 2 BLTS1","51.1676031752,5.62208203273","flight trap","AD1_2008__Billeter 2 BLTS1 2",3.8286413964891,45,45,1,"Belgium","2002","individuals"
1.2798252259586,0.0765071832369817,0,1.4282303655968,97.2154372252076,0.90579801618523,14.278938682514,2.74622927293074,2.46490814986967,100,0,11.0098449129328,987.161471449876,"Cropland_Intense use","Cropland","Intense use","AD1_2008__Billeter 2","AD1_2008__Billeter 2 BLTS1","51.1529200494,5.62972160334","flight trap","AD1_2008__Billeter 2 BLTS1 3",2.77258872223978,15,15,1,"Belgium","2002","individuals"
0.271509129373957,0.250002904430205,0.489594682161605,2.33294473097958,96.6559485530547,0.80974253671481,12.8599462509155,2.74410462379456,2.17208913345113,99.897921415072,0,11.0212646484375,990.733030484989,"Cropland_Intense use","Cropland","Intense use","AD1_2008__Billeter 2","AD1_2008__Billeter 2 BLTS1","51.1653126899,5.63140887576","flight trap","AD1_2008__Billeter 2 BLTS1 4",3.40119738166216,29,29,1,"Belgium","2002","individuals"
0.422748024495946,0.220714348131461,0,2.78227573870908,96.5742618886635,1.20812856658106,13.7773164222168,2.74547819683033,2.30187873642756,100,0,11.0138834172984,988.424526688707,"Cropland_Intense use","Cropland","Intense use","AD1_2008__Billeter 2","AD1_2008__Billeter 2 BLTS1","51.1545469728,5.6350696869","flight trap","AD1_2008__Billeter 2 BLTS1 5",2.94443897916644,18,18,1,"Belgium","2002","individuals"
0,0.407389420101105,1.6921144405482,1.83582255789858,96.0646735814521,0.54045577586342,12.9118422150199,2.73929011050807,1.88873560743627,74.7766806071649,0,11.0262069828597,989.542746648238,"Cropland_Intense use","Cropland","Intense use","AD1_2008__Billeter 2","AD1_2008__Billeter 2 BLTS1","51.1713076573,5.63958221873","flight trap","AD1_2008__Billeter 2 BLTS1 6",2.63905732961526,13,13,1,"Belgium","2002","individuals"
1.19917758234667,3.08240673712884,2.75819453306242,1.67978124172758,91.2804399057345,0.318416195374897,12.9182774293896,2.73869310020818,2.00289367083749,37.6739502997347,0,11.0268168693029,989.395865050659,"Cropland_Intense use","Cropland","Intense use","AD1_2008__Billeter 2","AD1_2008__Billeter 2 BLTS1","51.179234593,5.63990225372","flight trap","AD1_2008__Billeter 2 BLTS1 7",3.61091791264422,36,36,1,"Belgium","2002","individuals"
0,0.695522609126437,1.03746898985434,4.22455784626766,94.0424505547516,0.600914382868788,13.0397407288864,2.72742465805999,1.91707484236792,97.5727956056798,0,11.0383671608795,986.614158229738,"Cropland_Intense use","Cropland","Intense use","AD1_2008__Billeter 2","AD1_2008__Billeter 2 BLTS1","51.1640061107,5.64494861495","flight trap","AD1_2008__Billeter 2 BLTS1 8",2.484906649788,11,11,1,"Belgium","2002","individuals"
0,0.384548238235036,0,3.79343379644222,95.8220179653227,0.953270883667459,13.3325425634444,2.72626316139981,2.10781201753531,100,0,11.0384894355794,985.429952896874,"Cropland_Intense use","Cropland","Intense use","AD1_2008__Billeter 2","AD1_2008__Billeter 2 BLTS1","51.1571295825,5.64577462684","flight trap","AD1_2008__Billeter 2 BLTS1 9",3.63758615972639,37,37,1,"Belgium","2002","individuals"
1.36399558273614,2.90997355689654,3.85060397077595,4.24840955546106,87.6270173341303,0.161207444195445,13.2384395153995,2.70899089419824,1.57331560275797,34.3272386761471,0,11.0572564132684,982.064977642894,"Cropland_Intense use","Cropland","Intense use","AD1_2008__Billeter 2","AD1_2008__Billeter 2 BLTS1","51.1729394568,5.65198187147","flight trap","AD1_2008__Billeter 2 BLTS1 10",3.61091791264422,36,36,1,"Belgium","2002","individuals"
0.00963484345410571,0.447569740695592,0,4.68456435364125,94.8582310622091,0.693502122506301,15.0317537659498,2.7215054202385,2.085457061995,100,0,11.0479800541401,977.421937131546,"Cropland_Intense use","Cropland","Intense use","AD1_2008__Billeter 2","AD1_2008__Billeter 2 BLTS1","51.1526088534,5.65251483072","flight trap","AD1_2008__Billeter 2 BLTS1 11",1.09861228866811,2,2,1,"Belgium","2002","individuals"
0,3.88801178177868,2.06607012914035,8.36409990726277,85.6818181818182,0.228358904723329,13.3957813788088,2.69439391146587,1.587004205994,63.8768795019454,0,11.0722152863073,978.462367363338,"Cropland_Intense use","Cropland","Intense use","AD1_2008__Billeter 2","AD1_2008__Billeter 2 BLTS1","51.1668742876,5.65787482061","flight trap","AD1_2008__Billeter 2 BLTS1 12",2.30258509299405,9,9,1,"Belgium","2002","individuals"
0,5.65429395095884,4.16545723369717,7.83523533825505,82.3450134770889,0.152629940543541,13.4882283175868,2.68581738682256,1.61144312307341,45.1376625908875,0,11.0810059770201,976.345267188482,"Cropland_Intense use","Cropland","Intense use","AD1_2008__Billeter 2","AD1_2008__Billeter 2 BLTS1","51.1681471463,5.66259148846","flight trap","AD1_2008__Billeter 2 BLTS1 13",2.07944154167984,7,7,1,"Belgium","2002","individuals"
0.522374736800396,3.41057076179606,8.860947878819,1.80845342832117,85.3976531942634,0.0302091709486998,13.5035209655762,2.68439865112305,1.98768900839135,0.96290681143678,0,11.0824625651042,975.994470762089,"Cropland_Intense use","Cropland","Intense use","AD1_2008__Billeter 2","AD1_2008__Billeter 2 BLTS1","51.1759703851,5.6663982548","flight trap","AD1_2008__Billeter 2 BLTS1 14",3.49650756146648,32,32,1,"Belgium","2002","individuals"
0,2.8095019447987,0,5.40831983737952,91.7821782178218,0.222426309244967,14.9144718245579,2.69966691138074,1.99459936539508,99.2001211255653,0,11.0753108046484,972.652390400056,"Cropland_Intense use","Cropland","Intense use","AD1_2008__Billeter 2","AD1_2008__Billeter 2 BLTS1","51.1539082087,5.67121887908","flight trap","AD1_2008__Billeter 2 BLTS1 15",2.30258509299405,9,9,1,"Belgium","2002","individuals"
0,3.86998618337348,1.40504673278677,7.66648416548423,87.0584829183555,0.160099333635775,13.6831231346909,2.68634217214891,2.00209979863583,94.3769741616424,0,11.0815542353699,975.5700003137,"Cropland_Intense use","Cropland","Intense use","AD1_2008__Billeter 2","AD1_2008__Billeter 2 BLTS1","51.1577495209,5.67577255176","flight trap","AD1_2008__Billeter 2 BLTS1 16",3.43398720448515,30,30,1,"Belgium","2002","individuals"
0.750312630262613,0,0,0,99.2496873697374,1.22383964336522,81.4629821777344,2.16750240325928,4.56558260196756,0,0,10.8728271484375,1002.64632608742,"Cropland_Intense use","Cropland","Intense use","AD1_2008__Billeter 2","AD1_2008__Billeter 2 BLTS2","50.7691268292,4.78508459441","flight trap","AD1_2008__Billeter 2 BLTS2 17",3.3322045101752,27,27,1,"Belgium","2002","individuals"
1.29573170731707,0,0,0,98.7042682926829,2.57738074564725,82.1952651111224,2.1700373988985,4.49504393555657,0,0,10.8728271484375,1002.64632608742,"Cropland_Intense use","Cropland","Intense use","AD1_2008__Billeter 2","AD1_2008__Billeter 2 BLTS2","50.788441507,4.78768063762","flight trap","AD1_2008__Billeter 2 BLTS2 18",3.04452243772342,20,20,1,"Belgium","2002","individuals"
0.574712643678169,0,0,0,99.4252873563218,1.1804481005732,69.2120095185121,2.23602059108559,3.65961612713527,0,0,10.8728271484375,1002.64632608742,"Cropland_Intense use","Cropland","Intense use","AD1_2008__Billeter 2","AD1_2008__Billeter 2 BLTS2","50.8007836749,4.78821145773","flight trap","AD1_2008__Billeter 2 BLTS2 19",3.46573590279973,31,31,1,"Belgium","2002","individuals"
1.10753121224324,0,0,0,98.8924687877568,2.31089676835251,87.989501858608,2.19009571818606,5.29860352616746,0,0,10.8728271484375,1002.64632608742,"Cropland_Intense use","Cropland","Intense use","AD1_2008__Billeter 2","AD1_2008__Billeter 2 BLTS2","50.7787561803,4.79415014915","flight trap","AD1_2008__Billeter 2 BLTS2 20",4.24849524204936,69,69,1,"Belgium","2002","individuals"
0.725052470902498,0,0,0,99.2749475290975,2.58827418956794,91.8815767973311,2.20356918936336,4.80737371769733,0,0,10.8728271484375,1002.64632608742,"Cropland_Intense use","Cropland","Intense use","AD1_2008__Billeter 2","AD1_2008__Billeter 2 BLTS2","50.7826650227,4.79755031961","flight trap","AD1_2008__Billeter 2 BLTS2 21",4.38202663467388,79,79,1,"Belgium","2002","individuals"
0.371954621536179,0,0,0,99.6280453784638,2.06960495956496,96.8234225664282,2.25110276701537,3.79137673632819,0,0,10.8728271484375,1002.64632608742,"Cropland_Intense use","Cropland","Intense use","AD1_2008__Billeter 2","AD1_2008__Billeter 2 BLTS2","50.7939318314,4.80541315781","flight trap","AD1_2008__Billeter 2 BLTS2 22",4.0943445622221,59,59,1,"Belgium","2002","individuals"
0.284748175831994,0,0,0,99.715251824168,3.33024545862292,104.491267174197,2.24722104666926,5.04293249116225,4.4218876571752,0,10.8728271484375,1002.64632608742,"Cropland_Intense use","Cropland","Intense use","AD1_2008__Billeter 2","AD1_2008__Billeter 2 BLTS2","50.774342162,4.80863065169","flight trap","AD1_2008__Billeter 2 BLTS2 23",1.09861228866811,2,2,1,"Belgium","2002","individuals"
0.503687713617566,0,0,0,99.4963122863824,1.88909054937895,99.5669828004782,2.2801454899317,4.00027297030811,0,0,10.8728271484375,1002.64632608742,"Cropland_Intense use","Cropland","Intense use","AD1_2008__Billeter 2","AD1_2008__Billeter 2 BLTS2","50.794970445,4.81137500307","flight trap","AD1_2008__Billeter 2 BLTS2 24",4.02535169073515,55,55,1,"Belgium","2002","individuals"
0.360036003600356,0,0,0,99.6399639963996,1.76502350209454,92.6255924939285,2.31293122243935,4.15685400567962,0,0,10.8728271484375,1002.64632608742,"Cropland_Intense use","Cropland","Intense use","AD1_2008__Billeter 2","AD1_2008__Billeter 2 BLTS2","50.7978348444,4.81379697013","flight trap","AD1_2008__Billeter 2 BLTS2 25",4.23410650459726,68,68,1,"Belgium","2002","individuals"
1.20240480961924,0,0,0,98.7975951903808,2.39519740159427,108.15550994873,2.25990581512451,4.45776590110982,4.90412704048451,0,10.8728271484375,1002.64632608742,"Cropland_Intense use","Cropland","Intense use","AD1_2008__Billeter 2","AD1_2008__Billeter 2 BLTS2","50.7730583904,4.81626207782","flight trap","AD1_2008__Billeter 2 BLTS2 26",3.91202300542815,49,49,1,"Belgium","2002","individuals"
2.02569169960475,0,0,0,97.9743083003953,0.862038642935573,108.15550994873,2.25990581512451,3.60373158019927,0,0,10.8728271484375,1002.64632608742,"Cropland_Intense use","Cropland","Intense use","AD1_2008__Billeter 2","AD1_2008__Billeter 2 BLTS2","50.7799450534,4.82522603654","flight trap","AD1_2008__Billeter 2 BLTS2 27",4.14313472639153,62,62,1,"Belgium","2002","individuals"
2.00650759219088,0,0,0,97.9934924078091,0.7921311378869,108.15550994873,2.25990581512451,3.73752414601664,0,0,10.8728271484375,1002.64632608742,"Cropland_Intense use","Cropland","Intense use","AD1_2008__Billeter 2","AD1_2008__Billeter 2 BLTS2","50.7811341328,4.82981802416","flight trap","AD1_2008__Billeter 2 BLTS2 28",4.06044301054642,57,57,1,"Belgium","2002","individuals"
0.851236319416287,0,0,0,99.1487636805837,1.05819708608083,88.4389555378162,2.32779041068828,3.57715947474423,0,0,10.8728271484375,1002.64632608742,"Cropland_Intense use","Cropland","Intense use","AD1_2008__Billeter 2","AD1_2008__Billeter 2 BLTS2","50.7992030104,4.83260059213","flight trap","AD1_2008__Billeter 2 BLTS2 29",4.26267987704132,70,70,1,"Belgium","2002","individuals"
1.95704057279237,0,0,0,98.0429594272076,1.72043484190225,107.886509846078,2.25830536798661,4.27302120169059,0,0,10.8731494029675,1002.79619923749,"Cropland_Intense use","Cropland","Intense use","AD1_2008__Billeter 2","AD1_2008__Billeter 2 BLTS2","50.7745146978,4.83690648126","flight trap","AD1_2008__Billeter 2 BLTS2 30",0,0,0,1,"Belgium","2002","individuals"
0.809061488673138,0,0,0,99.1909385113269,1.09839393530738,101.516705522472,2.2735432678563,3.75350852324074,0,0,10.8739996820907,1003.19164444853,"Cropland_Intense use","Cropland","Intense use","AD1_2008__Billeter 2","AD1_2008__Billeter 2 BLTS2","50.7943464487,4.83837458976","flight trap","AD1_2008__Billeter 2 BLTS2 31",3.89182029811063,48,48,1,"Belgium","2002","individuals"
0,10.3080075107767,0,4.9172177144485,84.7747747747748,1.53595560136718,36.3923764260071,2.79862338810704,2.94466321530735,0,0,11.1953503644237,870.83283051759,"Cropland_Light use","Cropland","Light use","AD1_2008__Billeter 2","AD1_2008__Billeter 2 BLTS3","51.2422162281,3.65280374981","flight trap","AD1_2008__Billeter 2 BLTS3 32",2.19722457733622,8,8,1,"Belgium","2002","individuals"
2.28192797346695,11.6915907633359,0,1.37665715062925,84.649824112568,1.26842993408825,37.1290585758395,2.89111055817688,2.36030779428589,0,0,11.1925463393302,871.539406331248,"Cropland_Light use","Cropland","Light use","AD1_2008__Billeter 2","AD1_2008__Billeter 2 BLTS3","51.2287271446,3.65875500669","flight trap","AD1_2008__Billeter 2 BLTS3 33",3.29583686600433,26,26,1,"Belgium","2002","individuals"
1.52318147050605,6.2515069550534,0,3.53621644683034,88.6890951276102,1.33191351676605,53.092816510245,2.53828826212784,3.85742835448343,0,0,11.2155058841776,868.670272069955,"Cropland_Light use","Cropland","Light use","AD1_2008__Billeter 2","AD1_2008__Billeter 2 BLTS3","51.2495872017,3.66139541511","flight trap","AD1_2008__Billeter 2 BLTS3 34",2.07944154167984,7,7,1,"Belgium","2002","individuals"
2.91833837007433,13.3241760938636,0,7.77053610702457,75.9869494290375,1.51326762240383,38.0005887241471,2.93032339156938,2.57692218336392,0,0,11.1918621943876,871.816274108471,"Cropland_Light use","Cropland","Light use","AD1_2008__Billeter 2","AD1_2008__Billeter 2 BLTS3","51.2221446485,3.66372585201","flight trap","AD1_2008__Billeter 2 BLTS3 35",0,0,0,1,"Belgium","2002","individuals"
3.38183144082462,12.2749692976378,0,6.76358142714268,77.5796178343949,1.35360374520267,38.0311050415039,2.93169641494751,2.58808994517722,0,0,11.1918375651042,871.826241374947,"Cropland_Light use","Cropland","Light use","AD1_2008__Billeter 2","AD1_2008__Billeter 2 BLTS3","51.2222220996,3.66783521395","flight trap","AD1_2008__Billeter 2 BLTS3 36",1.38629436111989,3,3,1,"Belgium","2002","individuals"
0.695886366123724,7.21477487008245,0,5.06390566390439,87.0254330998894,0.943549599904175,40.862190632793,2.86219250643064,3.45268215843913,0,0,11.1958944813038,871.297140359887,"Cropland_Light use","Cropland","Light use","AD1_2008__Billeter 2","AD1_2008__Billeter 2 BLTS3","51.2435298218,3.668472734","flight trap","AD1_2008__Billeter 2 BLTS3 37",2.89037175789616,17,17,1,"Belgium","2002","individuals"
0.492266394553204,7.56920451985783,0,5.03063434874685,86.9078947368421,0.991182643993021,49.7899673954217,2.64301319893174,3.81141645774982,0,0,11.2087147199416,869.625131143314,"Cropland_Light use","Cropland","Light use","AD1_2008__Billeter 2","AD1_2008__Billeter 2 BLTS3","51.2478829382,3.66913978836","flight trap","AD1_2008__Billeter 2 BLTS3 38",2.07944154167984,7,7,1,"Belgium","2002","individuals"
4.8046346815558,6.13293279004653,0,6.28286839835122,82.7795641300465,0.542578718407318,39.3013351277622,2.45449900774766,2.89351330408541,0,0,11.2308463081782,865.432947263377,"Cropland_Light use","Cropland","Light use","AD1_2008__Billeter 2","AD1_2008__Billeter 2 BLTS3","51.2488695504,3.6222492756","flight trap","AD1_2008__Billeter 2 BLTS3 39",2.30258509299405,9,9,1,"Belgium","2002","individuals"
10.1305545934157,6.30257733802255,0,7.26148832172632,76.3053797468354,0.699198845189429,31.3923797607422,2.63299965858459,2.02994615785328,0,0,11.1970458984375,869.718472124077,"Cropland_Light use","Cropland","Light use","AD1_2008__Billeter 2","AD1_2008__Billeter 2 BLTS3","51.2252861463,3.62808888707","flight trap","AD1_2008__Billeter 2 BLTS3 40",1.09861228866811,2,2,1,"Belgium","2002","individuals"
3.15869330557721,9.80927941012888,0,8.24762361456915,78.7844036697248,0.78665029284377,31.3923797607422,2.63299965858459,2.15857766812981,0,0,11.1970458984375,869.718472124077,"Cropland_Light use","Cropland","Light use","AD1_2008__Billeter 2","AD1_2008__Billeter 2 BLTS3","51.2298000844,3.63181869683","flight trap","AD1_2008__Billeter 2 BLTS3 41",2.89037175789616,17,17,1,"Belgium","2002","individuals"
0,8.72631865745011,0,11.2261754043076,80.0475059382423,0.967175703401464,31.4130492393662,2.63253316013877,2.5205083616736,0,0,11.197126820817,869.708212045235,"Cropland_Light use","Cropland","Light use","AD1_2008__Billeter 2","AD1_2008__Billeter 2 BLTS3","51.2411621162,3.63369531401","flight trap","AD1_2008__Billeter 2 BLTS3 42",2.83321334405622,16,16,1,"Belgium","2002","individuals"
0.943680962598731,8.24817260849764,0,9.701969602097,81.1061768268066,0.800919726453817,31.8502209729713,2.65359934892253,2.03171165583504,0,0,11.1966857073135,869.864238481007,"Cropland_Light use","Cropland","Light use","AD1_2008__Billeter 2","AD1_2008__Billeter 2 BLTS3","51.2274412272,3.63917693262","flight trap","AD1_2008__Billeter 2 BLTS3 43",3.36729582998647,28,28,1,"Belgium","2002","individuals"
0,8.47327269091789,0,7.79551599166389,83.7312113174182,1.02806258725405,32.274411416241,2.67268498722298,2.44247263194409,0,0,11.1963527713207,869.998974912658,"Cropland_Light use","Cropland","Light use","AD1_2008__Billeter 2","AD1_2008__Billeter 2 BLTS3","51.2376546052,3.64115764663","flight trap","AD1_2008__Billeter 2 BLTS3 44",1.94591014905531,6,6,1,"Belgium","2002","individuals"
1.00062690627166,7.76080775673668,0,11.9740895936427,79.264475743349,0.829670292957155,32.3364289435277,2.67547534733831,1.92380689199625,0,0,11.1963042003011,870.018631200939,"Cropland_Light use","Cropland","Light use","AD1_2008__Billeter 2","AD1_2008__Billeter 2 BLTS3","51.2241489424,3.64142453515","flight trap","AD1_2008__Billeter 2 BLTS3 45",3.04452243772342,20,20,1,"Belgium","2002","individuals"
3.25343703328394,4.52582066761764,0,4.81090623352465,87.4098360655738,1.57650816608545,49.3157614017916,2.3979806957319,3.55076447192281,0,0,11.2355252851306,865.396764471505,"Cropland_Light use","Cropland","Light use","AD1_2008__Billeter 2","AD1_2008__Billeter 2 BLTS3","51.2515224952,3.64809701027","flight trap","AD1_2008__Billeter 2 BLTS3 46",1.79175946922805,5,5,1,"Belgium","2002","individuals"
2.13068879399261,0,0.764339320647911,2.96161524200284,94.1433566433566,0.0570457586261851,13.4770117983882,2.36573288359443,2.81130150965222,100,0,10.3288818359375,1081.07101474889,"Cropland_Light use","Cropland","Light use","AD1_2008__Billeter 2","AD1_2008__Billeter 2 BLTS4","50.6957827917,5.78487930483","flight trap","AD1_2008__Billeter 2 BLTS4 47",3.17805383034795,23,23,1,"Belgium","2002","individuals"
1.92502204526712,0,0.112371492753279,4.01688621145767,93.9457202505219,0.0973925743929179,8.99732398986816,2.28755974769592,2.9062849557034,100,0,10.3288818359375,1081.07101474889,"Cropland_Light use","Cropland","Light use","AD1_2008__Billeter 2","AD1_2008__Billeter 2 BLTS4","50.6886356654,5.78501401388","flight trap","AD1_2008__Billeter 2 BLTS4 48",2.39789527279837,10,10,1,"Belgium","2002","individuals"
7.41079855074648,0,0,6.34342918318813,86.2457722660654,0.178235043777401,8.99165180058458,2.30448976557133,2.02324417580364,100,0,10.3288818359375,1081.07101474889,"Cropland_Light use","Cropland","Light use","AD1_2008__Billeter 2","AD1_2008__Billeter 2 BLTS4","50.6767973029,5.79019459312","flight trap","AD1_2008__Billeter 2 BLTS4 49",3.49650756146648,32,32,1,"Belgium","2002","individuals"
2.80301624176765,0.0616554038063868,4.31356348152171,2.82176487290426,90,0.156523595086699,22.7356824053588,2.59654556001634,2.38594337522922,100,0,10.3288818359375,1081.07101474889,"Cropland_Light use","Cropland","Light use","AD1_2008__Billeter 2","AD1_2008__Billeter 2 BLTS4","50.7039530588,5.7934459941","flight trap","AD1_2008__Billeter 2 BLTS4 50",3.13549421592915,22,22,1,"Belgium","2002","individuals"
6.93563478292819,0,0,4.22798010189166,88.8363851151801,0.0573658837229172,8.96875978624763,2.37281650724962,2.37779320565911,100,0,10.3288818359375,1081.07101474889,"Cropland_Light use","Cropland","Light use","AD1_2008__Billeter 2","AD1_2008__Billeter 2 BLTS4","50.6817591173,5.79969724554","flight trap","AD1_2008__Billeter 2 BLTS4 51",4.76217393479776,116,116,1,"Belgium","2002","individuals"
4.48181333404046,0.0585204919576273,0,4.19275350487523,91.2669126691267,0.00961864443962329,8.96273879109368,2.39078762042799,2.48556226027552,100,0,10.3288818359375,1081.07101474889,"Cropland_Light use","Cropland","Light use","AD1_2008__Billeter 2","AD1_2008__Billeter 2 BLTS4","50.6898895189,5.801977679","flight trap","AD1_2008__Billeter 2 BLTS4 52",4.51085950651685,90,90,1,"Belgium","2002","individuals"
6.07176162373314,0.120170823474043,2.64644537414361,3.54357391002382,87.6180482686254,0.0906256004092456,16.4431760613527,2.59823737550552,2.72454906053974,100,0,10.3288818359375,1081.07101474889,"Cropland_Light use","Cropland","Light use","AD1_2008__Billeter 2","AD1_2008__Billeter 2 BLTS4","50.7016414223,5.80308613022","flight trap","AD1_2008__Billeter 2 BLTS4 53",1.79175946922805,5,5,1,"Belgium","2002","individuals"
4.45447050446395,0,1.73203234298089,3.46627493033294,90.3472222222222,0.335578402835566,18.5810471525335,2.73956923513027,2.34284468891218,100,0,10.3288818359375,1081.07101474889,"Cropland_Light use","Cropland","Light use","AD1_2008__Billeter 2","AD1_2008__Billeter 2 BLTS4","50.7095326659,5.80721436953","flight trap","AD1_2008__Billeter 2 BLTS4 54",2.484906649788,11,11,1,"Belgium","2002","individuals"
11.5016267266122,0,0,0.502153991724254,87.9962192816635,0,8.93858909606934,2.46286821365356,2.91293559573648,100,0,10.3288818359375,1081.07101474889,"Cropland_Light use","Cropland","Light use","AD1_2008__Billeter 2","AD1_2008__Billeter 2 BLTS4","50.6812983819,5.81612136796","flight trap","AD1_2008__Billeter 2 BLTS4 55",4.30406509320417,73,73,1,"Belgium","2002","individuals"
7.187913105112,0.159427960980171,0,6.00160506973921,86.6510538641686,0.110103445157147,10.5678397652297,2.53235871844999,2.10993736272063,100,0,10.3288818359375,1081.07101474889,"Cropland_Light use","Cropland","Light use","AD1_2008__Billeter 2","AD1_2008__Billeter 2 BLTS4","50.696132422,5.81709320301","flight trap","AD1_2008__Billeter 2 BLTS4 56",4.23410650459726,68,68,1,"Belgium","2002","individuals"
9.67768324128404,0.109559743577865,0,3.12755522141612,87.085201793722,0.0156858086116706,8.93858909606934,2.46286821365356,2.38682795298812,100,0,10.3288818359375,1081.07101474889,"Cropland_Light use","Cropland","Light use","AD1_2008__Billeter 2","AD1_2008__Billeter 2 BLTS4","50.6877555476,5.81788388402","flight trap","AD1_2008__Billeter 2 BLTS4 57",4.89783979995091,133,133,1,"Belgium","2002","individuals"
4.28293287572488,0,0,5.6729587436828,90.0441083805923,0.167295781837802,14.0432302121569,2.68059044306613,2.03667863842206,100,0,10.3288818359375,1081.07101474889,"Cropland_Light use","Cropland","Light use","AD1_2008__Billeter 2","AD1_2008__Billeter 2 BLTS4","50.703387292,5.82030475727","flight trap","AD1_2008__Billeter 2 BLTS4 58",3.46573590279973,31,31,1,"Belgium","2002","individuals"
6.11410572388956,0,0,9.23187641896758,84.6540178571429,0.181951460613549,14.0784600233553,2.6820930586,1.95310391700848,100,0,10.3288818359375,1081.07101474889,"Cropland_Light use","Cropland","Light use","AD1_2008__Billeter 2","AD1_2008__Billeter 2 BLTS4","50.7034647361,5.82598746136","flight trap","AD1_2008__Billeter 2 BLTS4 59",3.49650756146648,32,32,1,"Belgium","2002","individuals"
18.1309223115326,0,0,8.31086223688963,73.5582154515778,0.00706437049933289,8.93858909606934,2.46286821365356,2.55417217913896,100,0,10.3288818359375,1081.07101474889,"Cropland_Light use","Cropland","Light use","AD1_2008__Billeter 2","AD1_2008__Billeter 2 BLTS4","50.6844365452,5.82746398973","flight trap","AD1_2008__Billeter 2 BLTS4 60",2.94443897916644,18,18,1,"Belgium","2002","individuals"
6.05520682777505,0,0,10.4911849248023,83.4536082474227,0.186607635882546,14.797805823628,2.71277446553777,2.04938315318963,100,0,10.3288818359375,1081.07101474889,"Cropland_Light use","Cropland","Light use","AD1_2008__Billeter 2","AD1_2008__Billeter 2 BLTS4","50.7051322289,5.82950512942","flight trap","AD1_2008__Billeter 2 BLTS4 61",0.693147180559945,1,1,1,"Belgium","2002","individuals"
15.557459743651,0,0,19.6047821442546,64.8377581120944,0.120184055399025,9.36469120157574,2.47520455360688,2.28454662974804,100,0,10.3257914152654,1081.33362944006,"Cropland_Light use","Cropland","Light use","AD1_2008__Billeter 2","AD1_2008__Billeter 2 BLTS4","50.6930953318,5.8374941045","flight trap","AD1_2008__Billeter 2 BLTS4 62",2.89037175789616,17,17,1,"Belgium","2002","individuals"
0.477872428838566,0,0,0,99.5221275711614,1.26205810595709,108.15550994873,2.25990581512451,3.55968818850138,0,0,10.8728271484375,1002.64632608742,"Cropland_Intense use","Cropland","Intense use","AD1_2008__Billeter 2","AD1_2008__Billeter 2 BLTS2","50.786767069,4.82099425639","flight trap","AD1_2008__Billeter 2 BLTS2 63",0,0,0,1,"Belgium","2002","individuals"
5.51155737886391,6.40194796709844,0,2.5810644117653,85.5054302422724,0.748912677240572,38.0311050415039,2.93169641494751,2.51990868488657,0,0,11.1918375651042,871.826241374947,"Cropland_Light use","Cropland","Light use","AD1_2008__Billeter 2","AD1_2008__Billeter 2 BLTS3","51.2322201536,3.66983158896","flight trap","AD1_2008__Billeter 2 BLTS3 64",0,0,0,1,"Belgium","2002","individuals"
0.28755498274946,0,0,0,94.4619868836532,0.312658310698549,70.7210311889648,2.44487619400024,4.07762661712081,0,0,6.75649159749349,941.939600510523,"Cropland_Minimal use","Cropland","Minimal use","AD1_2008__Billeter 3","AD1_2008__Billeter 3 CR1","50.5344173845,16.3819078381","flight trap","AD1_2008__Billeter 3 CR1 1",2.70805020110221,14,14,1,"Czech Republic","2001","individuals"
0,0,1.5336404464451,0,95.5832933269323,0.228772587425997,70.7210311889648,2.44487619400024,3.57425392018096,0,0,6.75649159749349,941.939600510523,"Cropland_Minimal use","Cropland","Minimal use","AD1_2008__Billeter 3","AD1_2008__Billeter 3 CR1","50.5394035372,16.377852323","flight trap","AD1_2008__Billeter 3 CR1 2",1.6094379124341,4,4,1,"Czech Republic","2001","individuals"
1.58971663065196,0,1.81729503126727,3.06419805810191,93.5287902799789,0.309662016847352,70.7210311889648,2.44487619400024,3.72172767301758,0,0,6.75649159749349,941.939600510523,"Cropland_Minimal use","Cropland","Minimal use","AD1_2008__Billeter 3","AD1_2008__Billeter 3 CR1","50.5265145413,16.3753799177","flight trap","AD1_2008__Billeter 3 CR1 3",0.693147180559945,1,1,1,"Czech Republic","2001","individuals"
0,0,2.23582983529378,0.173808718923091,97.5903614457831,0.167982339228335,66.4959240188341,2.33022630561149,2.89105732082217,0,0,6.69476068810862,958.887119529156,"Cropland_Minimal use","Cropland","Minimal use","AD1_2008__Billeter 3","AD1_2008__Billeter 3 CR1","50.5517786387,16.368046908","flight trap","AD1_2008__Billeter 3 CR1 4",1.79175946922805,5,5,1,"Czech Republic","2001","individuals"
3.73814382736082,0,0,1.42807360300754,94.8337825696316,0.388694108784777,70.7210311889648,2.44487619400024,3.63526610965124,0,0,6.75649159749349,941.939600510523,"Cropland_Minimal use","Cropland","Minimal use","AD1_2008__Billeter 3","AD1_2008__Billeter 3 CR1","50.5340640079,16.3699126507","flight trap","AD1_2008__Billeter 3 CR1 5",2.30258509299405,9,9,1,"Czech Republic","2001","individuals"
1.28782997777892,0,1.30879799645055,4.65127118543439,92.7521008403361,0.132454658456553,70.7210311889648,2.44487619400024,3.41704034648071,0,0,6.75649159749349,941.939600510523,"Cropland_Minimal use","Cropland","Minimal use","AD1_2008__Billeter 3","AD1_2008__Billeter 3 CR1","50.5212506165,16.3710187127","flight trap","AD1_2008__Billeter 3 CR1 6",1.38629436111989,3,3,1,"Czech Republic","2001","individuals"
0.14227943827519,0.223913759987991,1.55070020113674,0.489916110432781,97.5931904901673,0.159942582642218,64.6998209850848,2.28148836736229,3.19937902959743,0,0,6.66852361759613,966.090208807031,"Cropland_Minimal use","Cropland","Minimal use","AD1_2008__Billeter 3","AD1_2008__Billeter 3 CR1","50.5560008943,16.3647691936","flight trap","AD1_2008__Billeter 3 CR1 7",2.07944154167984,7,7,1,"Czech Republic","2001","individuals"
2.6923595287896,0.114005694279353,0,2.58756130060911,94.6060734763219,0.448081534050769,68.7156265710111,2.41822627627797,3.69433693061253,0,0,6.75558244941264,941.247762580935,"Cropland_Minimal use","Cropland","Minimal use","AD1_2008__Billeter 3","AD1_2008__Billeter 3 CR1","50.5310006875,16.3598381995","flight trap","AD1_2008__Billeter 3 CR1 8",0.693147180559945,1,1,1,"Czech Republic","2001","individuals"
0.0280492191762058,0.319622661109665,0,0,98.0485938396786,0.545020536820649,64.862859238119,2.36702666722881,3.17375852753576,0,0,6.75383821615576,939.920446656762,"Cropland_Minimal use","Cropland","Minimal use","AD1_2008__Billeter 3","AD1_2008__Billeter 3 CR1","50.5408757917,16.3550605046","flight trap","AD1_2008__Billeter 3 CR1 9",2.99573227355399,19,19,1,"Czech Republic","2001","individuals"
0,0.319622661086588,0,0,96.3320463320463,0.637236396575322,61.7542145153735,2.32571573907633,3.45119527918967,0,0,6.75243217276598,938.850484383087,"Cropland_Minimal use","Cropland","Minimal use","AD1_2008__Billeter 3","AD1_2008__Billeter 3 CR1","50.5350285162,16.3517131707","flight trap","AD1_2008__Billeter 3 CR1 10",2.63905732961526,13,13,1,"Czech Republic","2001","individuals"
2.44172440622906,0.0346906881105659,0,0,97.5235849056604,0.488829499008249,58.751801664312,2.27889657681717,3.26470249146121,0,0,6.73728530899261,943.149036441244,"Cropland_Minimal use","Cropland","Minimal use","AD1_2008__Billeter 3","AD1_2008__Billeter 3 CR1","50.5444730487,16.3488938563","flight trap","AD1_2008__Billeter 3 CR1 11",3.80666248977032,44,44,1,"Czech Republic","2001","individuals"
0,0,9.36557931132257,2.15646905283104,88.4779516358464,0.0456718137334241,63.3402590905823,2.34679276116691,3.37980139506351,0,0,6.7531496416075,939.396459420941,"Cropland_Minimal use","Cropland","Minimal use","AD1_2008__Billeter 3","AD1_2008__Billeter 3 CR1","50.5109588705,16.3533934316","flight trap","AD1_2008__Billeter 3 CR1 12",2.70805020110221,14,14,1,"Czech Republic","2001","individuals"
1.98108818364345,0.0438005175754304,0.250230595422428,0.00206955298570521,97.722811150373,0.498471297351332,49.524794884601,2.16294271957303,2.89901834737865,0,0,6.74552680682626,935.237875246918,"Cropland_Minimal use","Cropland","Minimal use","AD1_2008__Billeter 3","AD1_2008__Billeter 3 CR1","50.5417230555,16.3330186852","flight trap","AD1_2008__Billeter 3 CR1 13",3.17805383034795,23,23,1,"Czech Republic","2001","individuals"
0,0,7.79054916985952,0,92.2094508301405,0.0627431260018903,49.510555267334,2.16300916671753,2.84548991798914,0,0,6.74688873291018,934.632071526721,"Cropland_Minimal use","Cropland","Minimal use","AD1_2008__Billeter 3","AD1_2008__Billeter 3 CR1","50.5229034435,16.3352406348","flight trap","AD1_2008__Billeter 3 CR1 14",1.6094379124341,4,4,1,"Czech Republic","2001","individuals"
0,0,5.14780595875449,0.0335411915045659,94.8186528497409,0.170752988962874,49.510555267334,2.16300916671753,2.3078272165387,0,0,6.74688873291018,934.632071526721,"Cropland_Minimal use","Cropland","Minimal use","AD1_2008__Billeter 3","AD1_2008__Billeter 3 CR1","50.5280530865,16.3318185339","flight trap","AD1_2008__Billeter 3 CR1 15",2.56494935746154,12,12,1,"Czech Republic","2001","individuals"
0,0,2.25727134300086,0.33096395111679,97.4117647058823,0.153901621036901,49.510555267334,2.16300916671753,1.97656677129182,0,0,6.74688873291018,934.632071526721,"Cropland_Minimal use","Cropland","Minimal use","AD1_2008__Billeter 3","AD1_2008__Billeter 3 CR1","50.5336654703,16.3227075526","flight trap","AD1_2008__Billeter 3 CR1 16",2.63905732961526,13,13,1,"Czech Republic","2001","individuals"
0,0,10.2652400106727,8.06145321641895,81.6733067729084,0.00304412907703763,3.31419374667839,2.6995974650556,2.67334598836862,88.9058229245463,0,7.61179758707686,914.267690153793,"Cropland_Minimal use","Cropland","Minimal use","AD1_2008__Billeter 3","AD1_2008__Billeter 3 CR3","50.7047361283,14.3007356889","flight trap","AD1_2008__Billeter 3 CR3 17",0.693147180559945,1,1,1,"Czech Republic","2001","individuals"
0,0,1.53735626574439,9.18650432406795,89.2761394101877,0.0102437199484829,5.00418705525989,2.63595998695526,1.76110015782658,100,0,7.61179758707686,914.267690153793,"Cropland_Minimal use","Cropland","Minimal use","AD1_2008__Billeter 3","AD1_2008__Billeter 3 CR3","50.6877832641,14.2978616764","flight trap","AD1_2008__Billeter 3 CR3 18",2.77258872223978,15,15,1,"Czech Republic","2001","individuals"
0.253005932987709,0.0529737107987245,1.34341033693229,0.624773000961627,97.7258370183197,0.120916540971082,5.27495040568893,2.59583376176206,1.62252818603228,98.5920555636054,1.40794443639463,7.61179758707686,914.267690153793,"Cropland_Minimal use","Cropland","Minimal use","AD1_2008__Billeter 3","AD1_2008__Billeter 3 CR3","50.6725175361,14.292359744","flight trap","AD1_2008__Billeter 3 CR3 19",1.94591014905531,6,6,1,"Czech Republic","2001","individuals"
0,0,0,7.65217391304348,92.3478260869565,0.00781940071967807,5.13175775719046,2.57780150317988,2.01034324982666,100,0,7.61179758707686,914.267690153793,"Cropland_Minimal use","Cropland","Minimal use","AD1_2008__Billeter 3","AD1_2008__Billeter 3 CR3","50.6942198067,14.2854696593","flight trap","AD1_2008__Billeter 3 CR3 20",2.39789527279837,10,10,1,"Czech Republic","2001","individuals"
0,0.0333478894854632,1.89417580544972,1.60828772845557,96.4641885766092,0.0912327007164283,5.3988285866492,2.57747542863515,1.71419623154233,100,0,7.61179758707686,914.267690153793,"Cropland_Minimal use","Cropland","Minimal use","AD1_2008__Billeter 3","AD1_2008__Billeter 3 CR3","50.6762963995,14.2892538525","flight trap","AD1_2008__Billeter 3 CR3 21",1.6094379124341,4,4,1,"Czech Republic","2001","individuals"
0,0,0.902810553398762,7.77643472962011,91.3207547169811,0.019337195291246,5.47797584533691,2.56574606895447,1.89270175543171,100,0,7.61179758707687,914.267690153793,"Cropland_Minimal use","Cropland","Minimal use","AD1_2008__Billeter 3","AD1_2008__Billeter 3 CR3","50.6885691865,14.2776472272","flight trap","AD1_2008__Billeter 3 CR3 22",0.693147180559945,1,1,1,"Czech Republic","2001","individuals"
0,0,1.77007613223271,5.58624570684776,92.6436781609195,0.0410873665160441,5.47797584533691,2.56574606895447,1.90850255115968,100,0,7.61179758707686,914.267690153793,"Cropland_Minimal use","Cropland","Minimal use","AD1_2008__Billeter 3","AD1_2008__Billeter 3 CR3","50.6826905224,14.2781805104","flight trap","AD1_2008__Billeter 3 CR3 23",2.56494935746154,12,12,1,"Czech Republic","2001","individuals"
0,0,2.66070993726059,9.52890631556108,87.8103837471783,0.00681266578443704,4.22530174026091,2.60936461690633,2.12674457332768,100,0,7.61179758707686,914.267690153793,"Cropland_Minimal use","Cropland","Minimal use","AD1_2008__Billeter 3","AD1_2008__Billeter 3 CR3","50.6990883496,14.2737713751","flight trap","AD1_2008__Billeter 3 CR3 24",2.07944154167984,7,7,1,"Czech Republic","2001","individuals"
0,0,0.791633777111153,6.9431728527231,92.2651933701657,0.0132458128886138,5.24116040783659,2.57399206483998,1.93103141030759,100,0,7.61179758707686,914.267690153793,"Cropland_Minimal use","Cropland","Minimal use","AD1_2008__Billeter 3","AD1_2008__Billeter 3 CR3","50.6934836063,14.2716838864","flight trap","AD1_2008__Billeter 3 CR3 25",0.693147180559945,1,1,1,"Czech Republic","2001","individuals"
0,0,2.31415996640756,9.40997796462692,88.2758620689655,0.00705832594937994,4.41969728654924,2.60259569638419,2.05955681959126,100,0,7.61179758707687,914.267690153793,"Cropland_Minimal use","Cropland","Minimal use","AD1_2008__Billeter 3","AD1_2008__Billeter 3 CR3","50.6981239726,14.270235705","flight trap","AD1_2008__Billeter 3 CR3 26",2.07944154167984,7,7,1,"Czech Republic","2001","individuals"
0.0117274050040587,0,0.553938610903453,2.84538752467971,96.5889464594128,0.101436800246244,5.47797584533691,2.56574606895447,2.13736422942554,100,0,7.61179758707686,914.267690153793,"Cropland_Minimal use","Cropland","Minimal use","AD1_2008__Billeter 3","AD1_2008__Billeter 3 CR3","50.67170621,14.2755468247","flight trap","AD1_2008__Billeter 3 CR3 27",2.94443897916644,18,18,1,"Czech Republic","2001","individuals"
0,0,1.10381010258622,4.64204625100495,94.2541436464088,0.047241741932222,5.47797584533691,2.56574606895447,1.9283346921203,100,0,7.61179758707686,914.267690153793,"Cropland_Minimal use","Cropland","Minimal use","AD1_2008__Billeter 3","AD1_2008__Billeter 3 CR3","50.6780992837,14.2713823772","flight trap","AD1_2008__Billeter 3 CR3 28",1.79175946922805,5,5,1,"Czech Republic","2001","individuals"
0,0,0.16237721428137,6.58693408048446,93.2506887052342,0.0216584791180332,5.47797584533691,2.56574606895447,1.83145356247818,100,0,7.61179758707686,914.267690153792,"Cropland_Minimal use","Cropland","Minimal use","AD1_2008__Billeter 3","AD1_2008__Billeter 3 CR3","50.6775261996,14.2642773708","flight trap","AD1_2008__Billeter 3 CR3 29",1.94591014905531,6,6,1,"Czech Republic","2001","individuals"
0,0,0.0316574519536817,7.07993992222576,92.8884026258206,0.0179728158557407,5.45968848588493,2.56593318295724,1.94751655570544,100,0,7.61162445327796,914.228060266719,"Cropland_Minimal use","Cropland","Minimal use","AD1_2008__Billeter 3","AD1_2008__Billeter 3 CR3","50.6736811513,14.2635297899","flight trap","AD1_2008__Billeter 3 CR3 30",3.49650756146648,32,32,1,"Czech Republic","2001","individuals"
0,0,1.21005590731042,5.51263316831983,93.2773109243697,0.0123188292141729,4.21680506315591,2.57865021259791,1.93847046353531,97.6323162598396,0,7.60000050262659,911.567367469738,"Cropland_Minimal use","Cropland","Minimal use","AD1_2008__Billeter 3","AD1_2008__Billeter 3 CR3","50.6868145867,14.2533948823","flight trap","AD1_2008__Billeter 3 CR3 31",2.30258509299405,9,9,1,"Czech Republic","2001","individuals"
0,0,2.36662519852314,3.51572774265334,94.1176470588235,0.00582915984331526,3.55823024611203,2.58101583867785,1.83174152136973,85.1487874466627,0,7.59587986580112,910.624164160524,"Cropland_Minimal use","Cropland","Minimal use","AD1_2008__Billeter 3","AD1_2008__Billeter 3 CR3","50.6944904802,14.2506621244","flight trap","AD1_2008__Billeter 3 CR3 32",2.30258509299405,9,9,1,"Czech Republic","2001","individuals"
0.28755498274946,0,0,0,94.4619868836532,0.312658310698549,70.7210311889648,2.44487619400024,4.07762661712081,0,0,7.71218261718752,906.747757457197,"Cropland_Minimal use","Cropland","Minimal use","AD1_2008__Billeter 4","AD1_2008__Billeter 4 CR1","50.5344173845,16.3819078381","flight trap","AD1_2008__Billeter 4 CR1 1",3.04452243772342,20,20,1,"Czech Republic","2002","individuals"
0,0,1.5336404464451,0,95.5832933269323,0.228772587425997,70.7210311889648,2.44487619400024,3.57425392018096,0,0,7.71218261718752,906.747757457197,"Cropland_Minimal use","Cropland","Minimal use","AD1_2008__Billeter 4","AD1_2008__Billeter 4 CR1","50.5394035372,16.377852323","flight trap","AD1_2008__Billeter 4 CR1 2",4.55387689160054,94,94,1,"Czech Republic","2002","individuals"
1.58971663065196,0,1.81729503126727,3.06419805810191,93.5287902799789,0.309662016847352,70.7210311889648,2.44487619400024,3.72172767301758,0,0,7.71218261718752,906.747757457197,"Cropland_Minimal use","Cropland","Minimal use","AD1_2008__Billeter 4","AD1_2008__Billeter 4 CR1","50.5265145413,16.3753799177","flight trap","AD1_2008__Billeter 4 CR1 3",2.83321334405622,16,16,1,"Czech Republic","2002","individuals"
0,0,2.23582983529378,0.173808718923091,97.5903614457831,0.167982339228335,66.4959240188341,2.33022630561149,2.89105732082217,0,0,7.64861811643478,918.928202848796,"Cropland_Minimal use","Cropland","Minimal use","AD1_2008__Billeter 4","AD1_2008__Billeter 4 CR1","50.5517786387,16.368046908","flight trap","AD1_2008__Billeter 4 CR1 4",4.02535169073515,55,55,1,"Czech Republic","2002","individuals"
3.73814382736082,0,0,1.42807360300754,94.8337825696316,0.388694108784777,70.7210311889648,2.44487619400024,3.63526610965124,0,0,7.71218261718752,906.747757457197,"Cropland_Minimal use","Cropland","Minimal use","AD1_2008__Billeter 4","AD1_2008__Billeter 4 CR1","50.5340640079,16.3699126507","flight trap","AD1_2008__Billeter 4 CR1 5",4.07753744390572,58,58,1,"Czech Republic","2002","individuals"
1.28782997777892,0,1.30879799645055,4.65127118543439,92.7521008403361,0.132454658456553,70.7210311889648,2.44487619400024,3.41704034648071,0,0,7.71218261718752,906.747757457197,"Cropland_Minimal use","Cropland","Minimal use","AD1_2008__Billeter 4","AD1_2008__Billeter 4 CR1","50.5212506165,16.3710187127","flight trap","AD1_2008__Billeter 4 CR1 6",3.68887945411394,39,39,1,"Czech Republic","2002","individuals"
0.14227943827519,0.223913759987991,1.55070020113674,0.489916110432781,97.5931904901673,0.159942582642218,64.6998209850848,2.28148836736229,3.19937902959743,0,0,7.62160172699618,924.105175094911,"Cropland_Minimal use","Cropland","Minimal use","AD1_2008__Billeter 4","AD1_2008__Billeter 4 CR1","50.5560008943,16.3647691936","flight trap","AD1_2008__Billeter 4 CR1 7",4.38202663467388,79,79,1,"Czech Republic","2002","individuals"
2.6923595287896,0.114005694279353,0,2.58756130060911,94.6060734763219,0.448081534050769,68.7156265710111,2.41822627627797,3.69433693061253,0,0,7.70960926584001,906.676195114104,"Cropland_Minimal use","Cropland","Minimal use","AD1_2008__Billeter 4","AD1_2008__Billeter 4 CR1","50.5310006875,16.3598381995","flight trap","AD1_2008__Billeter 4 CR1 8",3.13549421592915,22,22,1,"Czech Republic","2002","individuals"
0.0280492191762058,0.319622661109665,0,0,98.0485938396786,0.545020536820649,64.862859238119,2.36702666722881,3.17375852753576,0,0,7.70467219882478,906.538900187799,"Cropland_Minimal use","Cropland","Minimal use","AD1_2008__Billeter 4","AD1_2008__Billeter 4 CR1","50.5408757917,16.3550605046","flight trap","AD1_2008__Billeter 4 CR1 9",3.63758615972639,37,37,1,"Czech Republic","2002","individuals"
0,0.319622661086588,0,0,96.3320463320463,0.637236396575322,61.7542145153735,2.32571573907633,3.45119527918967,0,0,7.70069238109437,906.428225412609,"Cropland_Minimal use","Cropland","Minimal use","AD1_2008__Billeter 4","AD1_2008__Billeter 4 CR1","50.5350285162,16.3517131707","flight trap","AD1_2008__Billeter 4 CR1 10",3.36729582998647,28,28,1,"Czech Republic","2002","individuals"
2.44172440622906,0.0346906881105659,0,0,97.5235849056604,0.488829499008249,58.751801664312,2.27889657681717,3.26470249146121,0,0,7.68369096255154,911.002503071025,"Cropland_Minimal use","Cropland","Minimal use","AD1_2008__Billeter 4","AD1_2008__Billeter 4 CR1","50.5444730487,16.3488938563","flight trap","AD1_2008__Billeter 4 CR1 11",3.29583686600433,26,26,1,"Czech Republic","2002","individuals"
0,0,9.36557931132257,2.15646905283104,88.4779516358464,0.0456718137334241,63.3402590905823,2.34679276116691,3.37980139506351,0,0,7.70272318273054,906.484699987518,"Cropland_Minimal use","Cropland","Minimal use","AD1_2008__Billeter 4","AD1_2008__Billeter 4 CR1","50.5109588705,16.3533934316","flight trap","AD1_2008__Billeter 4 CR1 12",4.00733318523247,54,54,1,"Czech Republic","2002","individuals"
1.98108818364345,0.0438005175754304,0.250230595422428,0.00206955298570521,97.722811150373,0.498471297351332,49.524794884601,2.16294271957303,2.89901834737865,0,0,7.68373049659255,906.577935992641,"Cropland_Minimal use","Cropland","Minimal use","AD1_2008__Billeter 4","AD1_2008__Billeter 4 CR1","50.5417230555,16.3330186852","flight trap","AD1_2008__Billeter 4 CR1 13",2.07944154167984,7,7,1,"Czech Republic","2002","individuals"
0,0,7.79054916985952,0,92.2094508301405,0.0627431260018903,49.510555267334,2.16300916671753,2.84548991798914,0,0,7.68500162760421,905.991881154478,"Cropland_Minimal use","Cropland","Minimal use","AD1_2008__Billeter 4","AD1_2008__Billeter 4 CR1","50.5229034435,16.3352406348","flight trap","AD1_2008__Billeter 4 CR1 14",3.43398720448515,30,30,1,"Czech Republic","2002","individuals"
0,0,5.14780595875449,0.0335411915045659,94.8186528497409,0.170752988962874,49.510555267334,2.16300916671753,2.3078272165387,0,0,7.68500162760421,905.991881154478,"Cropland_Minimal use","Cropland","Minimal use","AD1_2008__Billeter 4","AD1_2008__Billeter 4 CR1","50.5280530865,16.3318185339","flight trap","AD1_2008__Billeter 4 CR1 15",2.99573227355399,19,19,1,"Czech Republic","2002","individuals"
0,0,2.25727134300086,0.33096395111679,97.4117647058823,0.153901621036901,49.510555267334,2.16300916671753,1.97656677129182,0,0,7.68500162760421,905.991881154478,"Cropland_Minimal use","Cropland","Minimal use","AD1_2008__Billeter 4","AD1_2008__Billeter 4 CR1","50.5336654703,16.3227075526","flight trap","AD1_2008__Billeter 4 CR1 16",4.11087386417331,60,60,1,"Czech Republic","2002","individuals"
0,0,10.2652400106727,8.06145321641895,81.6733067729084,0.00304412907703763,3.31419374667839,2.6995974650556,2.67334598836862,88.9058229245463,0,8.49245605468752,959.618116496131,"Cropland_Minimal use","Cropland","Minimal use","AD1_2008__Billeter 4","AD1_2008__Billeter 4 CR3","50.7047361283,14.3007356889","flight trap","AD1_2008__Billeter 4 CR3 17",2.83321334405622,16,16,1,"Czech Republic","2002","individuals"
0,0,1.53735626574439,9.18650432406795,89.2761394101877,0.0102437199484829,5.00418705525989,2.63595998695526,1.76110015782658,100,0,8.49245605468752,959.618116496131,"Cropland_Minimal use","Cropland","Minimal use","AD1_2008__Billeter 4","AD1_2008__Billeter 4 CR3","50.6877832641,14.2978616764","flight trap","AD1_2008__Billeter 4 CR3 18",3.13549421592915,22,22,1,"Czech Republic","2002","individuals"
0.253005932987709,0.0529737107987245,1.34341033693229,0.624773000961627,97.7258370183197,0.120916540971082,5.27495040568893,2.59583376176206,1.62252818603228,98.5920555636054,1.40794443639463,8.49245605468752,959.618116496131,"Cropland_Minimal use","Cropland","Minimal use","AD1_2008__Billeter 4","AD1_2008__Billeter 4 CR3","50.6725175361,14.292359744","flight trap","AD1_2008__Billeter 4 CR3 19",2.70805020110221,14,14,1,"Czech Republic","2002","individuals"
0,0,0,7.65217391304348,92.3478260869565,0.00781940071967807,5.13175775719046,2.57780150317988,2.01034324982666,100,0,8.49245605468752,959.618116496131,"Cropland_Minimal use","Cropland","Minimal use","AD1_2008__Billeter 4","AD1_2008__Billeter 4 CR3","50.6942198067,14.2854696593","flight trap","AD1_2008__Billeter 4 CR3 20",2.30258509299405,9,9,1,"Czech Republic","2002","individuals"
0,0.0333478894854632,1.89417580544972,1.60828772845557,96.4641885766092,0.0912327007164283,5.3988285866492,2.57747542863515,1.71419623154233,100,0,8.49245605468752,959.618116496131,"Cropland_Minimal use","Cropland","Minimal use","AD1_2008__Billeter 4","AD1_2008__Billeter 4 CR3","50.6762963995,14.2892538525","flight trap","AD1_2008__Billeter 4 CR3 21",2.83321334405622,16,16,1,"Czech Republic","2002","individuals"
0,0,0.902810553398762,7.77643472962011,91.3207547169811,0.019337195291246,5.47797584533691,2.56574606895447,1.89270175543171,100,0,8.49245605468752,959.618116496131,"Cropland_Minimal use","Cropland","Minimal use","AD1_2008__Billeter 4","AD1_2008__Billeter 4 CR3","50.6885691865,14.2776472272","flight trap","AD1_2008__Billeter 4 CR3 22",3.25809653802148,25,25,1,"Czech Republic","2002","individuals"
0,0,1.77007613223271,5.58624570684776,92.6436781609195,0.0410873665160441,5.47797584533691,2.56574606895447,1.90850255115968,100,0,8.49245605468752,959.618116496131,"Cropland_Minimal use","Cropland","Minimal use","AD1_2008__Billeter 4","AD1_2008__Billeter 4 CR3","50.6826905224,14.2781805104","flight trap","AD1_2008__Billeter 4 CR3 23",2.77258872223978,15,15,1,"Czech Republic","2002","individuals"
0,0,2.66070993726059,9.52890631556108,87.8103837471783,0.00681266578443704,4.22530174026091,2.60936461690633,2.12674457332768,100,0,8.49245605468752,959.618116496131,"Cropland_Minimal use","Cropland","Minimal use","AD1_2008__Billeter 4","AD1_2008__Billeter 4 CR3","50.6990883496,14.2737713751","flight trap","AD1_2008__Billeter 4 CR3 24",2.94443897916644,18,18,1,"Czech Republic","2002","individuals"
0,0,0.791633777111153,6.9431728527231,92.2651933701657,0.0132458128886138,5.24116040783659,2.57399206483998,1.93103141030759,100,0,8.49245605468752,959.618116496131,"Cropland_Minimal use","Cropland","Minimal use","AD1_2008__Billeter 4","AD1_2008__Billeter 4 CR3","50.6934836063,14.2716838864","flight trap","AD1_2008__Billeter 4 CR3 25",2.99573227355399,19,19,1,"Czech Republic","2002","individuals"
0,0,2.31415996640756,9.40997796462692,88.2758620689655,0.00705832594937994,4.41969728654924,2.60259569638419,2.05955681959126,100,0,8.49245605468752,959.618116496131,"Cropland_Minimal use","Cropland","Minimal use","AD1_2008__Billeter 4","AD1_2008__Billeter 4 CR3","50.6981239726,14.270235705","flight trap","AD1_2008__Billeter 4 CR3 26",2.484906649788,11,11,1,"Czech Republic","2002","individuals"
0.0117274050040587,0,0.553938610903453,2.84538752467971,96.5889464594128,0.101436800246244,5.47797584533691,2.56574606895447,2.13736422942554,100,0,8.49245605468752,959.618116496131,"Cropland_Minimal use","Cropland","Minimal use","AD1_2008__Billeter 4","AD1_2008__Billeter 4 CR3","50.67170621,14.2755468247","flight trap","AD1_2008__Billeter 4 CR3 27",3.3322045101752,27,27,1,"Czech Republic","2002","individuals"
0,0,1.10381010258622,4.64204625100495,94.2541436464088,0.047241741932222,5.47797584533691,2.56574606895447,1.9283346921203,100,0,8.49245605468752,959.618116496131,"Cropland_Minimal use","Cropland","Minimal use","AD1_2008__Billeter 4","AD1_2008__Billeter 4 CR3","50.6780992837,14.2713823772","flight trap","AD1_2008__Billeter 4 CR3 28",3.43398720448515,30,30,1,"Czech Republic","2002","individuals"
0,0,0.16237721428137,6.58693408048446,93.2506887052342,0.0216584791180332,5.47797584533691,2.56574606895447,1.83145356247818,100,0,8.49245605468752,959.618116496131,"Cropland_Minimal use","Cropland","Minimal use","AD1_2008__Billeter 4","AD1_2008__Billeter 4 CR3","50.6775261996,14.2642773708","flight trap","AD1_2008__Billeter 4 CR3 29",2.89037175789616,17,17,1,"Czech Republic","2002","individuals"
0,0,0.0316574519536817,7.07993992222576,92.8884026258206,0.0179728158557407,5.45968848588493,2.56593318295724,1.94751655570544,100,0,8.49216638852397,959.670349236816,"Cropland_Minimal use","Cropland","Minimal use","AD1_2008__Billeter 4","AD1_2008__Billeter 4 CR3","50.6736811513,14.2635297899","flight trap","AD1_2008__Billeter 4 CR3 30",3.09104245335832,21,21,1,"Czech Republic","2002","individuals"
0,0,1.21005590731042,5.51263316831983,93.2773109243697,0.0123188292141729,4.21680506315591,2.57865021259791,1.93847046353531,97.6323162598396,0,8.47271862493419,963.177179237365,"Cropland_Minimal use","Cropland","Minimal use","AD1_2008__Billeter 4","AD1_2008__Billeter 4 CR3","50.6868145867,14.2533948823","flight trap","AD1_2008__Billeter 4 CR3 31",2.94443897916644,18,18,1,"Czech Republic","2002","individuals"
0,0,2.36662519852314,3.51572774265334,94.1176470588235,0.00582915984331526,3.55823024611203,2.58101583867785,1.83174152136973,85.1487874466627,0,8.46582448255312,964.420334277706,"Cropland_Minimal use","Cropland","Minimal use","AD1_2008__Billeter 4","AD1_2008__Billeter 4 CR3","50.6944904802,14.2506621244","flight trap","AD1_2008__Billeter 4 CR3 32",3.52636052461616,33,33,1,"Czech Republic","2002","individuals"
0,28.7552045461786,0.938366280191758,11.7782310993517,58.5281980742779,0,16.1316752845723,1.99838991880938,2.69201188204655,0,0,6.1298555957322,839.296577957908,"Cropland_Minimal use","Cropland","Minimal use","AD1_2008__Billeter 5","AD1_2008__Billeter 5 E1","58.503623471,24.5492967029","flight trap","AD1_2008__Billeter 5 E1 1",2.39789527279837,10,10,1,"Estonia","2001","individuals"
0,29.5583485090167,10.3149603243023,23.1953798375106,36.9313113291704,0,14.163517123488,1.94091540694825,2.24161995829063,0,0,6.12133568756106,839.207633484388,"Cropland_Minimal use","Cropland","Minimal use","AD1_2008__Billeter 5","AD1_2008__Billeter 5 E1","58.4794908755,24.550833287","flight trap","AD1_2008__Billeter 5 E1 2",1.09861228866811,2,2,1,"Estonia","2001","individuals"
0,33.0804952084814,15.6981414124743,3.42594891696321,47.7954144620811,0,14.094853119752,1.92462058676241,2.51508057455593,0,0,6.08605976539055,838.83936680095,"Cropland_Minimal use","Cropland","Minimal use","AD1_2008__Billeter 5","AD1_2008__Billeter 5 E1","58.487250488,24.5574287798","flight trap","AD1_2008__Billeter 5 E1 3",2.89037175789616,17,17,1,"Estonia","2001","individuals"
0,30.0321554368396,0,13.4846061064874,56.483238456673,0,15.2669288154738,1.97070697863698,2.57210395980006,0,0,6.07386913856711,838.712101475678,"Cropland_Minimal use","Cropland","Minimal use","AD1_2008__Billeter 5","AD1_2008__Billeter 5 E1","58.4997398074,24.5599869815","flight trap","AD1_2008__Billeter 5 E1 4",1.79175946922805,5,5,1,"Estonia","2001","individuals"
0,32.0203365818771,0.163429660694926,10.5044727120017,57.3117610454263,0,14.6477973732372,1.9412986409233,2.57347541922741,0,0,6.05649818637677,838.530755601277,"Cropland_Minimal use","Cropland","Minimal use","AD1_2008__Billeter 5","AD1_2008__Billeter 5 E1","58.4963845583,24.5645199197","flight trap","AD1_2008__Billeter 5 E1 5",2.39789527279837,10,10,1,"Estonia","2001","individuals"
0,30.8465773909618,4.47403994145712,7.14700366280946,57.5323790047716,0.00270895097011213,14.1507206892173,1.91484182596609,2.63755195929913,0,0,6.05152066491747,838.478792244779,"Cropland_Minimal use","Cropland","Minimal use","AD1_2008__Billeter 5","AD1_2008__Billeter 5 E1","58.4927936372,24.566783619","flight trap","AD1_2008__Billeter 5 E1 6",2.07944154167984,7,7,1,"Estonia","2001","individuals"
0,25.3846833568408,0,24.0828868270895,50.5324298160697,0.0107541821633707,15.8261360107154,1.99841150346098,2.25492608219644,0,0,6.05125071207686,838.475974043831,"Cropland_Minimal use","Cropland","Minimal use","AD1_2008__Billeter 5","AD1_2008__Billeter 5 E1","58.5034439209,24.5711126672","flight trap","AD1_2008__Billeter 5 E1 7",2.94443897916644,18,18,1,"Estonia","2001","individuals"
0,25.9227938201693,28.7254140318449,7.13445393064762,38.2173382173382,0,14.0273094177246,1.90859162807465,1.74433898921128,0,0,6.05125071207686,838.475974043831,"Cropland_Minimal use","Cropland","Minimal use","AD1_2008__Billeter 5","AD1_2008__Billeter 5 E1","58.4806957773,24.5710084363","flight trap","AD1_2008__Billeter 5 E1 8",2.39789527279837,10,10,1,"Estonia","2001","individuals"
0,34.0989328753136,0.816225335839715,8.43570580086769,56.649135987979,0.0585951556257991,14.6535764256481,1.93986269379574,2.15658443293691,0,0,6.05125071207686,838.475974043831,"Cropland_Minimal use","Cropland","Minimal use","AD1_2008__Billeter 5","AD1_2008__Billeter 5 E1","58.4964872101,24.580869378","flight trap","AD1_2008__Billeter 5 E1 9",2.39789527279837,10,10,1,"Estonia","2001","individuals"
0,22.352495250427,34.658617234973,2.75900245712871,40.2298850574713,0,14.0273094177246,1.90859162807465,1.57188942541327,0,0,6.05125071207687,838.475974043831,"Cropland_Minimal use","Cropland","Minimal use","AD1_2008__Billeter 5","AD1_2008__Billeter 5 E1","58.476806113,24.5815957295","flight trap","AD1_2008__Billeter 5 E1 10",0,0,0,1,"Estonia","2001","individuals"
0,26.5492179654822,1.8420054220541,18.3019251666089,50.381679389313,0.0491462079147591,15.8887909155087,2.00192103830275,2.19831802259457,0,0,6.05125071207686,838.475974043831,"Cropland_Minimal use","Cropland","Minimal use","AD1_2008__Billeter 5","AD1_2008__Billeter 5 E1","58.5041135479,24.5844970586","flight trap","AD1_2008__Billeter 5 E1 11",1.09861228866811,2,2,1,"Estonia","2001","individuals"
0,27.7770290974685,13.9353867533699,3.44887447174227,54.8387096774194,0.0386468678324989,14.0548066311698,1.90952940388079,1.93161298827768,0,0,6.05125071207686,838.475974043831,"Cropland_Minimal use","Cropland","Minimal use","AD1_2008__Billeter 5","AD1_2008__Billeter 5 E1","58.49215604,24.5845561008","flight trap","AD1_2008__Billeter 5 E1 12",3.36729582998647,28,28,1,"Estonia","2001","individuals"
0,22.0853202980801,15.0827395154808,8.31177328796901,54.5201668984701,0.0240198257058465,15.1865936621423,1.97796605606281,2.01947444394391,0,0,6.05125071207686,838.475974043831,"Cropland_Minimal use","Cropland","Minimal use","AD1_2008__Billeter 5","AD1_2008__Billeter 5 E1","58.5107653233,24.6004294025","flight trap","AD1_2008__Billeter 5 E1 13",2.63905732961526,13,13,1,"Estonia","2001","individuals"
0,15.9899487582851,27.3555945872582,0,56.6544566544567,0.00684709051598091,12.825033391368,1.83389135147042,1.49593912478616,0,0,6.05125071207686,838.475974043831,"Cropland_Minimal use","Cropland","Minimal use","AD1_2008__Billeter 5","AD1_2008__Billeter 5 E1","58.4758496009,24.6028431471","flight trap","AD1_2008__Billeter 5 E1 14",3.40119738166216,29,29,1,"Estonia","2001","individuals"
0,17.6072657401195,23.2283730396861,5.86765792349112,53.2967032967033,0.114813256697519,14.0283614948532,1.91178407712985,2.48878758340225,0,0,6.05125071207686,838.475974043831,"Cropland_Minimal use","Cropland","Minimal use","AD1_2008__Billeter 5","AD1_2008__Billeter 5 E1","58.5018174343,24.6045830299","flight trap","AD1_2008__Billeter 5 E1 15",1.09861228866811,2,2,1,"Estonia","2001","individuals"
0,15.7883136436475,25.8038151577837,0,58.4078711985689,0.118418023366206,12.6680490561128,1.82515945215876,2.57664199063877,0,0,6.05125071207686,838.475974043831,"Cropland_Minimal use","Cropland","Minimal use","AD1_2008__Billeter 5","AD1_2008__Billeter 5 E1","58.4929527384,24.6066779165","flight trap","AD1_2008__Billeter 5 E1 16",2.19722457733622,8,8,1,"Estonia","2001","individuals"
0,18.3995587200938,29.106929455174,1.51790206863468,50.9756097560976,0.0826857518083179,14.2040529251099,2.03883218765259,2.1019585131056,0,0,5.87465565999349,829.308124026284,"Cropland_Minimal use","Cropland","Minimal use","AD1_2008__Billeter 5","AD1_2008__Billeter 5 E2","58.5593310636,24.980414559","flight trap","AD1_2008__Billeter 5 E2 17",2.77258872223978,15,15,1,"Estonia","2001","individuals"
0,8.53916699298817,10.3126634451983,6.39900568221492,74.7491638795987,0.0656421009846028,14.1729919019581,2.03439689196479,2.17885775037146,0,0,5.87465565999349,829.308124026284,"Cropland_Minimal use","Cropland","Minimal use","AD1_2008__Billeter 5","AD1_2008__Billeter 5 E2","58.5666560207,24.9859953326","flight trap","AD1_2008__Billeter 5 E2 18",1.38629436111989,3,3,1,"Estonia","2001","individuals"
0,9.68006029338138,7.0715341490002,6.61970396308539,76.628701594533,0.0373299957348139,13.854074470599,1.98885772536493,2.00857033607754,0,0,5.87465565999349,829.308124026284,"Cropland_Minimal use","Cropland","Minimal use","AD1_2008__Billeter 5","AD1_2008__Billeter 5 E2","58.5720377919,25.0004200182","flight trap","AD1_2008__Billeter 5 E2 19",2.39789527279837,10,10,1,"Estonia","2001","individuals"
0,14.466968489484,9.44764038504992,2.63070777317183,73.4546833522943,0.045572767066958,13.8478908107597,1.98797474222281,1.96102506173632,0,0,5.87465565999349,829.308124026284,"Cropland_Minimal use","Cropland","Minimal use","AD1_2008__Billeter 5","AD1_2008__Billeter 5 E2","58.5667291342,25.0006654359","flight trap","AD1_2008__Billeter 5 E2 20",0.693147180559945,1,1,1,"Estonia","2001","individuals"
0,39.0181024432805,20.5972821721041,0,40.3846153846154,0.136431391414835,14.1529550143549,1.97392845644155,2.86959156043689,0,0,5.94081352795063,829.317180492455,"Cropland_Minimal use","Cropland","Minimal use","AD1_2008__Billeter 5","AD1_2008__Billeter 5 E2","58.5509551343,25.0002666011","flight trap","AD1_2008__Billeter 5 E2 21",2.63905732961526,13,13,1,"Estonia","2001","individuals"
0.00020577789483539,13.3730886063788,4.80104357073613,6.45843040657216,75.3672316384181,0.0190319822761452,13.8204519347766,1.98405666368009,1.82379971150329,0,0,5.87465565999349,829.308124026284,"Cropland_Minimal use","Cropland","Minimal use","AD1_2008__Billeter 5","AD1_2008__Billeter 5 E2","58.5787949574,25.0017586753","flight trap","AD1_2008__Billeter 5 E2 22",2.56494935746154,12,12,1,"Estonia","2001","individuals"
0,20.6645595336343,14.6634404663657,0,64.672,0.0600707656832277,13.7732725811625,1.97492347693016,2.18125174540552,0,0,5.87595825006214,829.308302340115,"Cropland_Minimal use","Cropland","Minimal use","AD1_2008__Billeter 5","AD1_2008__Billeter 5 E2","58.5584140076,25.0045027475","flight trap","AD1_2008__Billeter 5 E2 23",1.79175946922805,5,5,1,"Estonia","2001","individuals"
0,11.2729229086092,8.46096659467043,4.36941035324838,75.896700143472,0.0300029810725415,13.7215192667191,1.96992977436695,1.82678556327978,0,0,5.87465565999349,829.308124026284,"Cropland_Minimal use","Cropland","Minimal use","AD1_2008__Billeter 5","AD1_2008__Billeter 5 E2","58.5724705049,25.0057928499","flight trap","AD1_2008__Billeter 5 E2 24",0.693147180559945,1,1,1,"Estonia","2001","individuals"
4.41173134650813,20.2379446003511,1.49028996090181,3.78267825538942,70.0773558368495,0.0179645642273841,13.5624322704253,1.9472132699814,1.81642269432434,0,0,5.87465565999349,829.308124026284,"Cropland_Minimal use","Cropland","Minimal use","AD1_2008__Billeter 5","AD1_2008__Billeter 5 E2","58.5795592695,25.0136029886","flight trap","AD1_2008__Billeter 5 E2 25",3.61091791264422,36,36,1,"Estonia","2001","individuals"
0,37.2841326125025,23.8825915849432,0,38.8332758025544,0.159527330515426,14.8194851905632,1.98042461723878,3.08083749503852,0,0,5.96048909873777,829.319873915727,"Cropland_Minimal use","Cropland","Minimal use","AD1_2008__Billeter 5","AD1_2008__Billeter 5 E2","58.5491497566,25.0133394936","flight trap","AD1_2008__Billeter 5 E2 26",2.484906649788,11,11,1,"Estonia","2001","individuals"
0,25.0826240129107,16.8923072007854,0,58.0250687863039,0.117260044336279,14.6854065671973,1.97603328598845,2.2716848313364,0,0,5.94634341169798,829.317937487906,"Cropland_Minimal use","Cropland","Minimal use","AD1_2008__Billeter 5","AD1_2008__Billeter 5 E2","58.5504470693,25.0268369145","flight trap","AD1_2008__Billeter 5 E2 27",2.30258509299405,9,9,1,"Estonia","2001","individuals"
0,21.5377523784802,18.1148714204851,0,60.3473762010347,0.0946392500963409,13.525242805481,1.94190287590027,2.54039809872433,0,0,5.87465565999349,829.308124026284,"Cropland_Minimal use","Cropland","Minimal use","AD1_2008__Billeter 5","AD1_2008__Billeter 5 E2","58.5653950944,25.0297159135","flight trap","AD1_2008__Billeter 5 E2 28",2.63905732961526,13,13,1,"Estonia","2001","individuals"
2.24379126056518,16.3205365468645,10.1692813989863,5.34749519392909,65.9188955996549,0.0269215688714747,13.525242805481,1.94190287590027,2.17049993911515,0,0,5.87465565999349,829.308124026284,"Cropland_Minimal use","Cropland","Minimal use","AD1_2008__Billeter 5","AD1_2008__Billeter 5 E2","58.578787487,25.0319250565","flight trap","AD1_2008__Billeter 5 E2 29",1.09861228866811,2,2,1,"Estonia","2001","individuals"
0,16.5923545701707,14.7440706345282,0.00979163120023099,68.6537831641009,0.0835029091552513,14.0093098280339,1.94382742858602,2.48126002941242,0,0,5.88618088997728,828.872114865206,"Cropland_Minimal use","Cropland","Minimal use","AD1_2008__Billeter 5","AD1_2008__Billeter 5 E2","58.5583532067,25.0386301326","flight trap","AD1_2008__Billeter 5 E2 30",2.19722457733622,8,8,1,"Estonia","2001","individuals"
0.0597665222205449,12.6784238110023,23.9380639893145,2.22731238816283,61.0964332892999,0.0710347502571769,14.2506934905543,1.94374542953614,2.66538613078829,0,0,5.8904381764775,828.619153082549,"Cropland_Minimal use","Cropland","Minimal use","AD1_2008__Billeter 5","AD1_2008__Billeter 5 E2","58.5751226435,25.0408114422","flight trap","AD1_2008__Billeter 5 E2 31",1.38629436111989,3,3,1,"Estonia","2001","individuals"
0,9.75499301002806,22.6373687889655,2.766740965743,64.8408972352634,0.124348335078888,15.0624128824055,1.94580709485335,2.52782333609542,0,0,5.90801495568732,827.851855283603,"Cropland_Minimal use","Cropland","Minimal use","AD1_2008__Billeter 5","AD1_2008__Billeter 5 E2","58.5660300158,25.0465575942","flight trap","AD1_2008__Billeter 5 E2 32",1.38629436111989,3,3,1,"Estonia","2001","individuals"
0,0,6.1588686861205,4.48405051457455,89.357080799305,0.190151660093403,22.2896655521051,1.92488023650926,1.69297018980204,0,0,5.79745954444846,882.390846385794,"Cropland_Intense use","Cropland","Intense use","AD1_2008__Billeter 5","AD1_2008__Billeter 5 E3","58.3414781913,25.6118045831","flight trap","AD1_2008__Billeter 5 E3 33",2.07944154167984,7,7,1,"Estonia","2001","individuals"
0,0,5.4726368159204,0,94.5273631840796,0.186095772618697,22.2935781029668,1.92671650298812,1.92111990359555,0,0,5.79783274332687,882.540898164734,"Cropland_Intense use","Cropland","Intense use","AD1_2008__Billeter 5","AD1_2008__Billeter 5 E3","58.3322552878,25.6115460303","flight trap","AD1_2008__Billeter 5 E3 34",0.693147180559945,1,1,1,"Estonia","2001","individuals"
0,0,11.4230396902226,0,88.5769603097773,0.0655605314183088,22.8541812896729,1.90517294406891,2.14121974367308,0,0,5.79783274332686,882.540898164734,"Cropland_Intense use","Cropland","Intense use","AD1_2008__Billeter 5","AD1_2008__Billeter 5 E3","58.3237185588,25.6198097822","flight trap","AD1_2008__Billeter 5 E3 35",0,0,0,1,"Estonia","2001","individuals"
0.814933859241226,0.0202178474773472,1.90750955045387,6.8818046749166,90.375534067911,0.398231353505777,19.7170979754271,1.87477757369432,2.51248595928145,0,0,5.76735240558406,870.285692788674,"Cropland_Intense use","Cropland","Intense use","AD1_2008__Billeter 5","AD1_2008__Billeter 5 E3","58.349872156,25.6261155521","flight trap","AD1_2008__Billeter 5 E3 36",1.09861228866811,2,2,1,"Estonia","2001","individuals"
0,0,7.39007626388445,0.321575035361148,92.2883487007544,0.0853970835115317,22.8541812896729,1.90517294406891,1.69775022864714,0,0,5.79783274332686,882.540898164734,"Cropland_Intense use","Cropland","Intense use","AD1_2008__Billeter 5","AD1_2008__Billeter 5 E3","58.3155331804,25.6312623158","flight trap","AD1_2008__Billeter 5 E3 37",0.693147180559945,1,1,1,"Estonia","2001","individuals"
0,0,8.95226836046172,0.145960302984336,90.901771336554,0.0920824790036849,22.8541812896729,1.90517294406891,1.83548101393889,0,0,5.79783274332686,882.540898164734,"Cropland_Intense use","Cropland","Intense use","AD1_2008__Billeter 5","AD1_2008__Billeter 5 E3","58.318453447,25.6314863953","flight trap","AD1_2008__Billeter 5 E3 38",1.38629436111989,3,3,1,"Estonia","2001","individuals"
2.57808962471139,0.00053266434113755,0.106933391218511,5.6899717458893,91.6244725738397,0.455981543445575,18.9178870478716,1.87132086791342,3.38996805596936,0,0,5.7616574126705,864.847133242754,"Cropland_Intense use","Cropland","Intense use","AD1_2008__Billeter 5","AD1_2008__Billeter 5 E3","58.3520795074,25.6375408345","flight trap","AD1_2008__Billeter 5 E3 39",1.38629436111989,3,3,1,"Estonia","2001","individuals"
0.727827349905328,0,9.55105711224607,0,89.7211155378486,0.27165462087386,23.3610234949067,1.90652250958649,3.37616075633799,0,0,5.80100274513053,880.17760829369,"Cropland_Intense use","Cropland","Intense use","AD1_2008__Billeter 5","AD1_2008__Billeter 5 E3","58.3324587067,25.6384623919","flight trap","AD1_2008__Billeter 5 E3 40",0.693147180559945,1,1,1,"Estonia","2001","individuals"
2.2521721892981,0.302847928316306,8.10688392237815,0.532749259923909,88.8053467000835,0.23467646150489,24.1830574599175,1.90871133419896,3.15513198313638,0,0,5.80610235836691,876.375760517502,"Cropland_Intense use","Cropland","Intense use","AD1_2008__Billeter 5","AD1_2008__Billeter 5 E3","58.33061855,25.6438172788","flight trap","AD1_2008__Billeter 5 E3 41",1.09861228866811,2,2,1,"Estonia","2001","individuals"
6.16674828786274,0.2396641997463,9.80025547738492,5.35310318827312,78.4402288467329,0.399065780371402,25.0332985388987,1.91097526571447,3.43388098016689,0,0,5.81136943914286,872.449062862823,"Cropland_Intense use","Cropland","Intense use","AD1_2008__Billeter 5","AD1_2008__Billeter 5 E3","58.338664037,25.6486455228","flight trap","AD1_2008__Billeter 5 E3 42",1.94591014905531,6,6,1,"Estonia","2001","individuals"
7.47878320701881,0.399228185926024,9.33807918372186,0.040853867777748,82.7430555555556,0.283360484421263,25.8309748900476,1.91309923346337,3.46870581726966,0,0,5.81631016671267,868.76566703389,"Cropland_Intense use","Cropland","Intense use","AD1_2008__Billeter 5","AD1_2008__Billeter 5 E3","58.3329611619,25.6530652474","flight trap","AD1_2008__Billeter 5 E3 43",0,0,0,1,"Estonia","2001","individuals"
0.976809983631271,0.140027347302789,5.39148401462269,4.29841401508663,89.1932646393566,0.497178411717442,22.5694872223002,1.91686340240993,3.08297906226822,0,0,5.80166483995538,855.906695798242,"Cropland_Intense use","Cropland","Intense use","AD1_2008__Billeter 5","AD1_2008__Billeter 5 E3","58.3492262649,25.6571538877","flight trap","AD1_2008__Billeter 5 E3 44",2.484906649788,11,11,1,"Estonia","2001","individuals"
4.63547192806491,0.854749658216998,5.93013454891507,4.55866484382399,84.020979020979,0.117685200182449,26.7196146725402,1.91546540896259,2.2115789497212,0,0,5.82181671324581,864.660443613779,"Cropland_Intense use","Cropland","Intense use","AD1_2008__Billeter 5","AD1_2008__Billeter 5 E3","58.3190897196,25.6582894742","flight trap","AD1_2008__Billeter 5 E3 45",1.94591014905531,6,6,1,"Estonia","2001","individuals"
5.37675729696908,0.477389697108243,14.0494334015924,0.558807458022454,79.5376121463078,0.433796322293809,27.2685680704347,1.91800522214769,3.54624012154856,0,0,5.82574589270026,860.732872100176,"Cropland_Intense use","Cropland","Intense use","AD1_2008__Billeter 5","AD1_2008__Billeter 5 E3","58.3420212332,25.6638678695","flight trap","AD1_2008__Billeter 5 E3 46",2.30258509299405,9,9,1,"Estonia","2001","individuals"
4.34567125218694,0.1467015606321,12.400585823114,0,83.1070413640669,0.295290374378576,27.7030162811279,1.91808390617371,4.09157423698207,0,0,5.82794342041018,860.092879971489,"Cropland_Intense use","Cropland","Intense use","AD1_2008__Billeter 5","AD1_2008__Billeter 5 E3","58.3360830337,25.6715824567","flight trap","AD1_2008__Billeter 5 E3 47",1.38629436111989,3,3,1,"Estonia","2001","individuals"
0.773476540018241,0.392775358274836,14.4355656317405,0.21394273633715,84.1842397336293,0.259624388137312,27.7030162811279,1.91808390617371,3.37094111896327,0,0,5.82794342041018,860.092879971489,"Cropland_Intense use","Cropland","Intense use","AD1_2008__Billeter 5","AD1_2008__Billeter 5 E3","58.3270635307,25.6737442795","flight trap","AD1_2008__Billeter 5 E3 48",0.693147180559945,1,1,1,"Estonia","2001","individuals"
0,0,2.12953938530309,13.478586096826,84.3918745178709,0.324993929569658,31.5415679169002,1.96497572941746,3.17664628345369,0,0.335350870292082,5.20240838276755,776.713256382245,"Cropland_Intense use","Cropland","Intense use","AD1_2008__Billeter 5","AD1_2008__Billeter 5 E4","59.1721693164,26.2500475072","flight trap","AD1_2008__Billeter 5 E4 49",1.38629436111989,3,3,1,"Estonia","2001","individuals"
2.26549880831369,0.560654414574128,9.58926202248009,18.7004645829583,68.8841201716738,0.306600979753806,26.1196904301958,1.88247016487381,3.06324535043618,0,25.3898887392744,5.18674827924272,780.0784554367,"Cropland_Intense use","Cropland","Intense use","AD1_2008__Billeter 5","AD1_2008__Billeter 5 E4","59.142666467,26.2496864536","flight trap","AD1_2008__Billeter 5 E4 50",1.09861228866811,2,2,1,"Estonia","2001","individuals"
0,0,3.95569154389966,26.9466570345923,69.097651421508,0.397599927698402,33.1463138385002,1.96545577023661,3.40335098784641,0,3.15378746491833,5.20378553407619,777.141445711738,"Cropland_Intense use","Cropland","Intense use","AD1_2008__Billeter 5","AD1_2008__Billeter 5 E4","59.1582092174,26.2524142975","flight trap","AD1_2008__Billeter 5 E4 51",1.79175946922805,5,5,1,"Estonia","2001","individuals"
0,0.175573004365597,8.32707880180812,23.033462130754,68.4638860630722,0.373264570400695,31.1025289904701,1.93507553975125,3.50334028049536,0,3.95499708163487,5.19539687611946,779.206921514928,"Cropland_Intense use","Cropland","Intense use","AD1_2008__Billeter 5","AD1_2008__Billeter 5 E4","59.1505187186,26.2552310023","flight trap","AD1_2008__Billeter 5 E4 52",0,0,0,1,"Estonia","2001","individuals"
0,0,0.218273946521731,11.0928889426966,88.6888371107816,0.326120930122983,41.2227607285114,1.97294220474917,3.30885670381137,0,0,5.21192981146904,778.806993448019,"Cropland_Intense use","Cropland","Intense use","AD1_2008__Billeter 5","AD1_2008__Billeter 5 E4","59.1696040828,26.2654982463","flight trap","AD1_2008__Billeter 5 E4 53",2.63905732961526,13,13,1,"Estonia","2001","individuals"
0,0.344092008208765,2.53497968665056,23.606238424836,73.5146898803047,0.508233628132923,38.2433190517334,1.96207339045882,3.36776732461911,0,0,5.20448129458604,779.754976766511,"Cropland_Intense use","Cropland","Intense use","AD1_2008__Billeter 5","AD1_2008__Billeter 5 E4","59.1539112842,26.2717362494","flight trap","AD1_2008__Billeter 5 E4 54",2.89037175789616,17,17,1,"Estonia","2001","individuals"
0,0.0691549838509863,15.0182904790439,18.7187011092091,66.193853427896,0.391325079745979,26.8245277404785,1.92464172840118,3.13648592918891,0,0,5.17804107666018,782.593028387055,"Cropland_Intense use","Cropland","Intense use","AD1_2008__Billeter 5","AD1_2008__Billeter 5 E4","59.1401408294,26.2786157034","flight trap","AD1_2008__Billeter 5 E4 55",1.94591014905531,6,6,1,"Estonia","2001","individuals"
4.09299417144673,0,0.957490895486655,17.8149273787974,77.1345875542692,0.569449575664237,41.6715965270996,1.97331154346466,3.70903650937965,0,0,5.21238352457686,778.906763764098,"Cropland_Intense use","Cropland","Intense use","AD1_2008__Billeter 5","AD1_2008__Billeter 5 E4","59.1630734934,26.2810019276","flight trap","AD1_2008__Billeter 5 E4 56",3.25809653802148,25,25,1,"Estonia","2001","individuals"
0,0.0239481715703495,15.0958829450646,14.0591995460753,70.8209693372898,0.38711231000644,26.8477150312892,1.9247177380952,3.22947249940988,0,0,5.17808380060789,782.588442465358,"Cropland_Intense use","Cropland","Intense use","AD1_2008__Billeter 5","AD1_2008__Billeter 5 E4","59.1412088457,26.281048167","flight trap","AD1_2008__Billeter 5 E4 57",1.38629436111989,3,3,1,"Estonia","2001","individuals"
0.0113707962635274,0.0438944578781259,3.94153870758526,3.08908560882524,92.9141104294478,0.247333547788299,32.7817927460384,1.9240478750069,3.32990722753223,0,0,5.19097529834559,781.204689269818,"Cropland_Intense use","Cropland","Intense use","AD1_2008__Billeter 5","AD1_2008__Billeter 5 E4","59.1482479285,26.2892931568","flight trap","AD1_2008__Billeter 5 E4 58",0,0,0,1,"Estonia","2001","individuals"
5.68264257662274,0,0.517898222428408,7.25245698037149,86.5470022205774,0.447651537552203,39.8953774865258,1.89339148993606,3.68674862435629,0,0,5.21238352457686,778.906763764098,"Cropland_Intense use","Cropland","Intense use","AD1_2008__Billeter 5","AD1_2008__Billeter 5 E4","59.162276999,26.2959152446","flight trap","AD1_2008__Billeter 5 E4 59",2.07944154167984,7,7,1,"Estonia","2001","individuals"
3.82772940574648,0,10.1505770198453,0.0531071869736343,85.9685863874346,0.309379726307474,39.634050722289,1.88163322785847,3.37229297955155,0,0,5.21238352457686,778.906763764098,"Cropland_Intense use","Cropland","Intense use","AD1_2008__Billeter 5","AD1_2008__Billeter 5 E4","59.1676453336,26.2973625114","flight trap","AD1_2008__Billeter 5 E4 60",2.56494935746154,12,12,1,"Estonia","2001","individuals"
0.00141759272896661,0,8.98243367528201,3.62518917608101,87.390959555908,0.189633813415802,33.3537284868886,1.84467219147118,3.2595068650544,0,0.887614252872175,5.18885114782838,781.432692262628,"Cropland_Intense use","Cropland","Intense use","AD1_2008__Billeter 5","AD1_2008__Billeter 5 E4","59.1473527489,26.3050538219","flight trap","AD1_2008__Billeter 5 E4 61",1.09861228866811,2,2,1,"Estonia","2001","individuals"
0,0,14.011321059367,5.00112062025975,80.9875583203733,0.235474914120461,33.0496861044747,1.83484734650387,3.22006312080687,0,2.19457854115294,5.18581147842404,781.758965620249,"Cropland_Intense use","Cropland","Intense use","AD1_2008__Billeter 5","AD1_2008__Billeter 5 E4","59.1460145083,26.3079762828","flight trap","AD1_2008__Billeter 5 E4 62",1.6094379124341,4,4,1,"Estonia","2001","individuals"
4.23878394643243,0,1.37040790218738,3.94550660860319,90.445301542777,0.436856367118594,37.5076443582671,1.78595667752643,3.44309550733721,0,0,5.21238352457686,778.906763764098,"Cropland_Intense use","Cropland","Intense use","AD1_2008__Billeter 5","AD1_2008__Billeter 5 E4","59.1621849277,26.3094084034","flight trap","AD1_2008__Billeter 5 E4 63",2.89037175789616,17,17,1,"Estonia","2001","individuals"
1.32411025770151,0,6.75462006445354,3.13273639687107,88.7885332809739,0.473483005072951,37.2612264710783,1.77486923263102,3.33893446367767,0,0,5.21238352457686,778.906763764098,"Cropland_Intense use","Cropland","Intense use","AD1_2008__Billeter 5","AD1_2008__Billeter 5 E4","59.1671361669,26.311064366","flight trap","AD1_2008__Billeter 5 E4 64",1.79175946922805,5,5,1,"Estonia","2001","individuals"
0,28.7552045461786,0.938366280191758,11.7782310993517,58.5281980742779,0,16.1316752845723,1.99838991880938,2.69201188204655,0,0,6.61096697441961,661.908406103563,"Cropland_Minimal use","Cropland","Minimal use","AD1_2008__Billeter 6","AD1_2008__Billeter 6 E1","58.503623471,24.5492967029","flight trap","AD1_2008__Billeter 6 E1 1",2.99573227355399,19,19,1,"Estonia","2002","individuals"
0,29.5583485090167,10.3149603243023,23.1953798375106,36.9313113291704,0,14.163517123488,1.94091540694825,2.24161995829063,0,0,6.60131479087061,661.96645988052,"Cropland_Minimal use","Cropland","Minimal use","AD1_2008__Billeter 6","AD1_2008__Billeter 6 E1","58.4794908755,24.550833287","flight trap","AD1_2008__Billeter 6 E1 2",3.66356164612965,38,38,1,"Estonia","2002","individuals"
0,33.0804952084814,15.6981414124743,3.42594891696321,47.7954144620811,0,14.094853119752,1.92462058676241,2.51508057455593,0,0,6.56135078318289,662.206826381719,"Cropland_Minimal use","Cropland","Minimal use","AD1_2008__Billeter 6","AD1_2008__Billeter 6 E1","58.487250488,24.5574287798","flight trap","AD1_2008__Billeter 6 E1 3",4.63472898822964,102,102,1,"Estonia","2002","individuals"
0,30.0321554368396,0,13.4846061064874,56.483238456673,0,15.2669288154738,1.97070697863698,2.57210395980006,0,0,6.54754005126963,662.289892057587,"Cropland_Minimal use","Cropland","Minimal use","AD1_2008__Billeter 6","AD1_2008__Billeter 6 E1","58.4997398074,24.5599869815","flight trap","AD1_2008__Billeter 6 E1 4",3.40119738166216,29,29,1,"Estonia","2002","individuals"
0,32.0203365818771,0.163429660694926,10.5044727120017,57.3117610454263,0,14.6477973732372,1.9412986409233,2.57347541922741,0,0,6.52786054116292,662.408255937072,"Cropland_Minimal use","Cropland","Minimal use","AD1_2008__Billeter 6","AD1_2008__Billeter 6 E1","58.4963845583,24.5645199197","flight trap","AD1_2008__Billeter 6 E1 5",4.64439089914137,103,103,1,"Estonia","2002","individuals"
0,30.8465773909618,4.47403994145712,7.14700366280946,57.5323790047716,0.00270895097011213,14.1507206892173,1.91484182596609,2.63755195929913,0,0,6.52222151903038,662.442172255745,"Cropland_Minimal use","Cropland","Minimal use","AD1_2008__Billeter 6","AD1_2008__Billeter 6 E1","58.4927936372,24.566783619","flight trap","AD1_2008__Billeter 6 E1 6",3.2188758248682,24,24,1,"Estonia","2002","individuals"
0,25.3846833568408,0,24.0828868270895,50.5324298160697,0.0107541821633707,15.8261360107154,1.99841150346098,2.25492608219644,0,0,6.52191569010421,662.444011686603,"Cropland_Minimal use","Cropland","Minimal use","AD1_2008__Billeter 6","AD1_2008__Billeter 6 E1","58.5034439209,24.5711126672","flight trap","AD1_2008__Billeter 6 E1 7",4.17438726989564,64,64,1,"Estonia","2002","individuals"
0,25.9227938201693,28.7254140318449,7.13445393064762,38.2173382173382,0,14.0273094177246,1.90859162807465,1.74433898921128,0,0,6.52191569010421,662.444011686603,"Cropland_Minimal use","Cropland","Minimal use","AD1_2008__Billeter 6","AD1_2008__Billeter 6 E1","58.4806957773,24.5710084363","flight trap","AD1_2008__Billeter 6 E1 8",3.66356164612965,38,38,1,"Estonia","2002","individuals"
0,34.0989328753136,0.816225335839715,8.43570580086769,56.649135987979,0.0585951556257991,14.6535764256481,1.93986269379574,2.15658443293691,0,0,6.52191569010421,662.444011686603,"Cropland_Minimal use","Cropland","Minimal use","AD1_2008__Billeter 6","AD1_2008__Billeter 6 E1","58.4964872101,24.580869378","flight trap","AD1_2008__Billeter 6 E1 9",3.66356164612965,38,38,1,"Estonia","2002","individuals"
0,22.352495250427,34.658617234973,2.75900245712871,40.2298850574713,0,14.0273094177246,1.90859162807465,1.57188942541327,0,0,6.52191569010421,662.444011686603,"Cropland_Minimal use","Cropland","Minimal use","AD1_2008__Billeter 6","AD1_2008__Billeter 6 E1","58.476806113,24.5815957295","flight trap","AD1_2008__Billeter 6 E1 10",3.78418963391826,43,43,1,"Estonia","2002","individuals"
0,26.5492179654822,1.8420054220541,18.3019251666089,50.381679389313,0.0491462079147591,15.8887909155087,2.00192103830275,2.19831802259457,0,0,6.52191569010421,662.444011686603,"Cropland_Minimal use","Cropland","Minimal use","AD1_2008__Billeter 6","AD1_2008__Billeter 6 E1","58.5041135479,24.5844970586","flight trap","AD1_2008__Billeter 6 E1 11",3.46573590279973,31,31,1,"Estonia","2002","individuals"
0,27.7770290974685,13.9353867533699,3.44887447174227,54.8387096774194,0.0386468678324989,14.0548066311698,1.90952940388079,1.93161298827768,0,0,6.52191569010421,662.444011686603,"Cropland_Minimal use","Cropland","Minimal use","AD1_2008__Billeter 6","AD1_2008__Billeter 6 E1","58.49215604,24.5845561008","flight trap","AD1_2008__Billeter 6 E1 12",3.2188758248682,24,24,1,"Estonia","2002","individuals"
0,22.0853202980801,15.0827395154808,8.31177328796901,54.5201668984701,0.0240198257058465,15.1865936621423,1.97796605606281,2.01947444394391,0,0,6.52191569010421,662.444011686603,"Cropland_Minimal use","Cropland","Minimal use","AD1_2008__Billeter 6","AD1_2008__Billeter 6 E1","58.5107653233,24.6004294025","flight trap","AD1_2008__Billeter 6 E1 13",3.58351893845611,35,35,1,"Estonia","2002","individuals"
0,15.9899487582851,27.3555945872582,0,56.6544566544567,0.00684709051598091,12.825033391368,1.83389135147042,1.49593912478616,0,0,6.52191569010421,662.444011686603,"Cropland_Minimal use","Cropland","Minimal use","AD1_2008__Billeter 6","AD1_2008__Billeter 6 E1","58.4758496009,24.6028431471","flight trap","AD1_2008__Billeter 6 E1 14",3.97029191355212,52,52,1,"Estonia","2002","individuals"
0,17.6072657401195,23.2283730396861,5.86765792349112,53.2967032967033,0.114813256697519,14.0283614948532,1.91178407712985,2.48878758340225,0,0,6.52191569010421,662.444011686603,"Cropland_Minimal use","Cropland","Minimal use","AD1_2008__Billeter 6","AD1_2008__Billeter 6 E1","58.5018174343,24.6045830299","flight trap","AD1_2008__Billeter 6 E1 15",3.17805383034795,23,23,1,"Estonia","2002","individuals"
0,15.7883136436475,25.8038151577837,0,58.4078711985689,0.118418023366206,12.6680490561128,1.82515945215876,2.57664199063877,0,0,6.52191569010421,662.444011686603,"Cropland_Minimal use","Cropland","Minimal use","AD1_2008__Billeter 6","AD1_2008__Billeter 6 E1","58.4929527384,24.6066779165","flight trap","AD1_2008__Billeter 6 E1 16",3.66356164612965,38,38,1,"Estonia","2002","individuals"
0,18.3995587200938,29.106929455174,1.51790206863468,50.9756097560976,0.0826857518083179,14.2040529251099,2.03883218765259,2.1019585131056,0,0,6.32285970052084,660.89663063758,"Cropland_Minimal use","Cropland","Minimal use","AD1_2008__Billeter 6","AD1_2008__Billeter 6 E2","58.5593310636,24.980414559","flight trap","AD1_2008__Billeter 6 E2 17",4.06044301054642,57,57,1,"Estonia","2002","individuals"
0,8.53916699298817,10.3126634451983,6.39900568221492,74.7491638795987,0.0656421009846028,14.1729919019581,2.03439689196479,2.17885775037146,0,0,6.32285970052084,660.89663063758,"Cropland_Minimal use","Cropland","Minimal use","AD1_2008__Billeter 6","AD1_2008__Billeter 6 E2","58.5666560207,24.9859953326","flight trap","AD1_2008__Billeter 6 E2 18",3.76120011569356,42,42,1,"Estonia","2002","individuals"
0,9.68006029338138,7.0715341490002,6.61970396308539,76.628701594533,0.0373299957348139,13.854074470599,1.98885772536493,2.00857033607754,0,0,6.32285970052084,660.89663063758,"Cropland_Minimal use","Cropland","Minimal use","AD1_2008__Billeter 6","AD1_2008__Billeter 6 E2","58.5720377919,25.0004200182","flight trap","AD1_2008__Billeter 6 E2 19",3.58351893845611,35,35,1,"Estonia","2002","individuals"
0,14.466968489484,9.44764038504992,2.63070777317183,73.4546833522943,0.045572767066958,13.8478908107597,1.98797474222281,1.96102506173632,0,0,6.32285970052084,660.89663063758,"Cropland_Minimal use","Cropland","Minimal use","AD1_2008__Billeter 6","AD1_2008__Billeter 6 E2","58.5667291342,25.0006654359","flight trap","AD1_2008__Billeter 6 E2 20",3.04452243772342,20,20,1,"Estonia","2002","individuals"
0,39.0181024432805,20.5972821721041,0,40.3846153846154,0.136431391414835,14.1529550143549,1.97392845644155,2.86959156043689,0,0,6.37328576123552,662.457406650134,"Cropland_Minimal use","Cropland","Minimal use","AD1_2008__Billeter 6","AD1_2008__Billeter 6 E2","58.5509551343,25.0002666011","flight trap","AD1_2008__Billeter 6 E2 21",3.87120101090789,47,47,1,"Estonia","2002","individuals"
0.00020577789483539,13.3730886063788,4.80104357073613,6.45843040657216,75.3672316384181,0.0190319822761452,13.8204519347766,1.98405666368009,1.82379971150329,0,0,6.32285970052084,660.89663063758,"Cropland_Minimal use","Cropland","Minimal use","AD1_2008__Billeter 6","AD1_2008__Billeter 6 E2","58.5787949574,25.0017586753","flight trap","AD1_2008__Billeter 6 E2 22",5.29330482472449,198,198,1,"Estonia","2002","individuals"
0,20.6645595336343,14.6634404663657,0,64.672,0.0600707656832277,13.7732725811625,1.97492347693016,2.18125174540552,0,0,6.32385254518038,660.927360940659,"Cropland_Minimal use","Cropland","Minimal use","AD1_2008__Billeter 6","AD1_2008__Billeter 6 E2","58.5584140076,25.0045027475","flight trap","AD1_2008__Billeter 6 E2 23",2.70805020110221,14,14,1,"Estonia","2002","individuals"
0,11.2729229086092,8.46096659467043,4.36941035324838,75.896700143472,0.0300029810725415,13.7215192667191,1.96992977436695,1.82678556327978,0,0,6.32285970052084,660.89663063758,"Cropland_Minimal use","Cropland","Minimal use","AD1_2008__Billeter 6","AD1_2008__Billeter 6 E2","58.5724705049,25.0057928499","flight trap","AD1_2008__Billeter 6 E2 24",3.61091791264422,36,36,1,"Estonia","2002","individuals"
4.41173134650813,20.2379446003511,1.49028996090181,3.78267825538942,70.0773558368495,0.0179645642273841,13.5624322704253,1.9472132699814,1.81642269432434,0,0,6.32285970052084,660.89663063758,"Cropland_Minimal use","Cropland","Minimal use","AD1_2008__Billeter 6","AD1_2008__Billeter 6 E2","58.5795592695,25.0136029886","flight trap","AD1_2008__Billeter 6 E2 25",3.55534806148941,34,34,1,"Estonia","2002","individuals"
0,37.2841326125025,23.8825915849432,0,38.8332758025544,0.159527330515426,14.8194851905632,1.98042461723878,3.08083749503852,0,0,6.38828264003081,662.92158664665,"Cropland_Minimal use","Cropland","Minimal use","AD1_2008__Billeter 6","AD1_2008__Billeter 6 E2","58.5491497566,25.0133394936","flight trap","AD1_2008__Billeter 6 E2 26",3.29583686600433,26,26,1,"Estonia","2002","individuals"
0,25.0826240129107,16.8923072007854,0,58.0250687863039,0.117260044336279,14.6854065671973,1.97603328598845,2.2716848313364,0,0,6.37750068324252,662.58786596165,"Cropland_Minimal use","Cropland","Minimal use","AD1_2008__Billeter 6","AD1_2008__Billeter 6 E2","58.5504470693,25.0268369145","flight trap","AD1_2008__Billeter 6 E2 27",3.61091791264422,36,36,1,"Estonia","2002","individuals"
0,21.5377523784802,18.1148714204851,0,60.3473762010347,0.0946392500963409,13.525242805481,1.94190287590027,2.54039809872433,0,0,6.32285970052084,660.89663063758,"Cropland_Minimal use","Cropland","Minimal use","AD1_2008__Billeter 6","AD1_2008__Billeter 6 E2","58.5653950944,25.0297159135","flight trap","AD1_2008__Billeter 6 E2 28",3.71357206670431,40,40,1,"Estonia","2002","individuals"
2.24379126056518,16.3205365468645,10.1692813989863,5.34749519392909,65.9188955996549,0.0269215688714747,13.525242805481,1.94190287590027,2.17049993911515,0,0,6.32285970052084,660.89663063758,"Cropland_Minimal use","Cropland","Minimal use","AD1_2008__Billeter 6","AD1_2008__Billeter 6 E2","58.578787487,25.0319250565","flight trap","AD1_2008__Billeter 6 E2 29",2.30258509299405,9,9,1,"Estonia","2002","individuals"
0,16.5923545701707,14.7440706345282,0.00979163120023099,68.6537831641009,0.0835029091552513,14.0093098280339,1.94382742858602,2.48126002941242,0,0,6.33321962435232,660.519837848919,"Cropland_Minimal use","Cropland","Minimal use","AD1_2008__Billeter 6","AD1_2008__Billeter 6 E2","58.5583532067,25.0386301326","flight trap","AD1_2008__Billeter 6 E2 30",4.04305126783455,56,56,1,"Estonia","2002","individuals"
0.0597665222205449,12.6784238110023,23.9380639893145,2.22731238816283,61.0964332892999,0.0710347502571769,14.2506934905543,1.94374542953614,2.66538613078829,0,0,6.33737731586587,660.244412039895,"Cropland_Minimal use","Cropland","Minimal use","AD1_2008__Billeter 6","AD1_2008__Billeter 6 E2","58.5751226435,25.0408114422","flight trap","AD1_2008__Billeter 6 E2 31",3.55534806148941,34,34,1,"Estonia","2002","individuals"
0,9.75499301002806,22.6373687889655,2.766740965743,64.8408972352634,0.124348335078888,15.0624128824055,1.94580709485335,2.52782333609542,0,0,6.35354539145961,659.518044841122,"Cropland_Minimal use","Cropland","Minimal use","AD1_2008__Billeter 6","AD1_2008__Billeter 6 E2","58.5660300158,25.0465575942","flight trap","AD1_2008__Billeter 6 E2 32",2.30258509299405,9,9,1,"Estonia","2002","individuals"
0,0,6.1588686861205,4.48405051457455,89.357080799305,0.190151660093403,22.2896655521051,1.92488023650926,1.69297018980204,0,0,6.18850627251196,683.030962685386,"Cropland_Intense use","Cropland","Intense use","AD1_2008__Billeter 6","AD1_2008__Billeter 6 E3","58.3414781913,25.6118045831","flight trap","AD1_2008__Billeter 6 E3 33",4.4188406077966,82,82,1,"Estonia","2002","individuals"
0,0,5.4726368159204,0,94.5273631840796,0.186095772618697,22.2935781029668,1.92671650298812,1.92111990359555,0,0,6.18890787760421,683.148088050075,"Cropland_Intense use","Cropland","Intense use","AD1_2008__Billeter 6","AD1_2008__Billeter 6 E3","58.3322552878,25.6115460303","flight trap","AD1_2008__Billeter 6 E3 34",3.98898404656427,53,53,1,"Estonia","2002","individuals"
0,0,11.4230396902226,0,88.5769603097773,0.0655605314183088,22.8541812896729,1.90517294406891,2.14121974367308,0,0,6.18890787760421,683.148088050075,"Cropland_Intense use","Cropland","Intense use","AD1_2008__Billeter 6","AD1_2008__Billeter 6 E3","58.3237185588,25.6198097822","flight trap","AD1_2008__Billeter 6 E3 35",3.66356164612965,38,38,1,"Estonia","2002","individuals"
0.814933859241226,0.0202178474773472,1.90750955045387,6.8818046749166,90.375534067911,0.398231353505777,19.7170979754271,1.87477757369432,2.51248595928145,0,0,6.15610751415393,673.582087505796,"Cropland_Intense use","Cropland","Intense use","AD1_2008__Billeter 6","AD1_2008__Billeter 6 E3","58.349872156,25.6261155521","flight trap","AD1_2008__Billeter 6 E3 36",4.04305126783455,56,56,1,"Estonia","2002","individuals"
0,0,7.39007626388445,0.321575035361148,92.2883487007544,0.0853970835115317,22.8541812896729,1.90517294406891,1.69775022864714,0,0,6.18890787760421,683.148088050075,"Cropland_Intense use","Cropland","Intense use","AD1_2008__Billeter 6","AD1_2008__Billeter 6 E3","58.3155331804,25.6312623158","flight trap","AD1_2008__Billeter 6 E3 37",2.56494935746154,12,12,1,"Estonia","2002","individuals"
0,0,8.95226836046172,0.145960302984336,90.901771336554,0.0920824790036849,22.8541812896729,1.90517294406891,1.83548101393889,0,0,6.18890787760421,683.148088050075,"Cropland_Intense use","Cropland","Intense use","AD1_2008__Billeter 6","AD1_2008__Billeter 6 E3","58.318453447,25.6314863953","flight trap","AD1_2008__Billeter 6 E3 38",2.07944154167984,7,7,1,"Estonia","2002","individuals"
2.57808962471139,0.00053266434113755,0.106933391218511,5.6899717458893,91.6244725738397,0.455981543445575,18.9178870478716,1.87132086791342,3.38996805596936,0,0,6.14947145746129,668.694833011266,"Cropland_Intense use","Cropland","Intense use","AD1_2008__Billeter 6","AD1_2008__Billeter 6 E3","58.3520795074,25.6375408345","flight trap","AD1_2008__Billeter 6 E3 39",3.55534806148941,34,34,1,"Estonia","2002","individuals"
0.727827349905328,0,9.55105711224607,0,89.7211155378486,0.27165462087386,23.3610234949067,1.90652250958649,3.37616075633799,0,0,6.19067279752733,680.466374128025,"Cropland_Intense use","Cropland","Intense use","AD1_2008__Billeter 6","AD1_2008__Billeter 6 E3","58.3324587067,25.6384623919","flight trap","AD1_2008__Billeter 6 E3 40",4.48863636973214,88,88,1,"Estonia","2002","individuals"
2.2521721892981,0.302847928316306,8.10688392237815,0.532749259923909,88.8053467000835,0.23467646150489,24.1830574599175,1.90871133419896,3.15513198313638,0,0,6.19351204165352,676.152274433427,"Cropland_Intense use","Cropland","Intense use","AD1_2008__Billeter 6","AD1_2008__Billeter 6 E3","58.33061855,25.6438172788","flight trap","AD1_2008__Billeter 6 E3 41",3.68887945411394,39,39,1,"Estonia","2002","individuals"
6.16674828786274,0.2396641997463,9.80025547738492,5.35310318827312,78.4402288467329,0.399065780371402,25.0332985388987,1.91097526571447,3.43388098016689,0,0,6.19644452446391,671.696502884937,"Cropland_Intense use","Cropland","Intense use","AD1_2008__Billeter 6","AD1_2008__Billeter 6 E3","58.338664037,25.6486455228","flight trap","AD1_2008__Billeter 6 E3 42",4.35670882668959,77,77,1,"Estonia","2002","individuals"
7.47878320701881,0.399228185926024,9.33807918372186,0.040853867777748,82.7430555555556,0.283360484421263,25.8309748900476,1.91309923346337,3.46870581726966,0,0,6.1991953079217,667.516815070972,"Cropland_Intense use","Cropland","Intense use","AD1_2008__Billeter 6","AD1_2008__Billeter 6 E3","58.3329611619,25.6530652474","flight trap","AD1_2008__Billeter 6 E3 43",4.55387689160054,94,94,1,"Estonia","2002","individuals"
0.976809983631271,0.140027347302789,5.39148401462269,4.29841401508663,89.1932646393566,0.497178411717442,22.5694872223002,1.91686340240993,3.08297906226822,0,0,6.18546296477951,656.341090369383,"Cropland_Intense use","Cropland","Intense use","AD1_2008__Billeter 6","AD1_2008__Billeter 6 E3","58.3492262649,25.6571538877","flight trap","AD1_2008__Billeter 6 E3 44",3.87120101090789,47,47,1,"Estonia","2002","individuals"
4.63547192806491,0.854749658216998,5.93013454891507,4.55866484382399,84.020979020979,0.117685200182449,26.7196146725402,1.91546540896259,2.2115789497212,0,0,6.20226111491041,662.858463620427,"Cropland_Intense use","Cropland","Intense use","AD1_2008__Billeter 6","AD1_2008__Billeter 6 E3","58.3190897196,25.6582894742","flight trap","AD1_2008__Billeter 6 E3 45",2.56494935746154,12,12,1,"Estonia","2002","individuals"
5.37675729696908,0.477389697108243,14.0494334015924,0.558807458022454,79.5376121463078,0.433796322293809,27.2685680704347,1.91800522214769,3.54624012154856,0,0,6.20431258609646,658.553923966954,"Cropland_Intense use","Cropland","Intense use","AD1_2008__Billeter 6","AD1_2008__Billeter 6 E3","58.3420212332,25.6638678695","flight trap","AD1_2008__Billeter 6 E3 46",4.77912349311153,118,118,1,"Estonia","2002","individuals"
4.34567125218694,0.1467015606321,12.400585823114,0,83.1070413640669,0.295290374378576,27.7030162811279,1.91808390617371,4.09157423698207,0,0,6.20567220052084,657.675477326848,"Cropland_Intense use","Cropland","Intense use","AD1_2008__Billeter 6","AD1_2008__Billeter 6 E3","58.3360830337,25.6715824567","flight trap","AD1_2008__Billeter 6 E3 47",4.74493212836325,114,114,1,"Estonia","2002","individuals"
0.773476540018241,0.392775358274836,14.4355656317405,0.21394273633715,84.1842397336293,0.259624388137312,27.7030162811279,1.91808390617371,3.37094111896327,0,0,6.20567220052084,657.675477326848,"Cropland_Intense use","Cropland","Intense use","AD1_2008__Billeter 6","AD1_2008__Billeter 6 E3","58.3270635307,25.6737442795","flight trap","AD1_2008__Billeter 6 E3 48",5.18738580584075,178,178,1,"Estonia","2002","individuals"
0,0,2.12953938530309,13.478586096826,84.3918745178709,0.324993929569658,31.5415679169002,1.96497572941746,3.17664628345369,0,0.335350870292082,5.67423013636661,551.605408522456,"Cropland_Intense use","Cropland","Intense use","AD1_2008__Billeter 6","AD1_2008__Billeter 6 E4","59.1721693164,26.2500475072","flight trap","AD1_2008__Billeter 6 E4 49",3.17805383034795,23,23,1,"Estonia","2002","individuals"
2.26549880831369,0.560654414574128,9.58926202248009,18.7004645829583,68.8841201716738,0.306600979753806,26.1196904301958,1.88247016487381,3.06324535043618,0,25.3898887392744,5.64254495712937,553.481889959885,"Cropland_Intense use","Cropland","Intense use","AD1_2008__Billeter 6","AD1_2008__Billeter 6 E4","59.142666467,26.2496864536","flight trap","AD1_2008__Billeter 6 E4 50",2.83321334405622,16,16,1,"Estonia","2002","individuals"
0,0,3.95569154389966,26.9466570345923,69.097651421508,0.397599927698402,33.1463138385002,1.96545577023661,3.40335098784641,0,3.15378746491833,5.67623024788529,551.139130325701,"Cropland_Intense use","Cropland","Intense use","AD1_2008__Billeter 6","AD1_2008__Billeter 6 E4","59.1582092174,26.2524142975","flight trap","AD1_2008__Billeter 6 E4 51",3.93182563272433,50,50,1,"Estonia","2002","individuals"
0,0.175573004365597,8.32707880180812,23.033462130754,68.4638860630722,0.373264570400695,31.1025289904701,1.93507553975125,3.50334028049536,0,3.95499708163487,5.66099874555932,551.467129223929,"Cropland_Intense use","Cropland","Intense use","AD1_2008__Billeter 6","AD1_2008__Billeter 6 E4","59.1505187186,26.2552310023","flight trap","AD1_2008__Billeter 6 E4 52",3.78418963391826,43,43,1,"Estonia","2002","individuals"
0,0,0.218273946521731,11.0928889426966,88.6888371107816,0.326120930122983,41.2227607285114,1.97294220474917,3.30885670381137,0,0,5.68855098441356,548.867929455045,"Cropland_Intense use","Cropland","Intense use","AD1_2008__Billeter 6","AD1_2008__Billeter 6 E4","59.1696040828,26.2654982463","flight trap","AD1_2008__Billeter 6 E4 53",4.20469261939097,66,66,1,"Estonia","2002","individuals"
0,0.344092008208765,2.53497968665056,23.606238424836,73.5146898803047,0.508233628132923,38.2433190517334,1.96207339045882,3.36776732461911,0,0,5.67698681451811,549.248103174142,"Cropland_Intense use","Cropland","Intense use","AD1_2008__Billeter 6","AD1_2008__Billeter 6 E4","59.1539112842,26.2717362494","flight trap","AD1_2008__Billeter 6 E4 54",4.38202663467388,79,79,1,"Estonia","2002","individuals"
0,0.0691549838509863,15.0182904790439,18.7187011092091,66.193853427896,0.391325079745979,26.8245277404785,1.92464172840118,3.13648592918891,0,0,5.63601074218752,550.95659440849,"Cropland_Intense use","Cropland","Intense use","AD1_2008__Billeter 6","AD1_2008__Billeter 6 E4","59.1401408294,26.2786157034","flight trap","AD1_2008__Billeter 6 E4 55",4.04305126783455,56,56,1,"Estonia","2002","individuals"
4.09299417144673,0,0.957490895486655,17.8149273787974,77.1345875542692,0.569449575664237,41.6715965270996,1.97331154346466,3.70903650937965,0,0,5.68923339843752,548.73748368118,"Cropland_Intense use","Cropland","Intense use","AD1_2008__Billeter 6","AD1_2008__Billeter 6 E4","59.1630734934,26.2810019276","flight trap","AD1_2008__Billeter 6 E4 56",4.58496747867057,97,97,1,"Estonia","2002","individuals"
0,0.0239481715703495,15.0958829450646,14.0591995460753,70.8209693372898,0.38711231000644,26.8477150312892,1.9247177380952,3.22947249940988,0,0,5.63607695418232,550.953833709226,"Cropland_Intense use","Cropland","Intense use","AD1_2008__Billeter 6","AD1_2008__Billeter 6 E4","59.1412088457,26.281048167","flight trap","AD1_2008__Billeter 6 E4 57",3.58351893845611,35,35,1,"Estonia","2002","individuals"
0.0113707962635274,0.0438944578781259,3.94153870758526,3.08908560882524,92.9141104294478,0.247333547788299,32.7817927460384,1.9240478750069,3.32990722753223,0,0,5.65605572081845,550.120822009238,"Cropland_Intense use","Cropland","Intense use","AD1_2008__Billeter 6","AD1_2008__Billeter 6 E4","59.1482479285,26.2892931568","flight trap","AD1_2008__Billeter 6 E4 58",2.56494935746154,12,12,1,"Estonia","2002","individuals"
5.68264257662274,0,0.517898222428408,7.25245698037149,86.5470022205774,0.447651537552203,39.8953774865258,1.89339148993606,3.68674862435629,0,0,5.68923339843752,548.73748368118,"Cropland_Intense use","Cropland","Intense use","AD1_2008__Billeter 6","AD1_2008__Billeter 6 E4","59.162276999,26.2959152446","flight trap","AD1_2008__Billeter 6 E4 59",2.94443897916644,18,18,1,"Estonia","2002","individuals"
3.82772940574648,0,10.1505770198453,0.0531071869736343,85.9685863874346,0.309379726307474,39.634050722289,1.88163322785847,3.37229297955155,0,0,5.68923339843752,548.73748368118,"Cropland_Intense use","Cropland","Intense use","AD1_2008__Billeter 6","AD1_2008__Billeter 6 E4","59.1676453336,26.2973625114","flight trap","AD1_2008__Billeter 6 E4 60",4.66343909411207,105,105,1,"Estonia","2002","individuals"
0.00141759272896661,0,8.98243367528201,3.62518917608101,87.390959555908,0.189633813415802,33.3537284868886,1.84467219147118,3.2595068650544,0,0.887614252872175,5.65276379086999,550.25807853826,"Cropland_Intense use","Cropland","Intense use","AD1_2008__Billeter 6","AD1_2008__Billeter 6 E4","59.1473527489,26.3050538219","flight trap","AD1_2008__Billeter 6 E4 61",3.52636052461616,33,33,1,"Estonia","2002","individuals"
0,0,14.011321059367,5.00112062025975,80.9875583203733,0.235474914120461,33.0496861044747,1.83484734650387,3.22006312080687,0,2.19457854115294,5.64805302359407,550.45449327838,"Cropland_Intense use","Cropland","Intense use","AD1_2008__Billeter 6","AD1_2008__Billeter 6 E4","59.1460145083,26.3079762828","flight trap","AD1_2008__Billeter 6 E4 62",4.20469261939097,66,66,1,"Estonia","2002","individuals"
4.23878394643243,0,1.37040790218738,3.94550660860319,90.445301542777,0.436856367118594,37.5076443582671,1.78595667752643,3.44309550733721,0,0,5.68923339843752,548.73748368118,"Cropland_Intense use","Cropland","Intense use","AD1_2008__Billeter 6","AD1_2008__Billeter 6 E4","59.1621849277,26.3094084034","flight trap","AD1_2008__Billeter 6 E4 63",4.31748811353631,74,74,1,"Estonia","2002","individuals"
1.32411025770151,0,6.75462006445354,3.13273639687107,88.7885332809739,0.473483005072951,37.2612264710783,1.77486923263102,3.33893446367767,0,0,5.68923339843752,548.73748368118,"Cropland_Intense use","Cropland","Intense use","AD1_2008__Billeter 6","AD1_2008__Billeter 6 E4","59.1671361669,26.311064366","flight trap","AD1_2008__Billeter 6 E4 64",2.89037175789616,17,17,1,"Estonia","2002","individuals"
0,0,0,7.9527559055118,92.0472440944882,0.29649268082145,46.652821351625,2.5110365324395,2.96117522784405,0,0,11.4436826960043,848.390251249694,"Cropland_Intense use","Cropland","Intense use","AD1_2008__Billeter 7","AD1_2008__Billeter 7 F1","48.51489559,-2.55067899279","flight trap","AD1_2008__Billeter 7 F1 1",1.09861228866811,2,2,1,"France","2001","individuals"
0,0,0,1.32759861809858,96.3716814159292,0.262121268050632,46.8732939134306,2.50929589724439,2.77584059098731,0,0,11.4444067445233,848.476003460474,"Cropland_Intense use","Cropland","Intense use","AD1_2008__Billeter 7","AD1_2008__Billeter 7 F1","48.52751173,-2.54990413828","flight trap","AD1_2008__Billeter 7 F1 2",2.30258509299405,9,9,1,"France","2001","individuals"
0,0,0,0,93.2726353060192,0.203746462282247,47.0520638224388,2.50788450531014,2.70057669625097,0,0,11.4449939002518,848.54554286352,"Cropland_Intense use","Cropland","Intense use","AD1_2008__Billeter 7","AD1_2008__Billeter 7 F1","48.53674922,-2.54927518837","flight trap","AD1_2008__Billeter 7 F1 3",4.26267987704132,70,70,1,"France","2001","individuals"
0,0,0,3.80898405652265,95.9830050212437,0.394050153218152,47.5395872177231,2.50403549855235,2.83093703247001,0,0,11.4465950991635,848.735179804931,"Cropland_Intense use","Cropland","Intense use","AD1_2008__Billeter 7","AD1_2008__Billeter 7 F1","48.52467278,-2.54754808253","flight trap","AD1_2008__Billeter 7 F1 4",2.56494935746154,12,12,1,"France","2001","individuals"
0,0,0,0,95.3066118533744,0.485532012814539,49.8637657165527,2.48568606376648,2.82041597088608,0,0,11.4542455037435,849.641250446439,"Cropland_Intense use","Cropland","Intense use","AD1_2008__Billeter 7","AD1_2008__Billeter 7 F1","48.52361726,-2.53425573524","flight trap","AD1_2008__Billeter 7 F1 5",2.70805020110221,14,14,1,"France","2001","individuals"
0,0,0,0,92.3270893371758,0.436784499842597,49.8637657165527,2.48568606376648,3.23829713786652,0,0,11.4542455037435,849.641250446439,"Cropland_Intense use","Cropland","Intense use","AD1_2008__Billeter 7","AD1_2008__Billeter 7 F1","48.51276132,-2.53262329223","flight trap","AD1_2008__Billeter 7 F1 6",2.484906649788,11,11,1,"France","2001","individuals"
0,0,0,0,96.9872537659328,0.455802548238974,49.8637657165527,2.48568606376648,2.68259432518033,0,0,11.4542455037435,849.641250446439,"Cropland_Intense use","Cropland","Intense use","AD1_2008__Billeter 7","AD1_2008__Billeter 7 F1","48.52979499,-2.53273609827","flight trap","AD1_2008__Billeter 7 F1 7",2.99573227355399,19,19,1,"France","2001","individuals"
0,0,0,0,96.1174242424242,0.266992224641112,49.8637657165527,2.48568606376648,2.83307377704315,0,0,11.4542455037435,849.641250446439,"Cropland_Intense use","Cropland","Intense use","AD1_2008__Billeter 7","AD1_2008__Billeter 7 F1","48.53550519,-2.52940035235","flight trap","AD1_2008__Billeter 7 F1 8",3.25809653802148,25,25,1,"France","2001","individuals"
0,0,0,0,93.8589540412044,0.475122934093123,49.8637657165527,2.48568606376648,2.70087362497421,0,0,11.4542455037435,849.641250446439,"Cropland_Intense use","Cropland","Intense use","AD1_2008__Billeter 7","AD1_2008__Billeter 7 F1","48.52437918,-2.5231315123","flight trap","AD1_2008__Billeter 7 F1 9",1.94591014905531,6,6,1,"France","2001","individuals"
0,0,0,0,94.21852033317,0.538018684221423,47.5407611200575,2.48775210678025,3.62262155616536,0,0,11.4808237051246,855.090600419348,"Cropland_Intense use","Cropland","Intense use","AD1_2008__Billeter 7","AD1_2008__Billeter 7 F1","48.54393909,-2.51861501406","flight trap","AD1_2008__Billeter 7 F1 10",2.07944154167984,7,7,1,"France","2001","individuals"
0,0,0,0,92.5301204819277,0.364757236708738,49.8637657165527,2.48568606376648,3.21306406033576,0,0,11.4542455037435,849.641250446439,"Cropland_Intense use","Cropland","Intense use","AD1_2008__Billeter 7","AD1_2008__Billeter 7 F1","48.51276676,-2.51396241671","flight trap","AD1_2008__Billeter 7 F1 11",1.6094379124341,4,4,1,"France","2001","individuals"
0,0,0,2.6927330604158,95.2178533475027,0.287692994593059,49.8637657165527,2.48568606376648,2.80367644768298,0,0,11.4542455037435,849.641250446439,"Cropland_Intense use","Cropland","Intense use","AD1_2008__Billeter 7","AD1_2008__Billeter 7 F1","48.53446671,-2.51506746523","flight trap","AD1_2008__Billeter 7 F1 12",3.36729582998647,28,28,1,"France","2001","individuals"
0,0,0,2.06630878039907,93.6515513126492,0.405941993597599,49.8637657165527,2.48568606376648,3.2597262132961,0,0,11.4542455037435,849.641250446439,"Cropland_Intense use","Cropland","Intense use","AD1_2008__Billeter 7","AD1_2008__Billeter 7 F1","48.54030253,-2.5140203004","flight trap","AD1_2008__Billeter 7 F1 13",1.6094379124341,4,4,1,"France","2001","individuals"
0,0,0,3.80952380952381,96.1904761904762,0.273227613847349,45.9371445106787,2.46339208153266,2.65479747322807,0,0,11.4542455037435,849.641250446439,"Cropland_Intense use","Cropland","Intense use","AD1_2008__Billeter 7","AD1_2008__Billeter 7 F1","48.52809865,-2.50679023962","flight trap","AD1_2008__Billeter 7 F1 14",2.56494935746154,12,12,1,"France","2001","individuals"
0,0,0,3.67066895368782,96.3293310463122,0.415098425419929,41.401559115684,2.43764061356149,2.96455785709979,0,0,11.4542455037435,849.641250446439,"Cropland_Intense use","Cropland","Intense use","AD1_2008__Billeter 7","AD1_2008__Billeter 7 F1","48.52164282,-2.50173998648","flight trap","AD1_2008__Billeter 7 F1 15",2.70805020110221,14,14,1,"France","2001","individuals"
1.81953992569049,0,0,1.08743681849557,97.093023255814,0.36115273838805,38.4157334270705,2.42068813931812,2.95511113371227,0,0,11.4542455037435,849.641250446439,"Cropland_Intense use","Cropland","Intense use","AD1_2008__Billeter 7","AD1_2008__Billeter 7 F1","48.51757519,-2.49860033454","flight trap","AD1_2008__Billeter 7 F1 16",2.30258509299405,9,9,1,"France","2001","individuals"
0,0,0,0,87.6177658142665,0.432533739598485,31.3874394407142,2.33411063992706,2.86671462767712,7.75780374769315,0,11.5563658094889,994.863431538866,"Cropland_Minimal use","Cropland","Minimal use","AD1_2008__Billeter 7","AD1_2008__Billeter 7 F2","48.45551876,-1.63992344326","flight trap","AD1_2008__Billeter 7 F2 17",1.94591014905531,6,6,1,"France","2001","individuals"
0,0,0,0,90.9385113268608,0.244289724099262,30.7966674067085,2.36693643831749,2.42837426371606,20.5370382107025,0,11.571083482395,1000.89924136248,"Cropland_Minimal use","Cropland","Minimal use","AD1_2008__Billeter 7","AD1_2008__Billeter 7 F2","48.4685574,-1.63820796837","flight trap","AD1_2008__Billeter 7 F2 18",2.30258509299405,9,9,1,"France","2001","individuals"
0,0,6.52897152167994,0.179436349518637,93.2915921288014,0.287479728744452,30.8904459841858,2.37139895524316,2.26711662333625,57.8756056562556,0,11.5702465534903,1001.27025369466,"Cropland_Minimal use","Cropland","Minimal use","AD1_2008__Billeter 7","AD1_2008__Billeter 7 F2","48.48343022,-1.63732289918","flight trap","AD1_2008__Billeter 7 F2 19",2.63905732961526,13,13,1,"France","2001","individuals"
0,0,0.606170726387926,1.1703040601579,92.0648464163823,0.234133088031909,30.9385643005371,2.37368869781494,2.18453293973531,17.589713642333,0,11.5698053995769,1001.46581814624,"Cropland_Minimal use","Cropland","Minimal use","AD1_2008__Billeter 7","AD1_2008__Billeter 7 F2","48.47533714,-1.6330269014","flight trap","AD1_2008__Billeter 7 F2 20",3.04452243772342,20,20,1,"France","2001","individuals"
0,0,7.43533222410236,0,89.662027833002,0.341548695427729,31.153221617619,2.36837319953355,2.60228097964989,0,0,11.5655241315662,1000.19255576961,"Cropland_Minimal use","Cropland","Minimal use","AD1_2008__Billeter 7","AD1_2008__Billeter 7 F2","48.45762079,-1.62822000144","flight trap","AD1_2008__Billeter 7 F2 21",2.19722457733622,8,8,1,"France","2001","individuals"
0,0,0,7.80201342281879,92.1979865771812,0.28078090776357,30.9385643005371,2.37368869781494,2.11934468753631,0,0,11.5698053995769,1001.46581814624,"Cropland_Minimal use","Cropland","Minimal use","AD1_2008__Billeter 7","AD1_2008__Billeter 7 F2","48.47104389,-1.62466338675","flight trap","AD1_2008__Billeter 7 F2 22",2.30258509299405,9,9,1,"France","2001","individuals"
0,0,9.53099652722163,2.09922216065113,88.3697813121272,0.210852487648428,30.9385643005371,2.37368869781494,2.12060501844833,7.66911853965862,0,11.5698053995769,1001.46581814624,"Cropland_Minimal use","Cropland","Minimal use","AD1_2008__Billeter 7","AD1_2008__Billeter 7 F2","48.48282504,-1.62480080495","flight trap","AD1_2008__Billeter 7 F2 23",2.56494935746154,12,12,1,"France","2001","individuals"
0,0,9.4626883811975,0.0893227653894923,88.3892068683565,0.320829792941593,30.9385643005371,2.37368869781494,2.35127568326095,0,0,11.5698053995769,1001.46581814624,"Cropland_Minimal use","Cropland","Minimal use","AD1_2008__Billeter 7","AD1_2008__Billeter 7 F2","48.4626476,-1.62280860394","flight trap","AD1_2008__Billeter 7 F2 24",2.07944154167984,7,7,1,"France","2001","individuals"
0,0,5.62851228195909,1.64573520967972,92.7257525083612,0.354632951414833,30.9385643005371,2.37368869781494,2.39354887915267,0,0,11.5698053995769,1001.46581814624,"Cropland_Minimal use","Cropland","Minimal use","AD1_2008__Billeter 7","AD1_2008__Billeter 7 F2","48.46253083,-1.61391957622","flight trap","AD1_2008__Billeter 7 F2 25",3.58351893845611,35,35,1,"France","2001","individuals"
0,0,0,8.95779500430663,91.0422049956934,0.290008649513629,30.9385643005371,2.37368869781494,2.11617359020007,0,0,11.5698053995769,1001.46581814624,"Cropland_Minimal use","Cropland","Minimal use","AD1_2008__Billeter 7","AD1_2008__Billeter 7 F2","48.47423438,-1.61423176657","flight trap","AD1_2008__Billeter 7 F2 26",2.63905732961526,13,13,1,"France","2001","individuals"
0,0.602854104921387,2.75800760394201,9.58525445628706,87.0538838348495,0.29447555467789,30.8028916601744,2.37091180784644,2.24162965343003,0,0,11.5698053995769,1001.46581814624,"Cropland_Minimal use","Cropland","Minimal use","AD1_2008__Billeter 7","AD1_2008__Billeter 7 F2","48.4881549,-1.61228144482","flight trap","AD1_2008__Billeter 7 F2 27",2.83321334405622,16,16,1,"France","2001","individuals"
0,0,8.53993099647816,0,89.187643020595,0.380211135847135,31.2747695471434,2.30541881692994,2.45164688097172,0,0,11.5365787452282,991.584108153254,"Cropland_Minimal use","Cropland","Minimal use","AD1_2008__Billeter 7","AD1_2008__Billeter 7 F2","48.45341519,-1.60733475733","flight trap","AD1_2008__Billeter 7 F2 28",3.2188758248682,24,24,1,"France","2001","individuals"
0,0,4.95472988581602,0,93.9601494396015,0.381392827706155,25.9149684912838,2.2708678728405,2.22641985188531,0,0,11.5698053995769,1001.46581814624,"Cropland_Minimal use","Cropland","Minimal use","AD1_2008__Billeter 7","AD1_2008__Billeter 7 F2","48.45914077,-1.59799589492","flight trap","AD1_2008__Billeter 7 F2 29",3.17805383034795,23,23,1,"France","2001","individuals"
0,0,0.275443695236977,5.54173081999847,94.1828254847645,0.286170173134735,26.0088891356877,2.27279020069215,2.53372928517698,0,0,11.5698053995769,1001.46581814624,"Cropland_Minimal use","Cropland","Minimal use","AD1_2008__Billeter 7","AD1_2008__Billeter 7 F2","48.48172922,-1.59823268746","flight trap","AD1_2008__Billeter 7 F2 30",2.63905732961526,13,13,1,"France","2001","individuals"
0,0,4.19677199437016,0.214992711512186,95.5882352941177,0.167806621480549,23.4318339530426,2.22004412996088,2.14136962573691,0,0,11.5698053995769,1001.46581814624,"Cropland_Minimal use","Cropland","Minimal use","AD1_2008__Billeter 7","AD1_2008__Billeter 7 F2","48.46980795,-1.59107453031","flight trap","AD1_2008__Billeter 7 F2 31",1.09861228866811,2,2,1,"France","2001","individuals"
0,0,4.5969750408367,0.694030250168597,94.7089947089947,0.118015999280133,23.2264766932364,2.21584096480248,2.18274055426608,0,0,11.5698053995769,1001.46581814624,"Cropland_Minimal use","Cropland","Minimal use","AD1_2008__Billeter 7","AD1_2008__Billeter 7 F2","48.4721532,-1.5903651742","flight trap","AD1_2008__Billeter 7 F2 32",1.38629436111989,3,3,1,"France","2001","individuals"
0,0,0,4.822695035461,95.177304964539,0.32211101188446,43.0394028234148,2.34978677600221,2.45758176839891,98.4035491412496,0,11.5698053995769,1001.46581814624,"Cropland_Light use","Cropland","Light use","AD1_2008__Billeter 7","AD1_2008__Billeter 7 F3","48.54059296,-1.6106632369","flight trap","AD1_2008__Billeter 7 F3 33",3.04452243772342,20,20,1,"France","2001","individuals"
0,0,0,8.61993670721929,91.0505836575876,0.518642176751475,43.0099591847974,2.34944101724386,2.56507324845701,46.0959646635696,0,11.5698053995769,1001.46581814624,"Cropland_Light use","Cropland","Light use","AD1_2008__Billeter 7","AD1_2008__Billeter 7 F3","48.52280018,-1.60830690511","flight trap","AD1_2008__Billeter 7 F3 34",1.38629436111989,3,3,1,"France","2001","individuals"
0,0,0,4.42769665567593,95.5723033443241,0.314246041252179,42.9671977891558,2.34893886711039,2.43922967845742,81.8145003785367,0,11.5698053995769,1001.46581814624,"Cropland_Light use","Cropland","Light use","AD1_2008__Billeter 7","AD1_2008__Billeter 7 F3","48.53968292,-1.60548580507","flight trap","AD1_2008__Billeter 7 F3 35",2.77258872223978,15,15,1,"France","2001","individuals"
0,0.832306386713439,3.58639803199099,0,95.5812955812956,0.317324178598405,30.106843222551,2.36916696689253,2.0703564467779,99.6832131272153,0,11.6774931469659,1075.03203057582,"Cropland_Light use","Cropland","Light use","AD1_2008__Billeter 7","AD1_2008__Billeter 7 F3","48.55263662,-1.60603556424","flight trap","AD1_2008__Billeter 7 F3 36",2.77258872223978,15,15,1,"France","2001","individuals"
0,0,0,5.06012024048096,94.939879759519,0.298400805865595,42.3507337710615,2.34738969451724,2.35003014658629,42.731744050465,0,11.5748418273696,1004.90642235492,"Cropland_Light use","Cropland","Light use","AD1_2008__Billeter 7","AD1_2008__Billeter 7 F3","48.54232601,-1.59451369942","flight trap","AD1_2008__Billeter 7 F3 37",1.94591014905531,6,6,1,"France","2001","individuals"
2.31126226673572,0.075976904841313,1.10949113752801,0.552715556197596,95.9505541346974,0.321119802770703,31.9285980854629,2.36321036364475,2.20363503610923,68.6677337947208,0,11.6878241891436,1082.08961755193,"Cropland_Light use","Cropland","Light use","AD1_2008__Billeter 7","AD1_2008__Billeter 7 F3","48.55362518,-1.59279950569","flight trap","AD1_2008__Billeter 7 F3 38",2.70805020110221,14,14,1,"France","2001","individuals"
0,0,0,9.43486590038314,90.5651340996169,0.412323246961383,42.7315172906531,2.34617125412665,2.36305076444578,13.8758831635792,0,11.5698053995769,1001.46581814624,"Cropland_Light use","Cropland","Light use","AD1_2008__Billeter 7","AD1_2008__Billeter 7 F3","48.53506297,-1.5913563362","flight trap","AD1_2008__Billeter 7 F3 39",2.63905732961526,13,13,1,"France","2001","individuals"
0,0,0,7.24090597117364,92.7590940288264,0.486083575249872,42.6984700926358,2.34578317851203,2.43907245003199,0.49165959684053,0,11.5698053995769,1001.46581814624,"Cropland_Light use","Cropland","Light use","AD1_2008__Billeter 7","AD1_2008__Billeter 7 F3","48.53091877,-1.58852921303","flight trap","AD1_2008__Billeter 7 F3 40",2.77258872223978,15,15,1,"France","2001","individuals"
2.1749641750753,0,0,3.28173807877998,94.5432977461447,0.481459506884709,42.6855621337891,2.34563159942627,2.57344277885128,0,0,11.5698053995769,1001.46581814624,"Cropland_Light use","Cropland","Light use","AD1_2008__Billeter 7","AD1_2008__Billeter 7 F3","48.5298424,-1.58035862416","flight trap","AD1_2008__Billeter 7 F3 41",2.19722457733622,8,8,1,"France","2001","individuals"
0.114737820270281,0,0,5.59531038143533,94.2899517982944,0.603777363004212,42.6855621337891,2.34563159942627,2.54319223190372,0,0,11.5698053995769,1001.46581814624,"Cropland_Light use","Cropland","Light use","AD1_2008__Billeter 7","AD1_2008__Billeter 7 F3","48.53850461,-1.58085660996","flight trap","AD1_2008__Billeter 7 F3 42",1.94591014905531,6,6,1,"France","2001","individuals"
1.9716227376212,0.073970968434042,0,2.20212364209879,95.752282651846,0.585021807195076,38.6455548984288,2.35187686251508,2.50108340981351,3.86727642964222,0,11.6188939552708,1035.00035855216,"Cropland_Light use","Cropland","Light use","AD1_2008__Billeter 7","AD1_2008__Billeter 7 F3","48.54731029,-1.58001567497","flight trap","AD1_2008__Billeter 7 F3 43",1.79175946922805,5,5,1,"France","2001","individuals"
1.68456457541057,0.0543407927551798,0,0.906816004302208,97.354278627532,0.347413839981335,32.8148227263994,2.36089032568316,2.44793013873124,19.533626921363,0,11.6898543895815,1083.47653630835,"Cropland_Light use","Cropland","Light use","AD1_2008__Billeter 7","AD1_2008__Billeter 7 F3","48.55382532,-1.57939201432","flight trap","AD1_2008__Billeter 7 F3 44",2.07944154167984,7,7,1,"France","2001","individuals"
2.20194298546051,0.196470673078166,0,1.8903336875335,95.7112526539278,0.333126287472848,31.7639162239402,2.36251487415727,2.46746683753897,3.39897699529914,0,11.7026328659609,1092.20607268223,"Cropland_Light use","Cropland","Light use","AD1_2008__Billeter 7","AD1_2008__Billeter 7 F3","48.55515059,-1.57230699204","flight trap","AD1_2008__Billeter 7 F3 45",1.38629436111989,3,3,1,"France","2001","individuals"
0.193051478927596,0,0,4.92219954728018,94.8847489737922,0.645311796223217,40.153078739017,2.34954645010524,2.61286632527636,0,0,11.6005422138815,1022.46348097577,"Cropland_Light use","Cropland","Light use","AD1_2008__Billeter 7","AD1_2008__Billeter 7 F3","48.5455149,-1.56373195588","flight trap","AD1_2008__Billeter 7 F3 46",2.77258872223978,15,15,1,"France","2001","individuals"
5.4286936610963,0,0,1.30639293287419,93.2649134060295,0.480934736831949,42.6695821429815,2.34892747047334,2.60301371196972,0,0,11.5684361647536,1001.82392101126,"Cropland_Light use","Cropland","Light use","AD1_2008__Billeter 7","AD1_2008__Billeter 7 F3","48.53723226,-1.56249299628","flight trap","AD1_2008__Billeter 7 F3 47",2.07944154167984,7,7,1,"France","2001","individuals"
1.70534014160613,0,0,6.22551903480465,92.0691408235892,0.365572106731439,42.5904599438303,2.36524641386969,2.65274975298317,0,0,11.5618107953586,1003.55668716778,"Cropland_Light use","Cropland","Light use","AD1_2008__Billeter 7","AD1_2008__Billeter 7 F3","48.52401542,-1.56009494616","flight trap","AD1_2008__Billeter 7 F3 48",3.73766961828337,41,41,1,"France","2001","individuals"
0,0,0,7.95275590551181,92.0472440944882,0.296492639759853,46.6528213516329,2.51103653243945,2.9611752028573,0,0,11.9210486747492,800.211504889321,"Cropland_Intense use","Cropland","Intense use","AD1_2008__Billeter 8","AD1_2008__Billeter 8 F1","48.5148955914,-2.55067899279","flight trap","AD1_2008__Billeter 8 F1 1",2.99573227355399,19,19,1,"France","2002","individuals"
0,0,0,1.3275995667817,96.3716814159292,0.262121304013394,46.8732939134272,2.50929589724434,2.77584059529883,0,0,11.9216480919656,800.375966144789,"Cropland_Intense use","Cropland","Intense use","AD1_2008__Billeter 8","AD1_2008__Billeter 8 F1","48.5275117288,-2.54990413828","flight trap","AD1_2008__Billeter 8 F1 2",2.89037175789616,17,17,1,"France","2002","individuals"
0,0,0,0,93.2726353060192,0.20374642388701,47.0520638224566,2.50788450530997,2.70057675693187,0,0,11.9221341799049,800.509333406456,"Cropland_Intense use","Cropland","Intense use","AD1_2008__Billeter 8","AD1_2008__Billeter 8 F1","48.536749217,-2.54927518837","flight trap","AD1_2008__Billeter 8 F1 3",2.77258872223978,15,15,1,"France","2002","individuals"
0,0,0,3.8089894704198,95.9830050212437,0.394050156220571,47.5395872177691,2.50403549855191,2.83093707245767,0,0,11.9234597626103,800.873031662017,"Cropland_Intense use","Cropland","Intense use","AD1_2008__Billeter 8","AD1_2008__Billeter 8 F1","48.5246727766,-2.54754808253","flight trap","AD1_2008__Billeter 8 F1 4",2.94443897916644,18,18,1,"France","2002","individuals"
0,0,0,0,95.3066118533744,0.485531994733476,49.8637657165527,2.48568606376648,2.82041600687978,0,0,11.9297932942708,802.610753802583,"Cropland_Intense use","Cropland","Intense use","AD1_2008__Billeter 8","AD1_2008__Billeter 8 F1","48.5236172589,-2.53425573524","flight trap","AD1_2008__Billeter 8 F1 5",4.18965474202643,65,65,1,"France","2002","individuals"
0,0,0,0,92.3270893371758,0.436784519058983,49.8637657165527,2.48568606376648,3.23829714891436,0,0,11.9297932942708,802.610753802583,"Cropland_Intense use","Cropland","Intense use","AD1_2008__Billeter 8","AD1_2008__Billeter 8 F1","48.5127613189,-2.53262329223","flight trap","AD1_2008__Billeter 8 F1 6",3.04452243772342,20,20,1,"France","2002","individuals"
0,0,0,0,96.9872537659328,0.455802420711835,49.8637657165527,2.48568606376648,2.68259430355212,0,0,11.9297932942708,802.610753802583,"Cropland_Intense use","Cropland","Intense use","AD1_2008__Billeter 8","AD1_2008__Billeter 8 F1","48.529794993,-2.53273609827","flight trap","AD1_2008__Billeter 8 F1 7",2.89037175789616,17,17,1,"France","2002","individuals"
0,0,0,0,96.1174242424242,0.266992205504335,49.8637657165527,2.48568606376648,2.83307358399739,0,0,11.9297932942708,802.610753802583,"Cropland_Intense use","Cropland","Intense use","AD1_2008__Billeter 8","AD1_2008__Billeter 8 F1","48.5355051853,-2.52940035235","flight trap","AD1_2008__Billeter 8 F1 8",3.2188758248682,24,24,1,"France","2002","individuals"
0,0,0,0,93.8589540412044,0.475122974392547,49.8637657165527,2.48568606376648,2.70087339613949,0,0,11.9297932942708,802.610753802583,"Cropland_Intense use","Cropland","Intense use","AD1_2008__Billeter 8","AD1_2008__Billeter 8 F1","48.5243791836,-2.5231315123","flight trap","AD1_2008__Billeter 8 F1 9",2.56494935746154,12,12,1,"France","2002","individuals"
0,0,0,0,94.21852033317,0.538018654770928,47.5407568609587,2.48775211056822,3.62262173366741,0,0,11.9558413479105,807.693579032251,"Cropland_Intense use","Cropland","Intense use","AD1_2008__Billeter 8","AD1_2008__Billeter 8 F1","48.5439390937,-2.51861501406","flight trap","AD1_2008__Billeter 8 F1 10",2.30258509299405,9,9,1,"France","2002","individuals"
0,0,0,0,92.5301204819277,0.364757172012956,49.8637657165527,2.48568606376648,3.21306399110699,0,0,11.9297932942708,802.610753802583,"Cropland_Intense use","Cropland","Intense use","AD1_2008__Billeter 8","AD1_2008__Billeter 8 F1","48.5127667642,-2.51396241671","flight trap","AD1_2008__Billeter 8 F1 11",3.89182029811063,48,48,1,"France","2002","individuals"
0,0,0,2.69273270868185,95.2178533475027,0.287692975953588,49.8637657165527,2.48568606376648,2.8036763767345,0,0,11.9297932942708,802.610753802583,"Cropland_Intense use","Cropland","Intense use","AD1_2008__Billeter 8","AD1_2008__Billeter 8 F1","48.5344667074,-2.51506746523","flight trap","AD1_2008__Billeter 8 F1 12",2.56494935746154,12,12,1,"France","2002","individuals"
0,0,0,2.06631225045745,93.6515513126492,0.405941848145686,49.8637657165527,2.48568606376648,3.2597258799932,0,0,11.9297932942708,802.610753802583,"Cropland_Intense use","Cropland","Intense use","AD1_2008__Billeter 8","AD1_2008__Billeter 8 F1","48.5403025263,-2.5140203004","flight trap","AD1_2008__Billeter 8 F1 13",3.25809653802148,25,25,1,"France","2002","individuals"
0,0,0,3.80952380952381,96.1904761904762,0.273227537071645,45.9371445111306,2.46339208153482,2.65479767848441,0,0,11.9297932942708,802.610753802583,"Cropland_Intense use","Cropland","Intense use","AD1_2008__Billeter 8","AD1_2008__Billeter 8 F1","48.5280986456,-2.50679023962","flight trap","AD1_2008__Billeter 8 F1 14",3.04452243772342,20,20,1,"France","2002","individuals"
0,0,0,3.67066895368782,96.3293310463122,0.415098422414786,41.401559115603,2.43764061356098,2.96455775202952,0,0,11.9297932942708,802.610753802583,"Cropland_Intense use","Cropland","Intense use","AD1_2008__Billeter 8","AD1_2008__Billeter 8 F1","48.521642822,-2.50173998648","flight trap","AD1_2008__Billeter 8 F1 15",3.91202300542815,49,49,1,"France","2002","individuals"
1.81953731452835,0,0,1.08743942965771,97.093023255814,0.361152801380669,38.4157334271333,2.42068813931847,2.95511089889161,0,0,11.9297932942708,802.610753802583,"Cropland_Intense use","Cropland","Intense use","AD1_2008__Billeter 8","AD1_2008__Billeter 8 F1","48.5175751942,-2.49860033454","flight trap","AD1_2008__Billeter 8 F1 16",3.25809653802148,25,25,1,"France","2002","individuals"
0,0,0,0,87.6177658142665,0.432533685620793,31.387437925056,2.33411067571904,2.86671471637068,7.75779956129414,0,11.9539643340538,971.805889003181,"Cropland_Minimal use","Cropland","Minimal use","AD1_2008__Billeter 8","AD1_2008__Billeter 8 F2","48.4555187643,-1.63992344326","flight trap","AD1_2008__Billeter 8 F2 17",3.29583686600433,26,26,1,"France","2002","individuals"
0,0,0,0,90.9385113268608,0.244289775190243,30.796667406863,2.3669364383227,2.42837435874548,20.5370265927153,0,11.9672551699838,979.711265798715,"Cropland_Minimal use","Cropland","Minimal use","AD1_2008__Billeter 8","AD1_2008__Billeter 8 F2","48.4685573959,-1.63820796837","flight trap","AD1_2008__Billeter 8 F2 18",2.99573227355399,19,19,1,"France","2002","individuals"
0,0,6.52897031388578,0.179437557312793,93.2915921288014,0.28747979305119,30.8904459841243,2.37139895523998,2.26711668504478,57.8756135866414,0,11.9662782768611,980.106543080211,"Cropland_Minimal use","Cropland","Minimal use","AD1_2008__Billeter 8","AD1_2008__Billeter 8 F2","48.4834302228,-1.63732289918","flight trap","AD1_2008__Billeter 8 F2 19",3.3322045101752,27,27,1,"France","2002","individuals"
0,0,0.60616889072994,1.170304796622,92.0648464163823,0.234133091625675,30.9385643005371,2.37368869781494,2.18453298999212,17.58970527361,0,11.9657633463542,980.31489783898,"Cropland_Minimal use","Cropland","Minimal use","AD1_2008__Billeter 8","AD1_2008__Billeter 8 F2","48.475337137,-1.6330269014","flight trap","AD1_2008__Billeter 8 F2 20",2.99573227355399,19,19,1,"France","2002","individuals"
0,0,7.43533210129644,0,89.662027833002,0.341548680643434,31.1532214775407,2.36837320300227,2.60228096914356,0,0,11.9617469016882,978.586073702473,"Cropland_Minimal use","Cropland","Minimal use","AD1_2008__Billeter 8","AD1_2008__Billeter 8 F2","48.4576207906,-1.62822000144","flight trap","AD1_2008__Billeter 8 F2 21",3.09104245335832,21,21,1,"France","2002","individuals"
0,0,0,7.80201342281879,92.1979865771812,0.280780846783346,30.9385643005371,2.37368869781494,2.11934461653606,0,0,11.9657633463542,980.31489783898,"Cropland_Minimal use","Cropland","Minimal use","AD1_2008__Billeter 8","AD1_2008__Billeter 8 F2","48.4710438946,-1.62466338675","flight trap","AD1_2008__Billeter 8 F2 22",3.93182563272433,50,50,1,"France","2002","individuals"
0,0,9.53099303977645,2.09922564809631,88.3697813121272,0.210852396203459,30.9385643005371,2.37368869781494,2.12060509430776,7.66913059246517,0,11.9657633463542,980.31489783898,"Cropland_Minimal use","Cropland","Minimal use","AD1_2008__Billeter 8","AD1_2008__Billeter 8 F2","48.4828250446,-1.62480080495","flight trap","AD1_2008__Billeter 8 F2 23",3.13549421592915,22,22,1,"France","2002","individuals"
0,0,9.46268747243259,0.0893231507855968,88.3892068683565,0.320829791868875,30.9385643005371,2.37368869781494,2.35127565539806,0,0,11.9657633463542,980.31489783898,"Cropland_Minimal use","Cropland","Minimal use","AD1_2008__Billeter 8","AD1_2008__Billeter 8 F2","48.4626476009,-1.62280860394","flight trap","AD1_2008__Billeter 8 F2 24",2.484906649788,11,11,1,"France","2002","individuals"
0,0,5.62850947509123,1.64573801654757,92.7257525083612,0.354632921993313,30.9385643005371,2.37368869781494,2.39354881405888,0,0,11.9657633463542,980.31489783898,"Cropland_Minimal use","Cropland","Minimal use","AD1_2008__Billeter 8","AD1_2008__Billeter 8 F2","48.462530833,-1.61391957622","flight trap","AD1_2008__Billeter 8 F2 25",4.00733318523247,54,54,1,"France","2002","individuals"
0,0,0,8.95779500430663,91.0422049956934,0.290008681678912,30.9385643005371,2.37368869781494,2.11617363477566,0,0,11.9657633463542,980.31489783898,"Cropland_Minimal use","Cropland","Minimal use","AD1_2008__Billeter 8","AD1_2008__Billeter 8 F2","48.4742343768,-1.61423176657","flight trap","AD1_2008__Billeter 8 F2 26",2.99573227355399,19,19,1,"France","2002","individuals"
0,0.602854111062202,2.75800761992932,9.58525443415893,87.0538838348495,0.294475555146124,30.8028916601695,2.37091180784692,2.24162965647797,0,0,11.9657633463542,980.31489783898,"Cropland_Minimal use","Cropland","Minimal use","AD1_2008__Billeter 8","AD1_2008__Billeter 8 F2","48.4881549002,-1.61228144482","flight trap","AD1_2008__Billeter 8 F2 27",3.2188758248682,24,24,1,"France","2002","individuals"
0,0,8.53993362742832,0,89.187643020595,0.380211163156216,31.274768102771,2.30541884552928,2.45164689426343,0,0,11.9345919730498,966.897602938283,"Cropland_Minimal use","Cropland","Minimal use","AD1_2008__Billeter 8","AD1_2008__Billeter 8 F2","48.4534151931,-1.60733475733","flight trap","AD1_2008__Billeter 8 F2 28",2.30258509299405,9,9,1,"France","2002","individuals"
0,0,4.95473267611192,0,93.9601494396015,0.381392845335607,25.9149684913096,2.27086787284096,2.2264198800205,0,0,11.9657633463542,980.31489783898,"Cropland_Minimal use","Cropland","Minimal use","AD1_2008__Billeter 8","AD1_2008__Billeter 8 F2","48.4591407718,-1.59799589492","flight trap","AD1_2008__Billeter 8 F2 29",3.46573590279973,31,31,1,"France","2002","individuals"
0,0,0.27544412564775,5.5417303895877,94.1828254847645,0.286170140202137,26.0088891356633,2.27279020069163,2.53372923395292,0,0,11.9657633463542,980.31489783898,"Cropland_Minimal use","Cropland","Minimal use","AD1_2008__Billeter 8","AD1_2008__Billeter 8 F2","48.4817292174,-1.59823268746","flight trap","AD1_2008__Billeter 8 F2 30",2.63905732961526,13,13,1,"France","2002","individuals"
0,0,4.19677236010461,0.214992345777736,95.5882352941177,0.167806686004249,23.431833952952,2.22004412995821,2.14136955282098,0,0,11.9657633463542,980.31489783898,"Cropland_Minimal use","Cropland","Minimal use","AD1_2008__Billeter 8","AD1_2008__Billeter 8 F2","48.4698079465,-1.59107453031","flight trap","AD1_2008__Billeter 8 F2 31",3.36729582998647,28,28,1,"France","2002","individuals"
0,0,4.59697480258177,0.69403048842352,94.7089947089947,0.118015985764321,23.2264766932606,2.21584096480371,2.18274057649686,0,0,11.9657633463542,980.31489783898,"Cropland_Minimal use","Cropland","Minimal use","AD1_2008__Billeter 8","AD1_2008__Billeter 8 F2","48.4721532009,-1.5903651742","flight trap","AD1_2008__Billeter 8 F2 32",2.63905732961526,13,13,1,"France","2002","individuals"
0,0,0,4.82269503546099,95.177304964539,0.322111116815507,43.0394028234228,2.34978677600228,2.45758187838388,98.4035453087787,0,11.9657633463542,980.31489783898,"Cropland_Light use","Cropland","Light use","AD1_2008__Billeter 8","AD1_2008__Billeter 8 F3","48.5405929555,-1.6106632369","flight trap","AD1_2008__Billeter 8 F3 33",2.70805020110221,14,14,1,"France","2002","individuals"
0,0,0,8.61993954682325,91.0505836575876,0.518642174295686,43.0099591847876,2.34944101724374,2.56507329169045,46.0959745954355,0,11.9657633463542,980.31489783898,"Cropland_Light use","Cropland","Light use","AD1_2008__Billeter 8","AD1_2008__Billeter 8 F3","48.5228001838,-1.60830690511","flight trap","AD1_2008__Billeter 8 F3 34",2.77258872223978,15,15,1,"France","2002","individuals"
0,0,0,4.42769665567593,95.5723033443241,0.314246034592827,42.9671977891551,2.34893886711038,2.43922966883001,81.8145012279079,0,11.9657633463542,980.31489783898,"Cropland_Light use","Cropland","Light use","AD1_2008__Billeter 8","AD1_2008__Billeter 8 F3","48.5396829203,-1.60548580507","flight trap","AD1_2008__Billeter 8 F3 35",3.17805383034795,23,23,1,"France","2002","individuals"
0,0.832306601375363,3.58639781732906,0,95.5812955812956,0.317324203864388,30.1068457440724,2.36916696295051,2.07035648376118,99.6832123071185,0,12.0804741849529,1072.98838457849,"Cropland_Light use","Cropland","Light use","AD1_2008__Billeter 8","AD1_2008__Billeter 8 F3","48.552636618,-1.60603556424","flight trap","AD1_2008__Billeter 8 F3 36",3.17805383034795,23,23,1,"France","2002","individuals"
0,0,0,5.06012024048095,94.939879759519,0.298400809531329,42.3507340235355,2.34738969412609,2.35003015496484,42.7317426353068,0,11.9711282337627,984.649124910993,"Cropland_Light use","Cropland","Light use","AD1_2008__Billeter 8","AD1_2008__Billeter 8 F3","48.5423260095,-1.59451369942","flight trap","AD1_2008__Billeter 8 F3 37",2.07944154167984,7,7,1,"France","2002","individuals"
2.31126146384163,0.0759768726593025,1.10949019399555,0.552717334806158,95.9505541346974,0.321119749506354,31.9286024205689,2.36321035691566,2.20363500055135,68.6677167365815,0,12.0914789635382,1081.87901091124,"Cropland_Light use","Cropland","Light use","AD1_2008__Billeter 8","AD1_2008__Billeter 8 F3","48.5536251754,-1.59279950569","flight trap","AD1_2008__Billeter 8 F3 38",3.09104245335832,21,21,1,"France","2002","individuals"
0,0,0,9.43486590038315,90.5651340996169,0.412323167328201,42.7315172906658,2.34617125412682,2.36305072832436,13.8758922714448,0,11.9657633463542,980.31489783898,"Cropland_Light use","Cropland","Light use","AD1_2008__Billeter 8","AD1_2008__Billeter 8 F3","48.5350629743,-1.5913563362","flight trap","AD1_2008__Billeter 8 F3 39",3.58351893845611,35,35,1,"France","2002","individuals"
0,0,0,7.24090597117365,92.7590940288264,0.486083573795806,42.6984700926356,2.34578317851206,2.43907244008729,0.491659949275376,0,11.9657633463542,980.31489783898,"Cropland_Light use","Cropland","Light use","AD1_2008__Billeter 8","AD1_2008__Billeter 8 F3","48.5309187705,-1.58852921303","flight trap","AD1_2008__Billeter 8 F3 40",3.80666248977032,44,44,1,"France","2002","individuals"
2.17496363309879,0,0,3.2817386207565,94.5432977461447,0.481459490791604,42.6855621337891,2.34563159942627,2.57344280776119,0,0,11.9657633463542,980.31489783898,"Cropland_Light use","Cropland","Light use","AD1_2008__Billeter 8","AD1_2008__Billeter 8 F3","48.529842399,-1.58035862416","flight trap","AD1_2008__Billeter 8 F3 41",3.09104245335832,21,21,1,"France","2002","individuals"
0.114737756862758,0,0,5.59531044484285,94.2899517982944,0.603777377465285,42.6855621337891,2.34563159942627,2.54319224040991,0,0,11.9657633463542,980.31489783898,"Cropland_Light use","Cropland","Light use","AD1_2008__Billeter 8","AD1_2008__Billeter 8 F3","48.5385046105,-1.58085660996","flight trap","AD1_2008__Billeter 8 F3 42",3.52636052461616,33,33,1,"France","2002","individuals"
1.97162312967999,0.07397096875445,0,2.2021232497196,95.752282651846,0.585021764439203,38.6455526183344,2.35187686603977,2.5010833357437,3.86728159066388,0,12.0180533591632,1022.559361116,"Cropland_Light use","Cropland","Light use","AD1_2008__Billeter 8","AD1_2008__Billeter 8 F3","48.5473102926,-1.58001567497","flight trap","AD1_2008__Billeter 8 F3 43",2.99573227355399,19,19,1,"France","2002","individuals"
1.68456474865893,0.0543407983438364,0,0.906815825465193,97.354278627532,0.347413814374109,32.8148218964503,2.36089032696614,2.44793014466634,19.5336297504204,0,12.0936416290688,1083.62620200332,"Cropland_Light use","Cropland","Light use","AD1_2008__Billeter 8","AD1_2008__Billeter 8 F3","48.553825321,-1.57939201432","flight trap","AD1_2008__Billeter 8 F3 44",3.3322045101752,27,27,1,"France","2002","individuals"
2.20194262545721,0.196470566322896,0,1.89033415429208,95.7112526539278,0.333126310422407,31.763917276573,2.36251487253005,2.46746683700768,3.39897506718775,0,12.1072534599563,1094.62303407837,"Cropland_Light use","Cropland","Light use","AD1_2008__Billeter 8","AD1_2008__Billeter 8 F3","48.5551505886,-1.57230699204","flight trap","AD1_2008__Billeter 8 F3 45",2.63905732961526,13,13,1,"France","2002","individuals"
0.193052355177508,0,0,4.92219867103027,94.8847489737922,0.645311780406145,40.1530801691156,2.34954644789451,2.61286634404953,0,0,11.9985047169642,1006.76625162667,"Cropland_Light use","Cropland","Light use","AD1_2008__Billeter 8","AD1_2008__Billeter 8 F3","48.5455148982,-1.56373195588","flight trap","AD1_2008__Billeter 8 F3 46",1.94591014905531,6,6,1,"France","2002","individuals"
5.42869408484332,0,0,1.30639250912717,93.2649134060295,0.480934852500981,42.6695821429603,2.34892747047873,2.60301376703512,0,0,11.9643694406313,980.710418885243,"Cropland_Light use","Cropland","Light use","AD1_2008__Billeter 8","AD1_2008__Billeter 8 F3","48.5372322642,-1.56249299628","flight trap","AD1_2008__Billeter 8 F3 47",2.56494935746154,12,12,1,"France","2002","individuals"
1.70534041094697,0,0,6.2255187654638,92.0691408235892,0.365572095815525,42.5904599438295,2.36524641387015,2.65274974747962,0,0,11.9576246952127,982.62424183678,"Cropland_Light use","Cropland","Light use","AD1_2008__Billeter 8","AD1_2008__Billeter 8 F3","48.5240154204,-1.56009494616","flight trap","AD1_2008__Billeter 8 F3 48",3.25809653802148,25,25,1,"France","2002","individuals"
0,0,0,0,99.7189883580891,1.20617817180145,84.6740516608272,2.10671479541226,2.80085868511463,0,100,9.41436920166018,746.059229015373,"Cropland_Intense use","Cropland","Intense use","AD1_2008__Billeter 9","AD1_2008__Billeter 9 G1","51.6027083091,11.6814424734","flight trap","AD1_2008__Billeter 9 G1 1",3.43398720448515,30,30,1,"Germany","2001","individuals"
0.396526437831516,0.0305358233507693,0,0,99.5729377388177,0.60298110321309,83.900634765625,2.22668480873108,2.3524169776734,0,100,9.41436920166018,746.059229015373,"Cropland_Intense use","Cropland","Intense use","AD1_2008__Billeter 9","AD1_2008__Billeter 9 G1","51.6155282599,11.6823861916","flight trap","AD1_2008__Billeter 9 G1 2",1.38629436111989,3,3,1,"Germany","2001","individuals"
0,0,0,0,98.7880350696235,0.938345367935424,83.8941189468393,2.22591309102472,2.94463538333354,0,100,9.41436920166018,746.059229015373,"Cropland_Intense use","Cropland","Intense use","AD1_2008__Billeter 9","AD1_2008__Billeter 9 G1","51.627876138,11.6861450869","flight trap","AD1_2008__Billeter 9 G1 3",3.66356164612965,38,38,1,"Germany","2001","individuals"
0.109727661123279,0.0217515752553648,0,0,99.3329912775782,1.02985920842003,83.7982862174252,2.21456289597327,2.41607076031211,0,100,9.41436920166018,746.059229015373,"Cropland_Intense use","Cropland","Intense use","AD1_2008__Billeter 9","AD1_2008__Billeter 9 G1","51.6183696002,11.689146946","flight trap","AD1_2008__Billeter 9 G1 4",4.61512051684126,100,100,1,"Germany","2001","individuals"
0,0,0,0,99.5185262717187,1.78253541091694,83.7222252591643,2.14984451419415,2.57517561781165,0,100,9.41436920166018,746.059229015373,"Cropland_Intense use","Cropland","Intense use","AD1_2008__Billeter 9","AD1_2008__Billeter 9 G1","51.6058226014,11.693837395","flight trap","AD1_2008__Billeter 9 G1 5",3.04452243772342,20,20,1,"Germany","2001","individuals"
0,0,0,0,98.9512195121951,1.67839017834457,83.4276729387548,2.17066836195255,2.95962295501594,0,100,9.41436920166018,746.059229015373,"Cropland_Intense use","Cropland","Intense use","AD1_2008__Billeter 9","AD1_2008__Billeter 9 G1","51.6313758345,11.6960334079","flight trap","AD1_2008__Billeter 9 G1 6",3.61091791264422,36,36,1,"Germany","2001","individuals"
0,0.480769230769226,0,0,99.5192307692308,1.18440921436418,83.028560150294,2.12339841540867,2.3740661492525,0,100,9.41436920166018,746.059229015373,"Cropland_Intense use","Cropland","Intense use","AD1_2008__Billeter 9","AD1_2008__Billeter 9 G1","51.6119615258,11.702341504","flight trap","AD1_2008__Billeter 9 G1 7",2.94443897916644,18,18,1,"Germany","2001","individuals"
0,0.00993466048888855,0,0,99.3343354090616,1.14122409430777,82.9818190897902,2.11786251805009,2.29514672910251,0,100,9.41436920166018,746.059229015373,"Cropland_Intense use","Cropland","Intense use","AD1_2008__Billeter 9","AD1_2008__Billeter 9 G1","51.6194111639,11.7030866912","flight trap","AD1_2008__Billeter 9 G1 8",3.93182563272433,50,50,1,"Germany","2001","individuals"
0,0.598324690865582,0,0,99.4016753091344,0.595705155304709,82.4544143676758,2.05539798736572,2.00550209902795,0,100,9.41436920166018,746.059229015373,"Cropland_Intense use","Cropland","Intense use","AD1_2008__Billeter 9","AD1_2008__Billeter 9 G1","51.6124771285,11.7159080871","flight trap","AD1_2008__Billeter 9 G1 9",2.39789527279837,10,10,1,"Germany","2001","individuals"
0,0.293083235638932,0,0,99.7069167643611,0.934265477010583,81.3307792224045,2.09415891541062,2.98103620326757,0,100,9.41436920166018,746.059229015373,"Cropland_Intense use","Cropland","Intense use","AD1_2008__Billeter 9","AD1_2008__Billeter 9 G1","51.6045833544,11.7201382084","flight trap","AD1_2008__Billeter 9 G1 10",3.80666248977032,44,44,1,"Germany","2001","individuals"
0.180985243276645,0.396407605934989,0,0,99.4226071507884,0.81825833775899,82.4544143676758,2.05539798736572,1.48671356178675,0,100,9.41436920166018,746.059229015373,"Cropland_Intense use","Cropland","Intense use","AD1_2008__Billeter 9","AD1_2008__Billeter 9 G1","51.6209871803,11.7227858493","flight trap","AD1_2008__Billeter 9 G1 11",3.63758615972639,37,37,1,"Germany","2001","individuals"
0.431499460625672,0,0,0,99.5685005393743,1.24087972016004,82.4544143676758,2.05539798736572,2.35044107523652,0,100,9.41436920166018,746.059229015373,"Cropland_Intense use","Cropland","Intense use","AD1_2008__Billeter 9","AD1_2008__Billeter 9 G1","51.6270100571,11.7231824564","flight trap","AD1_2008__Billeter 9 G1 12",3.3322045101752,27,27,1,"Germany","2001","individuals"
0,0.544025790852317,0,0,99.4559742091477,0.512161471424787,82.4544143676758,2.05539798736572,1.98267035017438,0,100,9.41436920166018,746.059229015373,"Cropland_Intense use","Cropland","Intense use","AD1_2008__Billeter 9","AD1_2008__Billeter 9 G1","51.6116317815,11.7266464114","flight trap","AD1_2008__Billeter 9 G1 13",3.71357206670431,40,40,1,"Germany","2001","individuals"
0.18616495014492,0,0.14940551965375,0,99.6644295302013,1.41670830256485,82.4544143676758,2.05539798736572,2.67384885857739,0,100,9.41436920166018,746.059229015373,"Cropland_Intense use","Cropland","Intense use","AD1_2008__Billeter 9","AD1_2008__Billeter 9 G1","51.6321315882,11.7330527127","flight trap","AD1_2008__Billeter 9 G1 14",3.17805383034795,23,23,1,"Germany","2001","individuals"
0.682836799728246,0.162651482385325,0.592212832175446,0.12657647387935,98.4357224118316,1.06622333784087,83.0080002297263,2.05748980222027,1.94151378729419,0,100,9.41992286484962,745.762769417831,"Cropland_Intense use","Cropland","Intense use","AD1_2008__Billeter 9","AD1_2008__Billeter 9 G1","51.6260116107,11.738295267","flight trap","AD1_2008__Billeter 9 G1 15",2.83321334405622,16,16,1,"Germany","2001","individuals"
0,1.37453242924223,0.00067282527337852,0,98.6247947454844,1.05413391967853,84.9397327632835,2.08338075883046,2.17159447674015,0,100,9.44939919599008,744.189296023998,"Cropland_Intense use","Cropland","Intense use","AD1_2008__Billeter 9","AD1_2008__Billeter 9 G1","51.6054071585,11.7453790854","flight trap","AD1_2008__Billeter 9 G1 16",2.30258509299405,9,9,1,"Germany","2001","individuals"
0.998575504945565,0,0.674714601726675,0,98.3267098933278,1.38543713806956,89.57475149157,1.70436712855467,2.64750644905578,0,0,8.60479888916018,760.156345902942,"Cropland_Light use","Cropland","Light use","AD1_2008__Billeter 9","AD1_2008__Billeter 9 G2","51.6381071909,11.4082611917","flight trap","AD1_2008__Billeter 9 G2 17",2.70805020110221,14,14,1,"Germany","2001","individuals"
5.3664648152015,0,0,0,94.6335351847985,1.81446614126063,98.8877228618024,1.66773905231866,2.82690045869591,0,0,8.60479888916018,760.156345902942,"Cropland_Light use","Cropland","Light use","AD1_2008__Billeter 9","AD1_2008__Billeter 9 G2","51.6202096844,11.4134247949","flight trap","AD1_2008__Billeter 9 G2 18",2.30258509299405,9,9,1,"Germany","2001","individuals"
7.21606358502406,0,0,0,92.7839364149759,1.10127369965434,99.5671539306641,1.66506683826447,2.9112748570019,0,0,8.60479888916018,760.156345902942,"Cropland_Light use","Cropland","Light use","AD1_2008__Billeter 9","AD1_2008__Billeter 9 G2","51.6269078236,11.4151769959","flight trap","AD1_2008__Billeter 9 G2 19",2.07944154167984,7,7,1,"Germany","2001","individuals"
0.165650346284002,0,0.0233855705401934,0,99.8109640831758,1.68525881288833,102.311632392162,1.65676876264604,2.59183389880596,0,0.39314569537109,8.64056851717302,760.427557174654,"Cropland_Light use","Cropland","Light use","AD1_2008__Billeter 9","AD1_2008__Billeter 9 G2","51.6440262373,11.4164084032","flight trap","AD1_2008__Billeter 9 G2 20",1.79175946922805,5,5,1,"Germany","2001","individuals"
0.0705342973020603,0,0,0,99.9294657026979,1.61935883809921,105.515730755121,1.64708100197394,2.67211195613736,0,5.32142323159242,8.68233660032668,760.744249731395,"Cropland_Light use","Cropland","Light use","AD1_2008__Billeter 9","AD1_2008__Billeter 9 G2","51.6461938998,11.4241533917","flight trap","AD1_2008__Billeter 9 G2 21",2.70805020110221,14,14,1,"Germany","2001","individuals"
6.46254530798206,0,1.74307410453389,0,91.794380587484,1.06174213002837,99.5671539306641,1.66506683826447,2.36533029275397,0,23.6720650422519,8.60479888916018,760.156345902942,"Cropland_Light use","Cropland","Light use","AD1_2008__Billeter 9","AD1_2008__Billeter 9 G2","51.6207005719,11.4268692123","flight trap","AD1_2008__Billeter 9 G2 22",1.6094379124341,4,4,1,"Germany","2001","individuals"
6.43405889884762,0,0,0,93.5659411011524,0.418927967204707,99.5671539306641,1.66506683826447,2.38269228558958,0,15.8639341100565,8.60479888916018,760.156345902942,"Cropland_Light use","Cropland","Light use","AD1_2008__Billeter 9","AD1_2008__Billeter 9 G2","51.626280687,11.4278466831","flight trap","AD1_2008__Billeter 9 G2 23",3.09104245335832,21,21,1,"Germany","2001","individuals"
2.12335692618807,0,0,0,97.8766430738119,1.26283784910689,99.5671539306641,1.66506683826447,2.33159976324777,0,27.733421849206,8.60479888916018,760.156345902942,"Cropland_Light use","Cropland","Light use","AD1_2008__Billeter 9","AD1_2008__Billeter 9 G2","51.630890455,11.4323192756","flight trap","AD1_2008__Billeter 9 G2 24",2.77258872223978,15,15,1,"Germany","2001","individuals"
0,0,0,0,100,1.49746292941371,102.383134544521,1.66212486009826,2.96294184459589,0,15.6988162886299,8.65374637760633,760.389018126388,"Cropland_Light use","Cropland","Light use","AD1_2008__Billeter 9","AD1_2008__Billeter 9 G2","51.6444355423,11.4373013865","flight trap","AD1_2008__Billeter 9 G2 25",3.76120011569356,42,42,1,"Germany","2001","individuals"
0,0,1.65651312799809,0,97.7906555595799,0.792644929583388,97.3658644413086,1.69712123985986,2.08059170957679,0,69.9330165412923,8.63190335876127,759.730833272419,"Cropland_Light use","Cropland","Light use","AD1_2008__Billeter 9","AD1_2008__Billeter 9 G2","51.6252098169,11.4404233714","flight trap","AD1_2008__Billeter 9 G2 26",2.89037175789616,17,17,1,"Germany","2001","individuals"
0,0,0.978077571669473,0,99.0219224283305,0.724307767479309,97.2045744742497,1.69946988750589,2.3396779871146,0,83.3918433044703,8.63388966534146,759.699650277495,"Cropland_Light use","Cropland","Light use","AD1_2008__Billeter 9","AD1_2008__Billeter 9 G2","51.6177779801,11.4406683004","flight trap","AD1_2008__Billeter 9 G2 27",3.71357206670431,40,40,1,"Germany","2001","individuals"
0,0,0.373872883219708,0,99.6261271167803,2.33202112490567,93.7374713653716,1.74995662083289,1.9682238312077,0,77.4187191208473,8.67657376540752,759.029553279917,"Cropland_Light use","Cropland","Light use","AD1_2008__Billeter 9","AD1_2008__Billeter 9 G2","51.633487269,11.4452203226","flight trap","AD1_2008__Billeter 9 G2 28",1.38629436111989,3,3,1,"Germany","2001","individuals"
0,0,0,0,99.2515958617654,0.988171364853236,82.9642239052675,1.90683285280629,2.82436008521386,0,100,8.80919515841964,756.947532172887,"Cropland_Light use","Cropland","Light use","AD1_2008__Billeter 9","AD1_2008__Billeter 9 G2","51.6220324092,11.4579880779","flight trap","AD1_2008__Billeter 9 G2 29",1.09861228866811,2,2,1,"Germany","2001","individuals"
0,0,0.68649885583524,0,99.3135011441648,2.37774013539152,82.3360507139337,1.91598008938914,2.17467883979694,0,100,8.81692556111709,756.826172705788,"Cropland_Light use","Cropland","Light use","AD1_2008__Billeter 9","AD1_2008__Billeter 9 G2","51.6337558564,11.4588699695","flight trap","AD1_2008__Billeter 9 G2 30",1.6094379124341,4,4,1,"Germany","2001","individuals"
0,0,0.47573739295909,0,99.5242626070409,1.65872311863887,81.0043887939797,1.93485053976119,2.65787509018287,0,99.0229354120259,8.83351982858349,756.578933325855,"Cropland_Light use","Cropland","Light use","AD1_2008__Billeter 9","AD1_2008__Billeter 9 G2","51.6412450156,11.4609080557","flight trap","AD1_2008__Billeter 9 G2 31",2.70805020110221,14,14,1,"Germany","2001","individuals"
0,0,0,0,99.2647058823529,1.07709831608008,79.6562728881836,1.95500206947327,3.08151145658718,0,100,8.84991607666018,756.308255135082,"Cropland_Light use","Cropland","Light use","AD1_2008__Billeter 9","AD1_2008__Billeter 9 G2","51.623197865,11.4650204953","flight trap","AD1_2008__Billeter 9 G2 32",2.63905732961526,13,13,1,"Germany","2001","individuals"
0,0,0,0,100,1.91363587329003,84.9301238200592,2.31727727065571,2.78280241681422,0,100,9.27000071207686,744.109911727719,"Cropland_Intense use","Cropland","Intense use","AD1_2008__Billeter 9","AD1_2008__Billeter 9 G3","51.3684423136,11.7026022548","flight trap","AD1_2008__Billeter 9 G3 33",2.56494935746154,12,12,1,"Germany","2001","individuals"
0,0,0,0,100,1.04245999793625,83.9284245155732,2.30740213519152,2.99653784903958,0,100,9.27000071207686,744.109911727719,"Cropland_Intense use","Cropland","Intense use","AD1_2008__Billeter 9","AD1_2008__Billeter 9 G3","51.3924154581,11.7031904522","flight trap","AD1_2008__Billeter 9 G3 34",3.09104245335832,21,21,1,"Germany","2001","individuals"
0,0,0,0,100,1.60917233056248,84.4085062816447,2.32098227936419,3.22443417078231,0,100,9.27000071207686,744.109911727719,"Cropland_Intense use","Cropland","Intense use","AD1_2008__Billeter 9","AD1_2008__Billeter 9 G3","51.3632528782,11.7050297693","flight trap","AD1_2008__Billeter 9 G3 35",2.39789527279837,10,10,1,"Germany","2001","individuals"
0,0,0,0,99.930094372597,0.976419619512222,84.0774373630749,2.32333383608167,2.79724702087295,0,100,9.27000071207686,744.109911727719,"Cropland_Intense use","Cropland","Intense use","AD1_2008__Billeter 9","AD1_2008__Billeter 9 G3","51.3798193592,11.7066579531","flight trap","AD1_2008__Billeter 9 G3 36",1.94591014905531,6,6,1,"Germany","2001","individuals"
0,0,0,0,100,0.942551374825698,82.9958114624023,2.33101654052734,3.27816579308625,0,100,9.27000071207686,744.109911727719,"Cropland_Intense use","Cropland","Intense use","AD1_2008__Billeter 9","AD1_2008__Billeter 9 G3","51.3899800102,11.7143967701","flight trap","AD1_2008__Billeter 9 G3 37",3.61091791264422,36,36,1,"Germany","2001","individuals"
0,0,0,0,100,1.38746880013785,82.9958114624023,2.33101654052734,2.41482312439593,0,100,9.27000071207686,744.109911727719,"Cropland_Intense use","Cropland","Intense use","AD1_2008__Billeter 9","AD1_2008__Billeter 9 G3","51.3666097451,11.719302956","flight trap","AD1_2008__Billeter 9 G3 38",3.61091791264422,36,36,1,"Germany","2001","individuals"
0,0,0,0,99.9296394019349,0.888777012254032,82.9958114624023,2.33101654052734,3.0988862996079,0,100,9.27000071207686,744.109911727719,"Cropland_Intense use","Cropland","Intense use","AD1_2008__Billeter 9","AD1_2008__Billeter 9 G3","51.3824882431,11.7206399003","flight trap","AD1_2008__Billeter 9 G3 39",3.2188758248682,24,24,1,"Germany","2001","individuals"
0,0,0,0,100,0.847575338136126,82.9958114624023,2.33101654052734,1.94118494492574,0,100,9.27000071207686,744.109911727719,"Cropland_Intense use","Cropland","Intense use","AD1_2008__Billeter 9","AD1_2008__Billeter 9 G3","51.3720614805,11.7234985878","flight trap","AD1_2008__Billeter 9 G3 40",2.99573227355399,19,19,1,"Germany","2001","individuals"
0,0,0,0,99.9287622439893,1.47077496364977,82.9958114624023,2.33101654052734,3.06809372206596,0,100,9.27000071207686,744.109911727719,"Cropland_Intense use","Cropland","Intense use","AD1_2008__Billeter 9","AD1_2008__Billeter 9 G3","51.3796287765,11.7308500742","flight trap","AD1_2008__Billeter 9 G3 41",2.39789527279837,10,10,1,"Germany","2001","individuals"
0,0,0,0,99.9300209937019,1.44895463067646,82.9958114624023,2.33101654052734,3.63676556826263,0,100,9.27000071207686,744.109911727719,"Cropland_Intense use","Cropland","Intense use","AD1_2008__Billeter 9","AD1_2008__Billeter 9 G3","51.3878362185,11.7308649144","flight trap","AD1_2008__Billeter 9 G3 42",3.8286413964891,45,45,1,"Germany","2001","individuals"
0,0,0,0,100,0.835801729998442,82.9958114624023,2.33101654052734,2.20886953260612,0,100,9.27000071207686,744.109911727719,"Cropland_Intense use","Cropland","Intense use","AD1_2008__Billeter 9","AD1_2008__Billeter 9 G3","51.3682893868,11.7309983559","flight trap","AD1_2008__Billeter 9 G3 43",2.89037175789616,17,17,1,"Germany","2001","individuals"
0,0,0,0,99.8932004271983,1.72750786862864,83.3866818029037,2.32110877944178,3.32562538937645,0,100,9.27783941592836,743.993571155884,"Cropland_Intense use","Cropland","Intense use","AD1_2008__Billeter 9","AD1_2008__Billeter 9 G3","51.3758708447,11.7384928941","flight trap","AD1_2008__Billeter 9 G3 44",2.83321334405622,16,16,1,"Germany","2001","individuals"
0,0,0,0,100,0.881945748620275,85.2318824388028,2.27433672958002,2.94245853444292,0,100,9.3148361836172,743.444472071328,"Cropland_Intense use","Cropland","Intense use","AD1_2008__Billeter 9","AD1_2008__Billeter 9 G3","51.363697054,11.7452169362","flight trap","AD1_2008__Billeter 9 G3 45",4.11087386417331,60,60,1,"Germany","2001","individuals"
0,0,0,0,100,1.30826284005452,85.976786307828,2.25545494500526,3.0924889433618,0,100,9.32977012909696,743.222825254484,"Cropland_Intense use","Cropland","Intense use","AD1_2008__Billeter 9","AD1_2008__Billeter 9 G3","51.3903402515,11.7474781302","flight trap","AD1_2008__Billeter 9 G3 46",3.04452243772342,20,20,1,"Germany","2001","individuals"
0.123565754633716,0,0,0,99.8764342453663,1.50075908294107,86.6798251324953,2.23763435340001,3.19953246501172,0,100,9.34386428034654,743.013642506039,"Cropland_Intense use","Cropland","Intense use","AD1_2008__Billeter 9","AD1_2008__Billeter 9 G3","51.3802022761,11.7495550374","flight trap","AD1_2008__Billeter 9 G3 47",2.07944154167984,7,7,1,"Germany","2001","individuals"
0.123959624579413,0,0,0,99.8760403754206,1.27474110107077,87.8571187889882,2.20779237495489,3.11733589095521,0,100,9.36746439536886,742.663374026826,"Cropland_Intense use","Cropland","Intense use","AD1_2008__Billeter 9","AD1_2008__Billeter 9 G3","51.3753256745,11.7530319402","flight trap","AD1_2008__Billeter 9 G3 48",4.87519732320115,130,130,1,"Germany","2001","individuals"
0,0,0,0,99.8753117206982,0.948854241425001,90.8594543016064,1.83241287805695,2.88935543062636,0,100,9.23403065999349,789.875542162918,"Cropland_Intense use","Cropland","Intense use","AD1_2008__Billeter 9","AD1_2008__Billeter 9 G4","52.09523065,11.4100103373","flight trap","AD1_2008__Billeter 9 G4 49",3.04452243772342,20,20,1,"Germany","2001","individuals"
0,0.105392587388024,0,0,99.894607412612,0.786968886651865,81.5125579833984,1.82310557365418,1.76129843468324,0,100,9.23403065999349,789.875542162918,"Cropland_Intense use","Cropland","Intense use","AD1_2008__Billeter 9","AD1_2008__Billeter 9 G4","52.0759608343,11.4148618009","flight trap","AD1_2008__Billeter 9 G4 50",2.77258872223978,15,15,1,"Germany","2001","individuals"
0.0651888192105741,0.0379039642945866,0,0,99.8969072164948,1.11200087362006,81.5125579833984,1.82310557365417,2.28755185960771,0,100,9.23403065999349,789.875542162918,"Cropland_Intense use","Cropland","Intense use","AD1_2008__Billeter 9","AD1_2008__Billeter 9 G4","52.0679413056,11.4160697508","flight trap","AD1_2008__Billeter 9 G4 51",2.99573227355399,19,19,1,"Germany","2001","individuals"
0.275912942098686,0.294068058534632,0,0,99.4300189993667,0.701406183154606,81.5125579833984,1.82310557365418,1.91904654072463,0,100,9.23403065999349,789.875542162918,"Cropland_Intense use","Cropland","Intense use","AD1_2008__Billeter 9","AD1_2008__Billeter 9 G4","52.0850609702,11.4176719196","flight trap","AD1_2008__Billeter 9 G4 52",2.94443897916644,18,18,1,"Germany","2001","individuals"
0.555376516325783,0.0849649991491324,0,0,99.3596584845251,0.505165826020566,81.5125579833984,1.82310557365417,2.18125510890839,0,100,9.23403065999349,789.875542162918,"Cropland_Intense use","Cropland","Intense use","AD1_2008__Billeter 9","AD1_2008__Billeter 9 G4","52.0890775466,11.4194362016","flight trap","AD1_2008__Billeter 9 G4 53",1.09861228866811,2,2,1,"Germany","2001","individuals"
0.731331793687445,0,0,0,99.2686682063126,0.956460910569879,81.5125579833984,1.82310557365417,2.17728333197066,0,100,9.23403065999349,789.875542162918,"Cropland_Intense use","Cropland","Intense use","AD1_2008__Billeter 9","AD1_2008__Billeter 9 G4","52.0675072772,11.4272135951","flight trap","AD1_2008__Billeter 9 G4 54",2.70805020110221,14,14,1,"Germany","2001","individuals"
0,0.639245322191012,0,0,99.1410779471763,0.526972195352542,81.5125579833984,1.82310557365417,2.04197099142036,0,100,9.23403065999349,789.875542162918,"Cropland_Intense use","Cropland","Intense use","AD1_2008__Billeter 9","AD1_2008__Billeter 9 G4","52.0785726721,11.4311782521","flight trap","AD1_2008__Billeter 9 G4 55",4.12713438504509,61,61,1,"Germany","2001","individuals"
0.872262066291924,0,0,0,99.1277379337081,0.937530493415633,89.9603634923393,1.82741174686775,3.00958963668605,0,100,9.23403065999349,789.875542162918,"Cropland_Intense use","Cropland","Intense use","AD1_2008__Billeter 9","AD1_2008__Billeter 9 G4","52.0953298329,11.4322526148","flight trap","AD1_2008__Billeter 9 G4 56",3.09104245335832,21,21,1,"Germany","2001","individuals"
0.597237775289287,0,0,0,99.4027622247107,1.65505504961206,97.4821242746812,1.83604116088393,3.36937758849039,0,100,9.23869581684743,790.038084126788,"Cropland_Intense use","Cropland","Intense use","AD1_2008__Billeter 9","AD1_2008__Billeter 9 G4","52.0976879007,11.4380586724","flight trap","AD1_2008__Billeter 9 G4 57",2.83321334405622,16,16,1,"Germany","2001","individuals"
1.00498903404334,0.0747817901082656,0,0,98.9202291758484,0.668794112209862,84.9244503597696,1.85055526338801,2.62868751063042,0,100,9.25324020379357,790.544835194661,"Cropland_Intense use","Cropland","Intense use","AD1_2008__Billeter 9","AD1_2008__Billeter 9 G4","52.0832180462,11.4424030015","flight trap","AD1_2008__Billeter 9 G4 58",2.83321334405622,16,16,1,"Germany","2001","individuals"
0.777019072286322,0,0,0,99.2229809277137,0.635612514435985,85.5150476640886,1.85530679449534,2.20556394385645,0,100,9.25656567044569,790.660700083527,"Cropland_Intense use","Cropland","Intense use","AD1_2008__Billeter 9","AD1_2008__Billeter 9 G4","52.0678779151,11.4432409114","flight trap","AD1_2008__Billeter 9 G4 59",3.09104245335832,21,21,1,"Germany","2001","individuals"
0.637518168970042,0.0266578376717115,0,0,99.3358239933582,1.2303166369349,89.3016853070065,1.88577142144325,2.36355479754144,0,100,9.27788072830982,791.403352790335,"Cropland_Intense use","Cropland","Intense use","AD1_2008__Billeter 9","AD1_2008__Billeter 9 G4","52.0724748386,11.4481426987","flight trap","AD1_2008__Billeter 9 G4 60",3.2188758248682,24,24,1,"Germany","2001","individuals"
0,0.414000752728638,0,0,99.5859992472714,1.46695624446987,93.2486144805655,1.91752564146669,2.61506599145161,0,100,9.30009949454169,792.177492226841,"Cropland_Intense use","Cropland","Intense use","AD1_2008__Billeter 9","AD1_2008__Billeter 9 G4","52.076959861,11.4530237942","flight trap","AD1_2008__Billeter 9 G4 61",2.63905732961526,13,13,1,"Germany","2001","individuals"
0.296115659292809,0,0,0,99.7038843407072,2.26225271344954,100.408884819591,1.89305230042693,3.17301539194426,0,100,9.31394202286716,792.659789351977,"Cropland_Intense use","Cropland","Intense use","AD1_2008__Billeter 9","AD1_2008__Billeter 9 G4","52.097828984,11.4562246892","flight trap","AD1_2008__Billeter 9 G4 62",2.56494935746154,12,12,1,"Germany","2001","individuals"
0,0.0918948722661232,0,0,99.9081051277339,1.46754482432563,96.2302130957403,1.94151348981273,2.76601451354577,0,100,9.31688335202595,792.762270240151,"Cropland_Intense use","Cropland","Intense use","AD1_2008__Billeter 9","AD1_2008__Billeter 9 G4","52.0817309021,11.4569424601","flight trap","AD1_2008__Billeter 9 G4 63",2.30258509299405,9,9,1,"Germany","2001","individuals"
0.0727627274287897,0,0.0566312773156512,0,99.8706059952556,1.17175859950256,100.103096008301,1.97267198562622,2.84021534903513,0,100,9.33868560791018,793.521897750907,"Cropland_Intense use","Cropland","Intense use","AD1_2008__Billeter 9","AD1_2008__Billeter 9 G4","52.0644621522,11.4648474554","flight trap","AD1_2008__Billeter 9 G4 64",3.3322045101752,27,27,1,"Germany","2001","individuals"
0,0,0,0,99.7189883580891,1.20617817180145,84.6740516608272,2.10671479541226,2.80085868511463,0,100,9.87412923177084,827.505019085948,"Cropland_Intense use","Cropland","Intense use","AD1_2008__Billeter 10","AD1_2008__Billeter 10 G1","51.6027083091,11.6814424734","flight trap","AD1_2008__Billeter 10 G1 1",6.19644412779452,490,490,1,"Germany","2002","individuals"
0.396526437831516,0.0305358233507693,0,0,99.5729377388177,0.60298110321309,83.900634765625,2.22668480873108,2.3524169776734,0,100,9.87412923177084,827.505019085948,"Cropland_Intense use","Cropland","Intense use","AD1_2008__Billeter 10","AD1_2008__Billeter 10 G1","51.6155282599,11.6823861916","flight trap","AD1_2008__Billeter 10 G1 2",5.4510384535657,232,232,1,"Germany","2002","individuals"
0,0,0,0,98.7880350696235,0.938345367935424,83.8941189468393,2.22591309102472,2.94463538333354,0,100,9.87412923177084,827.505019085947,"Cropland_Intense use","Cropland","Intense use","AD1_2008__Billeter 10","AD1_2008__Billeter 10 G1","51.627876138,11.6861450869","flight trap","AD1_2008__Billeter 10 G1 3",4.86753445045558,129,129,1,"Germany","2002","individuals"
0.109727661123279,0.0217515752553648,0,0,99.3329912775782,1.02985920842003,83.7982862174252,2.21456289597327,2.41607076031211,0,100,9.87412923177084,827.505019085947,"Cropland_Intense use","Cropland","Intense use","AD1_2008__Billeter 10","AD1_2008__Billeter 10 G1","51.6183696002,11.689146946","flight trap","AD1_2008__Billeter 10 G1 4",5.5834963087817,265,265,1,"Germany","2002","individuals"
0,0,0,0,99.5185262717187,1.78253541091694,83.7222252591643,2.14984451419415,2.57517561781165,0,100,9.87412923177084,827.505019085947,"Cropland_Intense use","Cropland","Intense use","AD1_2008__Billeter 10","AD1_2008__Billeter 10 G1","51.6058226014,11.693837395","flight trap","AD1_2008__Billeter 10 G1 5",5.60947179518496,272,272,1,"Germany","2002","individuals"
0,0,0,0,98.9512195121951,1.67839017834457,83.4276729387548,2.17066836195255,2.95962295501594,0,100,9.87412923177084,827.505019085947,"Cropland_Intense use","Cropland","Intense use","AD1_2008__Billeter 10","AD1_2008__Billeter 10 G1","51.6313758345,11.6960334079","flight trap","AD1_2008__Billeter 10 G1 6",5.4249500174814,226,226,1,"Germany","2002","individuals"
0,0.480769230769226,0,0,99.5192307692308,1.18440921436418,83.028560150294,2.12339841540867,2.3740661492525,0,100,9.87412923177084,827.505019085947,"Cropland_Intense use","Cropland","Intense use","AD1_2008__Billeter 10","AD1_2008__Billeter 10 G1","51.6119615258,11.702341504","flight trap","AD1_2008__Billeter 10 G1 7",6.35088571671474,572,572,1,"Germany","2002","individuals"
0,0.00993466048888855,0,0,99.3343354090616,1.14122409430777,82.9818190897902,2.11786251805009,2.29514672910251,0,100,9.87412923177084,827.505019085947,"Cropland_Intense use","Cropland","Intense use","AD1_2008__Billeter 10","AD1_2008__Billeter 10 G1","51.6194111639,11.7030866912","flight trap","AD1_2008__Billeter 10 G1 8",5.19295685089021,179,179,1,"Germany","2002","individuals"
0,0.598324690865582,0,0,99.4016753091344,0.595705155304709,82.4544143676758,2.05539798736572,2.00550209902795,0,100,9.87412923177084,827.505019085947,"Cropland_Intense use","Cropland","Intense use","AD1_2008__Billeter 10","AD1_2008__Billeter 10 G1","51.6124771285,11.7159080871","flight trap","AD1_2008__Billeter 10 G1 9",4.45434729625351,85,85,1,"Germany","2002","individuals"
0,0.293083235638932,0,0,99.7069167643611,0.934265477010583,81.3307792224045,2.09415891541062,2.98103620326757,0,100,9.87412923177084,827.505019085947,"Cropland_Intense use","Cropland","Intense use","AD1_2008__Billeter 10","AD1_2008__Billeter 10 G1","51.6045833544,11.7201382084","flight trap","AD1_2008__Billeter 10 G1 10",5.62401750618734,276,276,1,"Germany","2002","individuals"
0.180985243276645,0.396407605934989,0,0,99.4226071507884,0.81825833775899,82.4544143676758,2.05539798736572,1.48671356178675,0,100,9.87412923177084,827.505019085947,"Cropland_Intense use","Cropland","Intense use","AD1_2008__Billeter 10","AD1_2008__Billeter 10 G1","51.6209871803,11.7227858493","flight trap","AD1_2008__Billeter 10 G1 11",5.44241771052179,230,230,1,"Germany","2002","individuals"
0.431499460625672,0,0,0,99.5685005393743,1.24087972016004,82.4544143676758,2.05539798736572,2.35044107523652,0,100,9.87412923177084,827.505019085947,"Cropland_Intense use","Cropland","Intense use","AD1_2008__Billeter 10","AD1_2008__Billeter 10 G1","51.6270100571,11.7231824564","flight trap","AD1_2008__Billeter 10 G1 12",5.64190707093811,281,281,1,"Germany","2002","individuals"
0,0.544025790852317,0,0,99.4559742091477,0.512161471424787,82.4544143676758,2.05539798736572,1.98267035017438,0,100,9.87412923177084,827.505019085947,"Cropland_Intense use","Cropland","Intense use","AD1_2008__Billeter 10","AD1_2008__Billeter 10 G1","51.6116317815,11.7266464114","flight trap","AD1_2008__Billeter 10 G1 13",4.9272536851572,137,137,1,"Germany","2002","individuals"
0.18616495014492,0,0.14940551965375,0,99.6644295302013,1.41670830256485,82.4544143676758,2.05539798736572,2.67384885857739,0,100,9.87412923177084,827.505019085947,"Cropland_Intense use","Cropland","Intense use","AD1_2008__Billeter 10","AD1_2008__Billeter 10 G1","51.6321315882,11.7330527127","flight trap","AD1_2008__Billeter 10 G1 14",5.78074351579233,323,323,1,"Germany","2002","individuals"
0.682836799728246,0.162651482385325,0.592212832175446,0.12657647387935,98.4357224118316,1.06622333784087,83.0080002297263,2.05748980222027,1.94151378729419,0,100,9.88024675784321,827.09589895064,"Cropland_Intense use","Cropland","Intense use","AD1_2008__Billeter 10","AD1_2008__Billeter 10 G1","51.6260116107,11.738295267","flight trap","AD1_2008__Billeter 10 G1 15",5.36129216570943,212,212,1,"Germany","2002","individuals"
0,1.37453242924223,0.00067282527337852,0,98.6247947454844,1.05413391967853,84.9397327632835,2.08338075883046,2.17159447674015,0,100,9.91271581801463,824.924474401975,"Cropland_Intense use","Cropland","Intense use","AD1_2008__Billeter 10","AD1_2008__Billeter 10 G1","51.6054071585,11.7453790854","flight trap","AD1_2008__Billeter 10 G1 16",5.01063529409626,149,149,1,"Germany","2002","individuals"
0.998575504945565,0,0.674714601726675,0,98.3267098933278,1.38543713806956,89.57475149157,1.70436712855467,2.64750644905578,0,0,8.99701334635421,858.392600493971,"Cropland_Light use","Cropland","Light use","AD1_2008__Billeter 10","AD1_2008__Billeter 10 G2","51.6381071909,11.4082611917","flight trap","AD1_2008__Billeter 10 G2 17",4.65396035015752,104,104,1,"Germany","2002","individuals"
5.3664648152015,0,0,0,94.6335351847985,1.81446614126063,98.8877228618024,1.66773905231866,2.82690045869591,0,0,8.99701334635421,858.392600493971,"Cropland_Light use","Cropland","Light use","AD1_2008__Billeter 10","AD1_2008__Billeter 10 G2","51.6202096844,11.4134247949","flight trap","AD1_2008__Billeter 10 G2 18",3.29583686600433,26,26,1,"Germany","2002","individuals"
7.21606358502406,0,0,0,92.7839364149759,1.10127369965434,99.5671539306641,1.66506683826447,2.9112748570019,0,0,8.99701334635421,858.392600493971,"Cropland_Light use","Cropland","Light use","AD1_2008__Billeter 10","AD1_2008__Billeter 10 G2","51.6269078236,11.4151769959","flight trap","AD1_2008__Billeter 10 G2 19",3.25809653802148,25,25,1,"Germany","2002","individuals"
0.165650346284002,0,0.0233855705401934,0,99.8109640831758,1.68525881288833,102.311632392162,1.65676876264604,2.59183389880596,0,0.39314569537109,9.03563093173011,855.306206989462,"Cropland_Light use","Cropland","Light use","AD1_2008__Billeter 10","AD1_2008__Billeter 10 G2","51.6440262373,11.4164084032","flight trap","AD1_2008__Billeter 10 G2 20",4.51085950651685,90,90,1,"Germany","2002","individuals"
0.0705342973020603,0,0,0,99.9294657026979,1.61935883809921,105.515730755121,1.64708100197394,2.67211195613736,0,5.32142323159242,9.08072456582089,851.702234913069,"Cropland_Light use","Cropland","Light use","AD1_2008__Billeter 10","AD1_2008__Billeter 10 G2","51.6461938998,11.4241533917","flight trap","AD1_2008__Billeter 10 G2 21",4.34380542185368,76,76,1,"Germany","2002","individuals"
6.46254530798206,0,1.74307410453389,0,91.794380587484,1.06174213002837,99.5671539306641,1.66506683826447,2.36533029275397,0,23.6720650422519,8.99701334635421,858.392600493971,"Cropland_Light use","Cropland","Light use","AD1_2008__Billeter 10","AD1_2008__Billeter 10 G2","51.6207005719,11.4268692123","flight trap","AD1_2008__Billeter 10 G2 22",3.98898404656427,53,53,1,"Germany","2002","individuals"
6.43405889884762,0,0,0,93.5659411011524,0.418927967204707,99.5671539306641,1.66506683826447,2.38269228558958,0,15.8639341100565,8.99701334635421,858.392600493971,"Cropland_Light use","Cropland","Light use","AD1_2008__Billeter 10","AD1_2008__Billeter 10 G2","51.626280687,11.4278466831","flight trap","AD1_2008__Billeter 10 G2 23",4.70953020131233,110,110,1,"Germany","2002","individuals"
2.12335692618807,0,0,0,97.8766430738119,1.26283784910689,99.5671539306641,1.66506683826447,2.33159976324777,0,27.733421849206,8.99701334635421,858.392600493971,"Cropland_Light use","Cropland","Light use","AD1_2008__Billeter 10","AD1_2008__Billeter 10 G2","51.630890455,11.4323192756","flight trap","AD1_2008__Billeter 10 G2 24",4.969813299576,143,143,1,"Germany","2002","individuals"
0,0,0,0,100,1.49746292941371,102.383134544521,1.66212486009826,2.96294184459589,0,15.6988162886299,9.04964118141923,854.433400852025,"Cropland_Light use","Cropland","Light use","AD1_2008__Billeter 10","AD1_2008__Billeter 10 G2","51.6444355423,11.4373013865","flight trap","AD1_2008__Billeter 10 G2 25",4.81218435537242,122,122,1,"Germany","2002","individuals"
0,0,1.65651312799809,0,97.7906555595799,0.792644929583388,97.3658644413086,1.69712123985986,2.08059170957679,0,69.9330165412923,9.02528766358084,857.258221728777,"Cropland_Light use","Cropland","Light use","AD1_2008__Billeter 10","AD1_2008__Billeter 10 G2","51.6252098169,11.4404233714","flight trap","AD1_2008__Billeter 10 G2 26",5.14749447681345,171,171,1,"Germany","2002","individuals"
0,0,0.978077571669473,0,99.0219224283305,0.724307767479309,97.2045744742497,1.69946988750589,2.3396779871146,0,83.3918433044703,9.02735970052472,857.175090642322,"Cropland_Light use","Cropland","Light use","AD1_2008__Billeter 10","AD1_2008__Billeter 10 G2","51.6177779801,11.4406683004","flight trap","AD1_2008__Billeter 10 G2 27",4.29045944114839,72,72,1,"Germany","2002","individuals"
0,0,0.373872883219708,0,99.6261271167803,2.33202112490567,93.7374713653716,1.74995662083289,1.9682238312077,0,77.4187191208473,9.07188607582603,855.388671743927,"Cropland_Light use","Cropland","Light use","AD1_2008__Billeter 10","AD1_2008__Billeter 10 G2","51.633487269,11.4452203226","flight trap","AD1_2008__Billeter 10 G2 28",3.78418963391826,43,43,1,"Germany","2002","individuals"
0,0,0,0,99.2515958617654,0.988171364853236,82.9642239052675,1.90683285280629,2.82436008521386,0,100,9.21023149974503,849.838188954278,"Cropland_Light use","Cropland","Light use","AD1_2008__Billeter 10","AD1_2008__Billeter 10 G2","51.6220324092,11.4579880779","flight trap","AD1_2008__Billeter 10 G2 29",4.95582705760126,141,141,1,"Germany","2002","individuals"
0,0,0.68649885583524,0,99.3135011441648,2.37774013539152,82.3360507139337,1.91598008938914,2.17467883979694,0,100,9.2182955519613,849.514655426581,"Cropland_Light use","Cropland","Light use","AD1_2008__Billeter 10","AD1_2008__Billeter 10 G2","51.6337558564,11.4588699695","flight trap","AD1_2008__Billeter 10 G2 30",4.00733318523247,54,54,1,"Germany","2002","individuals"
0,0,0.47573739295909,0,99.5242626070409,1.65872311863887,81.0043887939797,1.93485053976119,2.65787509018287,0,99.0229354120259,9.23564422944999,848.784535527523,"Cropland_Light use","Cropland","Light use","AD1_2008__Billeter 10","AD1_2008__Billeter 10 G2","51.6412450156,11.4609080557","flight trap","AD1_2008__Billeter 10 G2 31",4.4188406077966,82,82,1,"Germany","2002","individuals"
0,0,0,0,99.2647058823529,1.07709831608008,79.6562728881836,1.95500206947327,3.08151145658718,0,100,9.25270996093752,848.13393332297,"Cropland_Light use","Cropland","Light use","AD1_2008__Billeter 10","AD1_2008__Billeter 10 G2","51.623197865,11.4650204953","flight trap","AD1_2008__Billeter 10 G2 32",4.45434729625351,85,85,1,"Germany","2002","individuals"
0,0,0,0,100,1.91363587329003,84.9301238200592,2.31727727065571,2.78280241681422,0,100,9.64984537760421,859.67993416125,"Cropland_Intense use","Cropland","Intense use","AD1_2008__Billeter 10","AD1_2008__Billeter 10 G3","51.3684423136,11.7026022548","flight trap","AD1_2008__Billeter 10 G3 33",5.78382518232974,324,324,1,"Germany","2002","individuals"
0,0,0,0,100,1.04245999793625,83.9284245155732,2.30740213519152,2.99653784903958,0,100,9.64984537760421,859.67993416125,"Cropland_Intense use","Cropland","Intense use","AD1_2008__Billeter 10","AD1_2008__Billeter 10 G3","51.3924154581,11.7031904522","flight trap","AD1_2008__Billeter 10 G3 34",5.44673737166631,231,231,1,"Germany","2002","individuals"
0,0,0,0,100,1.60917233056248,84.4085062816447,2.32098227936419,3.22443417078231,0,100,9.64984537760421,859.67993416125,"Cropland_Intense use","Cropland","Intense use","AD1_2008__Billeter 10","AD1_2008__Billeter 10 G3","51.3632528782,11.7050297693","flight trap","AD1_2008__Billeter 10 G3 35",5.79301360838414,327,327,1,"Germany","2002","individuals"
0,0,0,0,99.930094372597,0.976419619512222,84.0774373630749,2.32333383608167,2.79724702087295,0,100,9.64984537760421,859.679934161249,"Cropland_Intense use","Cropland","Intense use","AD1_2008__Billeter 10","AD1_2008__Billeter 10 G3","51.3798193592,11.7066579531","flight trap","AD1_2008__Billeter 10 G3 36",4.02535169073515,55,55,1,"Germany","2002","individuals"
0,0,0,0,100,0.942551374825698,82.9958114624023,2.33101654052734,3.27816579308625,0,100,9.64984537760421,859.67993416125,"Cropland_Intense use","Cropland","Intense use","AD1_2008__Billeter 10","AD1_2008__Billeter 10 G3","51.3899800102,11.7143967701","flight trap","AD1_2008__Billeter 10 G3 37",6.56667242980324,710,710,1,"Germany","2002","individuals"
0,0,0,0,100,1.38746880013785,82.9958114624023,2.33101654052734,2.41482312439593,0,100,9.64984537760421,859.67993416125,"Cropland_Intense use","Cropland","Intense use","AD1_2008__Billeter 10","AD1_2008__Billeter 10 G3","51.3666097451,11.719302956","flight trap","AD1_2008__Billeter 10 G3 38",5.01063529409626,149,149,1,"Germany","2002","individuals"
0,0,0,0,99.9296394019349,0.888777012254032,82.9958114624023,2.33101654052734,3.0988862996079,0,100,9.64984537760421,859.67993416125,"Cropland_Intense use","Cropland","Intense use","AD1_2008__Billeter 10","AD1_2008__Billeter 10 G3","51.3824882431,11.7206399003","flight trap","AD1_2008__Billeter 10 G3 39",4.36944785246702,78,78,1,"Germany","2002","individuals"
0,0,0,0,100,0.847575338136126,82.9958114624023,2.33101654052734,1.94118494492574,0,100,9.64984537760421,859.67993416125,"Cropland_Intense use","Cropland","Intense use","AD1_2008__Billeter 10","AD1_2008__Billeter 10 G3","51.3720614805,11.7234985878","flight trap","AD1_2008__Billeter 10 G3 40",6.49978704065585,664,664,1,"Germany","2002","individuals"
0,0,0,0,99.9287622439893,1.47077496364977,82.9958114624023,2.33101654052734,3.06809372206596,0,100,9.64984537760421,859.67993416125,"Cropland_Intense use","Cropland","Intense use","AD1_2008__Billeter 10","AD1_2008__Billeter 10 G3","51.3796287765,11.7308500742","flight trap","AD1_2008__Billeter 10 G3 41",4.00733318523247,54,54,1,"Germany","2002","individuals"
0,0,0,0,99.9300209937019,1.44895463067646,82.9958114624023,2.33101654052734,3.63676556826263,0,100,9.64984537760421,859.67993416125,"Cropland_Intense use","Cropland","Intense use","AD1_2008__Billeter 10","AD1_2008__Billeter 10 G3","51.3878362185,11.7308649144","flight trap","AD1_2008__Billeter 10 G3 42",6.13122648948314,459,459,1,"Germany","2002","individuals"
0,0,0,0,100,0.835801729998442,82.9958114624023,2.33101654052734,2.20886953260612,0,100,9.64984537760421,859.67993416125,"Cropland_Intense use","Cropland","Intense use","AD1_2008__Billeter 10","AD1_2008__Billeter 10 G3","51.3682893868,11.7309983559","flight trap","AD1_2008__Billeter 10 G3 43",5.29831736654804,199,199,1,"Germany","2002","individuals"
0,0,0,0,99.8932004271983,1.72750786862864,83.3866818029037,2.32110877944178,3.32562538937645,0,100,9.65877901151749,859.349615896054,"Cropland_Intense use","Cropland","Intense use","AD1_2008__Billeter 10","AD1_2008__Billeter 10 G3","51.3758708447,11.7384928941","flight trap","AD1_2008__Billeter 10 G3 44",5.73979291217923,310,310,1,"Germany","2002","individuals"
0,0,0,0,100,0.881945748620275,85.2318824388028,2.27433672958002,2.94245853444292,0,100,9.70094358167716,857.790594359793,"Cropland_Intense use","Cropland","Intense use","AD1_2008__Billeter 10","AD1_2008__Billeter 10 G3","51.363697054,11.7452169362","flight trap","AD1_2008__Billeter 10 G3 45",5.09375020080676,162,162,1,"Germany","2002","individuals"
0,0,0,0,100,1.30826284005452,85.976786307828,2.25545494500526,3.0924889433618,0,100,9.71796353858901,857.161286880283,"Cropland_Intense use","Cropland","Intense use","AD1_2008__Billeter 10","AD1_2008__Billeter 10 G3","51.3903402515,11.7474781302","flight trap","AD1_2008__Billeter 10 G3 46",5.40267738187228,221,221,1,"Germany","2002","individuals"
0.123565754633716,0,0,0,99.8764342453663,1.50075908294107,86.6798251324953,2.23763435340001,3.19953246501172,0,100,9.7340263966798,856.567367824484,"Cropland_Intense use","Cropland","Intense use","AD1_2008__Billeter 10","AD1_2008__Billeter 10 G3","51.3802022761,11.7495550374","flight trap","AD1_2008__Billeter 10 G3 47",5.33271879326537,206,206,1,"Germany","2002","individuals"
0.123959624579413,0,0,0,99.8760403754206,1.27474110107077,87.8571187889882,2.20779237495489,3.11733589095521,0,100,9.76092303570525,855.572873173289,"Cropland_Intense use","Cropland","Intense use","AD1_2008__Billeter 10","AD1_2008__Billeter 10 G3","51.3753256745,11.7530319402","flight trap","AD1_2008__Billeter 10 G3 48",5.23644196282995,187,187,1,"Germany","2002","individuals"
0,0,0,0,99.8753117206982,0.948854241425001,90.8594543016064,1.83241287805695,2.88935543062636,0,100,9.74001464843752,786.55385831371,"Cropland_Intense use","Cropland","Intense use","AD1_2008__Billeter 10","AD1_2008__Billeter 10 G4","52.09523065,11.4100103373","flight trap","AD1_2008__Billeter 10 G4 49",5.72031177660741,304,304,1,"Germany","2002","individuals"
0,0.105392587388024,0,0,99.894607412612,0.786968886651865,81.5125579833984,1.82310557365418,1.76129843468324,0,100,9.74001464843752,786.55385831371,"Cropland_Intense use","Cropland","Intense use","AD1_2008__Billeter 10","AD1_2008__Billeter 10 G4","52.0759608343,11.4148618009","flight trap","AD1_2008__Billeter 10 G4 50",5.64544689764324,282,282,1,"Germany","2002","individuals"
0.0651888192105741,0.0379039642945866,0,0,99.8969072164948,1.11200087362006,81.5125579833984,1.82310557365417,2.28755185960771,0,100,9.74001464843752,786.55385831371,"Cropland_Intense use","Cropland","Intense use","AD1_2008__Billeter 10","AD1_2008__Billeter 10 G4","52.0679413056,11.4160697508","flight trap","AD1_2008__Billeter 10 G4 51",4.72738781871234,112,112,1,"Germany","2002","individuals"
0.275912942098686,0.294068058534632,0,0,99.4300189993667,0.701406183154606,81.5125579833984,1.82310557365418,1.91904654072463,0,100,9.74001464843752,786.55385831371,"Cropland_Intense use","Cropland","Intense use","AD1_2008__Billeter 10","AD1_2008__Billeter 10 G4","52.0850609702,11.4176719196","flight trap","AD1_2008__Billeter 10 G4 52",4.93447393313069,138,138,1,"Germany","2002","individuals"
0.555376516325783,0.0849649991491324,0,0,99.3596584845251,0.505165826020566,81.5125579833984,1.82310557365417,2.18125510890839,0,100,9.74001464843752,786.553858313709,"Cropland_Intense use","Cropland","Intense use","AD1_2008__Billeter 10","AD1_2008__Billeter 10 G4","52.0890775466,11.4194362016","flight trap","AD1_2008__Billeter 10 G4 53",4.80402104473326,121,121,1,"Germany","2002","individuals"
0.731331793687445,0,0,0,99.2686682063126,0.956460910569879,81.5125579833984,1.82310557365417,2.17728333197066,0,100,9.74001464843752,786.55385831371,"Cropland_Intense use","Cropland","Intense use","AD1_2008__Billeter 10","AD1_2008__Billeter 10 G4","52.0675072772,11.4272135951","flight trap","AD1_2008__Billeter 10 G4 54",4.17438726989564,64,64,1,"Germany","2002","individuals"
0,0.639245322191012,0,0,99.1410779471763,0.526972195352542,81.5125579833984,1.82310557365417,2.04197099142036,0,100,9.74001464843752,786.55385831371,"Cropland_Intense use","Cropland","Intense use","AD1_2008__Billeter 10","AD1_2008__Billeter 10 G4","52.0785726721,11.4311782521","flight trap","AD1_2008__Billeter 10 G4 55",4.65396035015752,104,104,1,"Germany","2002","individuals"
0.872262066291924,0,0,0,99.1277379337081,0.937530493415633,89.9603634923393,1.82741174686775,3.00958963668605,0,100,9.74001464843752,786.55385831371,"Cropland_Intense use","Cropland","Intense use","AD1_2008__Billeter 10","AD1_2008__Billeter 10 G4","52.0953298329,11.4322526148","flight trap","AD1_2008__Billeter 10 G4 56",5.4971682252932,243,243,1,"Germany","2002","individuals"
0.597237775289287,0,0,0,99.4027622247107,1.65505504961206,97.4821242746812,1.83604116088393,3.36937758849039,0,100,9.7452892503548,786.285837499749,"Cropland_Intense use","Cropland","Intense use","AD1_2008__Billeter 10","AD1_2008__Billeter 10 G4","52.0976879007,11.4380586724","flight trap","AD1_2008__Billeter 10 G4 57",5.07517381523383,159,159,1,"Germany","2002","individuals"
1.00498903404334,0.0747817901082656,0,0,98.9202291758484,0.668794112209862,84.9244503597696,1.85055526338801,2.62868751063042,0,100,9.76173368162983,785.450238922914,"Cropland_Intense use","Cropland","Intense use","AD1_2008__Billeter 10","AD1_2008__Billeter 10 G4","52.0832180462,11.4424030015","flight trap","AD1_2008__Billeter 10 G4 58",4.52178857704904,91,91,1,"Germany","2002","individuals"
0.777019072286322,0,0,0,99.2229809277137,0.635612514435985,85.5150476640886,1.85530679449534,2.20556394385645,0,100,9.76549357938425,785.259185479953,"Cropland_Intense use","Cropland","Intense use","AD1_2008__Billeter 10","AD1_2008__Billeter 10 G4","52.0678779151,11.4432409114","flight trap","AD1_2008__Billeter 10 G4 59",4.30406509320417,73,73,1,"Germany","2002","individuals"
0.637518168970042,0.0266578376717115,0,0,99.3358239933582,1.2303166369349,89.3016853070065,1.88577142144325,2.36355479754144,0,100,9.78959318602068,784.034600897435,"Cropland_Intense use","Cropland","Intense use","AD1_2008__Billeter 10","AD1_2008__Billeter 10 G4","52.0724748386,11.4481426987","flight trap","AD1_2008__Billeter 10 G4 60",4.34380542185368,76,76,1,"Germany","2002","individuals"
0,0.414000752728638,0,0,99.5859992472714,1.46695624446987,93.2486144805655,1.91752564146669,2.61506599145161,0,100,9.81471455934972,782.758096806123,"Cropland_Intense use","Cropland","Intense use","AD1_2008__Billeter 10","AD1_2008__Billeter 10 G4","52.076959861,11.4530237942","flight trap","AD1_2008__Billeter 10 G4 61",5.50938833662798,246,246,1,"Germany","2002","individuals"
0.296115659292809,0,0,0,99.7038843407072,2.26225271344954,100.408884819591,1.89305230042693,3.17301539194426,0,100,9.830365442853,781.962821143327,"Cropland_Intense use","Cropland","Intense use","AD1_2008__Billeter 10","AD1_2008__Billeter 10 G4","52.097828984,11.4562246892","flight trap","AD1_2008__Billeter 10 G4 62",5.37527840768417,215,215,1,"Germany","2002","individuals"
0,0.0918948722661232,0,0,99.9081051277339,1.46754482432563,96.2302130957403,1.94151348981273,2.76601451354577,0,100,9.83369102030003,781.79383702126,"Cropland_Intense use","Cropland","Intense use","AD1_2008__Billeter 10","AD1_2008__Billeter 10 G4","52.0817309021,11.4569424601","flight trap","AD1_2008__Billeter 10 G4 63",4.77068462446567,117,117,1,"Germany","2002","individuals"
0.0727627274287897,0,0.0566312773156512,0,99.8706059952556,1.17175859950256,100.103096008301,1.97267198562622,2.84021534903513,0,100,9.85834147135421,780.541262123734,"Cropland_Intense use","Cropland","Intense use","AD1_2008__Billeter 10","AD1_2008__Billeter 10 G4","52.0644621522,11.4648474554","flight trap","AD1_2008__Billeter 10 G4 64",4.62497281328427,101,101,1,"Germany","2002","individuals"
0,9.04241390216451,0,13.8710914089129,77.0864946889226,0.200022543999821,5.63948926768914,2.71038077164062,1.53431013762313,0,0,9.84047597249349,1016.31099544466,"Cropland_Light use","Cropland","Light use","AD1_2008__Billeter 11","AD1_2008__Billeter 11 N1","52.5748434219,6.31307044689","flight trap","AD1_2008__Billeter 11 N1 1",1.6094379124341,4,4,1,"Netherlands","2001","individuals"
0,11.1583801334565,0,16.7125075139675,72.129112352576,0.417514876763811,5.64068412780762,2.71272563934326,1.86397122182496,0,0,9.84047597249349,1016.31099544466,"Cropland_Light use","Cropland","Light use","AD1_2008__Billeter 11","AD1_2008__Billeter 11 N1","52.5812652554,6.31477674227","flight trap","AD1_2008__Billeter 11 N1 2",1.38629436111989,3,3,1,"Netherlands","2001","individuals"
0,10.0444756043602,0,12.6341963146044,77.3213280810355,0.288786693115882,5.64068412780762,2.71272563934326,1.32719736323598,0,0,9.84047597249349,1016.31099544466,"Cropland_Light use","Cropland","Light use","AD1_2008__Billeter 11","AD1_2008__Billeter 11 N1","52.5590971374,6.31650761613","flight trap","AD1_2008__Billeter 11 N1 3",0.693147180559945,1,1,1,"Netherlands","2001","individuals"
0,6.56818149412322,0,7.95464008264027,85.4771784232365,0.411508323506281,5.64068412780762,2.71272563934326,1.20284793398104,0,0,9.84047597249349,1016.31099544466,"Cropland_Light use","Cropland","Light use","AD1_2008__Billeter 11","AD1_2008__Billeter 11 N1","52.5659990278,6.32345257233","flight trap","AD1_2008__Billeter 11 N1 4",1.94591014905531,6,6,1,"Netherlands","2001","individuals"
0,10.2030220551942,0,11.9131965050834,77.8837814397225,0.359399040799243,5.64068412780762,2.71272563934326,1.29321290536127,0,0,9.84047597249349,1016.31099544466,"Cropland_Light use","Cropland","Light use","AD1_2008__Billeter 11","AD1_2008__Billeter 11 N1","52.5591298942,6.32548188758","flight trap","AD1_2008__Billeter 11 N1 5",0.693147180559945,1,1,1,"Netherlands","2001","individuals"
0,8.43522471700293,0,12.1858330219587,79.3789422610383,0.338897246393815,5.64303801542864,2.71280849327946,1.62365181886176,0,0,9.84041768161565,1016.31604021701,"Cropland_Light use","Cropland","Light use","AD1_2008__Billeter 11","AD1_2008__Billeter 11 N1","52.5737339291,6.33577988277","flight trap","AD1_2008__Billeter 11 N1 6",0,0,0,1,"Netherlands","2001","individuals"
0,12.0728951527866,0,17.6865550190347,70.2405498281787,0.470835260179559,5.67718994225989,2.71401059891179,2.03278374842372,0,0,9.83958418859992,1016.38817470319,"Cropland_Light use","Cropland","Light use","AD1_2008__Billeter 11","AD1_2008__Billeter 11 N1","52.5839047128,6.33843350202","flight trap","AD1_2008__Billeter 11 N1 7",0,0,0,1,"Netherlands","2001","individuals"
0,9.19619986724874,0,10.9262491123431,79.8775510204082,0.346995403224031,5.67409343491869,2.71390160567895,1.34224917456555,0,0,9.83965971559636,1016.38163823441,"Cropland_Light use","Cropland","Light use","AD1_2008__Billeter 11","AD1_2008__Billeter 11 N1","52.5669958494,6.33825294633","flight trap","AD1_2008__Billeter 11 N1 8",0,0,0,1,"Netherlands","2001","individuals"
0,10.0265179322565,0,11.4989057965571,78.4745762711864,0.315041725422254,5.708587604624,2.71511575783769,1.31155481510298,0,0,9.83881748558294,1016.45452886231,"Cropland_Light use","Cropland","Light use","AD1_2008__Billeter 11","AD1_2008__Billeter 11 N1","52.5644868218,6.34011616759","flight trap","AD1_2008__Billeter 11 N1 9",1.09861228866811,2,2,1,"Netherlands","2001","individuals"
0,11.6740198296924,0,14.0363996560992,74.2895805142084,0.29628642721118,5.78538658998968,2.71744213324479,1.50223541398204,0,0,9.83708747061885,1016.65048208564,"Cropland_Light use","Cropland","Light use","AD1_2008__Billeter 11","AD1_2008__Billeter 11 N1","52.5584945912,6.34314985737","flight trap","AD1_2008__Billeter 11 N1 10",0,0,0,1,"Netherlands","2001","individuals"
0,8.69856080038294,0,12.4850675182011,78.8163716814159,0.264793346602332,6.0370562441646,2.72667744815214,2.12745554510863,0,0,9.83079905233976,1017.14848256209,"Cropland_Light use","Cropland","Light use","AD1_2008__Billeter 11","AD1_2008__Billeter 11 N1","52.5795095622,6.35293023899","flight trap","AD1_2008__Billeter 11 N1 11",0,0,0,1,"Netherlands","2001","individuals"
0,11.0046567689844,0,15.1259964973472,73.8693467336683,0.154192202512418,6.03923011136573,2.72675396559198,1.97471910906534,0,0,9.83074593525679,1017.1530795694,"Cropland_Light use","Cropland","Light use","AD1_2008__Billeter 11","AD1_2008__Billeter 11 N1","52.5727546572,6.35301086378","flight trap","AD1_2008__Billeter 11 N1 12",1.09861228866811,2,2,1,"Netherlands","2001","individuals"
0,8.81140044969271,0,12.3488205447824,78.8397790055249,0.252148932365813,6.19634093195052,2.7322840723784,2.25187549126722,0,0,9.82691033857336,1017.4850305165,"Cropland_Light use","Cropland","Light use","AD1_2008__Billeter 11","AD1_2008__Billeter 11 N1","52.579901525,6.35941586615","flight trap","AD1_2008__Billeter 11 N1 13",1.09861228866811,2,2,1,"Netherlands","2001","individuals"
0,11.7866460317929,0.0179562977247207,14.3914761018549,73.8039215686274,0.378745952617761,6.18988792318858,2.73205693444215,2.52854313645767,0,0,9.82706817300632,1017.4713707671,"Cropland_Light use","Cropland","Light use","AD1_2008__Billeter 11","AD1_2008__Billeter 11 N1","52.5606074304,6.35910833419","flight trap","AD1_2008__Billeter 11 N1 14",0,0,0,1,"Netherlands","2001","individuals"
0,8.7716291730577,1.426998728434,12.5807417260155,77.2206303724928,0.390455695368103,6.38858490183207,2.69733315010986,2.45955985225661,0,0,9.829125791681,1017.9761576944,"Cropland_Light use","Cropland","Light use","AD1_2008__Billeter 11","AD1_2008__Billeter 11 N1","52.5549878129,6.3599355648","flight trap","AD1_2008__Billeter 11 N1 15",0,0,0,1,"Netherlands","2001","individuals"
0,9.58053901576916,0,11.8091890809076,78.6102719033233,0.205599412982473,6.2495934582527,2.73415849551494,2.29817453126769,0,0,9.8256103561591,1017.59753723429,"Cropland_Light use","Cropland","Light use","AD1_2008__Billeter 11","AD1_2008__Billeter 11 N1","52.5704181602,6.36231910641","flight trap","AD1_2008__Billeter 11 N1 16",1.38629436111989,3,3,1,"Netherlands","2001","individuals"
0,14.4417573008144,4.22581630124257,1.69073258686817,79.6416938110749,0.20486672709165,11.0703032509895,2.65696994542534,1.68034963902394,100,0,9.98299179268568,971.008007983602,"Cropland_Intense use","Cropland","Intense use","AD1_2008__Billeter 11","AD1_2008__Billeter 11 N2","52.2380602303,6.64203528218","flight trap","AD1_2008__Billeter 11 N2 17",0.693147180559945,1,1,1,"Netherlands","2001","individuals"
0,2.95408302587178,0,8.89293189950136,88.1529850746269,0.294717614993112,10.9970804178615,2.64422265632154,1.42775521347322,100,0,9.98423443422272,972.0785302348,"Cropland_Intense use","Cropland","Intense use","AD1_2008__Billeter 11","AD1_2008__Billeter 11 N2","52.2148227128,6.64893879505","flight trap","AD1_2008__Billeter 11 N2 18",0.693147180559945,1,1,1,"Netherlands","2001","individuals"
0,3.38169812460782,0,4.45088782457004,92.1674140508221,0.328877202566634,10.9728256976551,2.64000017656491,1.53498155392547,100,0,9.98464598216077,972.433074334595,"Cropland_Intense use","Cropland","Intense use","AD1_2008__Billeter 11","AD1_2008__Billeter 11 N2","52.2202064407,6.65108906587","flight trap","AD1_2008__Billeter 11 N2 19",2.07944154167984,7,7,1,"Netherlands","2001","individuals"
0,7.60485245617764,0.613446099199579,0,91.7817014446228,0.394392627930929,10.968517935337,2.63925024257145,1.67028850695224,100,0,9.98471915861665,972.496115060302,"Cropland_Intense use","Cropland","Intense use","AD1_2008__Billeter 11","AD1_2008__Billeter 11 N2","52.2277933206,6.65147277529","flight trap","AD1_2008__Billeter 11 N2 20",0.693147180559945,1,1,1,"Netherlands","2001","individuals"
0,3.19553069762977,0,5.8506836583191,90.9537856440511,0.248180562354797,10.9169280824533,2.63026901716072,1.58890122303397,100,0,9.98559464044619,973.250333192489,"Cropland_Intense use","Cropland","Intense use","AD1_2008__Billeter 11","AD1_2008__Billeter 11 N2","52.219238876,6.65623511056","flight trap","AD1_2008__Billeter 11 N2 21",1.79175946922805,5,5,1,"Netherlands","2001","individuals"
0,19.7558268590455,0,0,80.2441731409545,0.236382812985491,10.883227550797,2.6244021256239,1.60615421509763,100,0,9.98616651363944,973.742995766523,"Cropland_Intense use","Cropland","Intense use","AD1_2008__Billeter 11","AD1_2008__Billeter 11 N2","52.2337035007,6.65983163034","flight trap","AD1_2008__Billeter 11 N2 22",1.6094379124341,4,4,1,"Netherlands","2001","individuals"
0,17.2401685393258,0,0,82.7598314606742,0.28005561056918,10.8728532976708,2.62259608236959,1.68586283674465,100,0,9.98634250515354,973.894610553445,"Cropland_Intense use","Cropland","Intense use","AD1_2008__Billeter 11","AD1_2008__Billeter 11 N2","52.231567899,6.6611539783","flight trap","AD1_2008__Billeter 11 N2 23",1.38629436111989,3,3,1,"Netherlands","2001","individuals"
0,2.263347375316,0,11.8349029611578,85.9017496635262,0.238278776264885,10.8696285654363,2.62203469199044,1.6189450220638,100,0,9.98639732744773,973.941839367261,"Cropland_Intense use","Cropland","Intense use","AD1_2008__Billeter 11","AD1_2008__Billeter 11 N2","52.2130866372,6.66160575843","flight trap","AD1_2008__Billeter 11 N2 24",0,0,0,1,"Netherlands","2001","individuals"
0,1.17064217828704,0,10.2103432484999,88.619014573213,0.158361458870738,10.8556394577026,2.61959934234619,1.7763773785662,100,0,9.98663482666018,974.14644237142,"Cropland_Intense use","Cropland","Intense use","AD1_2008__Billeter 11","AD1_2008__Billeter 11 N2","52.2122792317,6.67017213251","flight trap","AD1_2008__Billeter 11 N2 25",0.693147180559945,1,1,1,"Netherlands","2001","individuals"
0,17.5263888959842,0,4.85663088211519,77.6169802219006,0.153736938284629,10.8538121444007,2.61959485602007,1.63979976951286,100,0,9.98658611375745,974.155455473673,"Cropland_Intense use","Cropland","Intense use","AD1_2008__Billeter 11","AD1_2008__Billeter 11 N2","52.2411374436,6.67555775274","flight trap","AD1_2008__Billeter 11 N2 26",2.77258872223978,15,15,1,"Netherlands","2001","individuals"
0,5.33583041214305,1.87413678024841,0.0952292311480487,89.9802566633761,0.157143287996842,10.8556394577026,2.61959934234619,1.8156182239703,100,0,9.98663482666018,974.14644237142,"Cropland_Intense use","Cropland","Intense use","AD1_2008__Billeter 11","AD1_2008__Billeter 11 N2","52.2225926377,6.67606032367","flight trap","AD1_2008__Billeter 11 N2 27",1.94591014905531,6,6,1,"Netherlands","2001","individuals"
0,9.07871198568873,0,0,90.9212880143113,0.221564275172946,10.8556394577026,2.61959934234619,1.61583640444605,100,0,9.98663482666018,974.14644237142,"Cropland_Intense use","Cropland","Intense use","AD1_2008__Billeter 11","AD1_2008__Billeter 11 N2","52.2307280829,6.68134628469","flight trap","AD1_2008__Billeter 11 N2 28",1.09861228866811,2,2,1,"Netherlands","2001","individuals"
0,1.46590030016977,4.75565995179022,5.01439480421979,88.7640449438202,0.146017111702992,10.8556394577026,2.61959934234619,1.87853490907953,100,0,9.98663482666018,974.146442371421,"Cropland_Intense use","Cropland","Intense use","AD1_2008__Billeter 11","AD1_2008__Billeter 11 N2","52.2172279975,6.68452478595","flight trap","AD1_2008__Billeter 11 N2 29",1.38629436111989,3,3,1,"Netherlands","2001","individuals"
0,9.8816029143898,0,0,90.1183970856102,0.215789391349964,10.8466808000417,2.61788830266539,1.46420463706757,100,0,9.98663482666018,974.14644237142,"Cropland_Intense use","Cropland","Intense use","AD1_2008__Billeter 11","AD1_2008__Billeter 11 N2","52.2337077906,6.68626408843","flight trap","AD1_2008__Billeter 11 N2 30",1.6094379124341,4,4,1,"Netherlands","2001","individuals"
0,6.73764363816557,0,1.42652229299063,91.8358340688438,0.274054720051895,10.8234364956782,2.61344880641363,1.5809780258591,100,0,9.98663482666018,974.14644237142,"Cropland_Intense use","Cropland","Intense use","AD1_2008__Billeter 11","AD1_2008__Billeter 11 N2","52.2294744168,6.68745802544","flight trap","AD1_2008__Billeter 11 N2 31",1.6094379124341,4,4,1,"Netherlands","2001","individuals"
0,1.2268251092777,4.4160274362964,5.81466888856465,88.5424785658613,0.138342084736457,10.7645028259884,2.60219289607912,1.88916592525336,100,0,9.98663482666018,974.14644237142,"Cropland_Intense use","Cropland","Intense use","AD1_2008__Billeter 11","AD1_2008__Billeter 11 N2","52.2146283589,6.68959279455","flight trap","AD1_2008__Billeter 11 N2 32",1.79175946922805,5,5,1,"Netherlands","2001","individuals"
0,7.24878265403985,0,8.69481821363912,84.056399132321,0.0965515921095971,3.82042743982114,2.86410664742972,1.6209607148111,100,0,10.0994277954102,1023.15971814096,"Cropland_Light use","Cropland","Light use","AD1_2008__Billeter 11","AD1_2008__Billeter 11 N3","52.1079794668,5.47013202167","flight trap","AD1_2008__Billeter 11 N3 33",1.09861228866811,2,2,1,"Netherlands","2001","individuals"
0,12.634523713342,0,9.32465996012739,78.0408163265306,0.117957944616639,3.83889412879944,2.87085294723511,1.55721187837675,100,0,10.0994277954102,1023.15971814096,"Cropland_Light use","Cropland","Light use","AD1_2008__Billeter 11","AD1_2008__Billeter 11 N3","52.1179230656,5.47234056675","flight trap","AD1_2008__Billeter 11 N3 34",1.09861228866811,2,2,1,"Netherlands","2001","individuals"
0,10.2427020441692,0,14.1506568319483,75.6066411238825,0.0951655870826232,3.69883033399337,2.81968447015985,1.57576679790223,100,0,10.0994277954102,1023.15971814096,"Cropland_Light use","Cropland","Light use","AD1_2008__Billeter 11","AD1_2008__Billeter 11 N3","52.1050105919,5.47407475363","flight trap","AD1_2008__Billeter 11 N3 35",0,0,0,1,"Netherlands","2001","individuals"
1.71737925172863,6.59082710807239,3.13739801769937,22.6821363279334,65.8722592945662,0.136515124529995,3.00746731283648,2.56711389724535,1.80238558427439,99.4653906178669,0,10.0994277954102,1023.15971814096,"Cropland_Light use","Cropland","Light use","AD1_2008__Billeter 11","AD1_2008__Billeter 11 N3","52.0922195955,5.47555282307","flight trap","AD1_2008__Billeter 11 N3 36",1.6094379124341,4,4,1,"Netherlands","2001","individuals"
0,9.58590585542021,0.582881092751113,18.3272552681875,71.5039577836412,0.112802371687669,3.47608719325016,2.73831135509774,1.68480803963,100,0,10.0994277954102,1023.15971814096,"Cropland_Light use","Cropland","Light use","AD1_2008__Billeter 11","AD1_2008__Billeter 11 N3","52.1010702881,5.48438563241","flight trap","AD1_2008__Billeter 11 N3 37",1.38629436111989,3,3,1,"Netherlands","2001","individuals"
0,8.55677018963305,0,18.1028715385018,73.3403582718651,0.0837195003032685,3.92522077110663,2.87310962068409,2.04118584122241,100,0,10.0994277954102,1023.15971814096,"Cropland_Light use","Cropland","Light use","AD1_2008__Billeter 11","AD1_2008__Billeter 11 N3","52.1153575944,5.48860681864","flight trap","AD1_2008__Billeter 11 N3 38",1.79175946922805,5,5,1,"Netherlands","2001","individuals"
3.91501096141861,2.75215139530787,2.74273036778305,15.9787083117599,74.6113989637306,0.104376643099103,3.10073623803248,2.58536280127138,1.94457542334238,89.6901604805206,0,10.0994277954102,1023.15971814096,"Cropland_Light use","Cropland","Light use","AD1_2008__Billeter 11","AD1_2008__Billeter 11 N3","52.0883013194,5.49142701335","flight trap","AD1_2008__Billeter 11 N3 39",1.09861228866811,2,2,1,"Netherlands","2001","individuals"
0,7.34403881322063,0,20.4790112449866,72.1769499417928,0.11395661779313,4.22567080827154,2.88096371535919,2.08841071293419,100,0,10.0994277954102,1023.15971814096,"Cropland_Light use","Cropland","Light use","AD1_2008__Billeter 11","AD1_2008__Billeter 11 N3","52.1128627257,5.49447712158","flight trap","AD1_2008__Billeter 11 N3 40",0.693147180559945,1,1,1,"Netherlands","2001","individuals"
0.920952260672017,3.3146984547743,1.69327893826827,11.7949509433003,82.2761194029851,0.156732283915281,3.3309631630902,2.63849129412846,1.97756674410478,98.6938183879918,0,10.0994277954102,1023.15971814096,"Cropland_Light use","Cropland","Light use","AD1_2008__Billeter 11","AD1_2008__Billeter 11 N3","52.0896204954,5.49857973457","flight trap","AD1_2008__Billeter 11 N3 41",1.38629436111989,3,3,1,"Netherlands","2001","individuals"
0,6.41110613024193,0,12.6510753172606,80.9378185524974,0.416453375180604,4.52516795928882,2.8887929005415,2.48536134230806,100,0,10.0994277954102,1023.15971814096,"Cropland_Light use","Cropland","Light use","AD1_2008__Billeter 11","AD1_2008__Billeter 11 N3","52.1236033308,5.49929977856","flight trap","AD1_2008__Billeter 11 N3 42",1.79175946922805,5,5,1,"Netherlands","2001","individuals"
0,4.15267184376591,0.429965192474925,10.0418688926129,85.3754940711462,0.152019509388478,4.29769918543154,2.80593420928751,1.9410468457685,100,0,10.0994277954102,1023.15971814096,"Cropland_Light use","Cropland","Light use","AD1_2008__Billeter 11","AD1_2008__Billeter 11 N3","52.1007186036,5.50529911118","flight trap","AD1_2008__Billeter 11 N3 43",0,0,0,1,"Netherlands","2001","individuals"
0,4.34575813868469,0,17.7300243983828,77.9242174629325,0.174337770344276,4.99169278579558,2.88627097037817,1.85509277336618,100,0,10.0994277954102,1023.15971814096,"Cropland_Light use","Cropland","Light use","AD1_2008__Billeter 11","AD1_2008__Billeter 11 N3","52.1058816152,5.51025365996","flight trap","AD1_2008__Billeter 11 N3 44",0.693147180559945,1,1,1,"Netherlands","2001","individuals"
0,1.91680364816448,0.961359058951668,5.98259678655474,91.1392405063291,0.455212248338338,3.75240377311549,2.73534246656885,2.06569137766047,100,0,10.0994277954102,1023.15971814096,"Cropland_Light use","Cropland","Light use","AD1_2008__Billeter 11","AD1_2008__Billeter 11 N3","52.0912425094,5.51231451108","flight trap","AD1_2008__Billeter 11 N3 45",1.38629436111989,3,3,1,"Netherlands","2001","individuals"
0,4.93728309337388,0.329451662762782,14.7457730612492,79.9874921826141,0.22744187442828,4.81435352532531,2.85555245095753,1.7531507673633,100,0,10.0994277954102,1023.15971814096,"Cropland_Light use","Cropland","Light use","AD1_2008__Billeter 11","AD1_2008__Billeter 11 N3","52.1025777614,5.51519237184","flight trap","AD1_2008__Billeter 11 N3 46",0,0,0,1,"Netherlands","2001","individuals"
0,6.26792702283691,0,18.2233010473385,75.5087719298246,0.189540140085137,5.30093860626221,2.9090723991394,1.87585165079121,100,0,10.0994277954102,1023.15971814096,"Cropland_Light use","Cropland","Light use","AD1_2008__Billeter 11","AD1_2008__Billeter 11 N3","52.1111826288,5.52025341135","flight trap","AD1_2008__Billeter 11 N3 47",1.09861228866811,2,2,1,"Netherlands","2001","individuals"
0,3.70775910036278,0,13.058984548598,83.2332563510393,0.21584749334248,5.30093860626221,2.9090723991394,1.92626641505524,100,0,10.0994277954102,1023.15971814096,"Cropland_Light use","Cropland","Light use","AD1_2008__Billeter 11","AD1_2008__Billeter 11 N3","52.1182239996,5.52477134634","flight trap","AD1_2008__Billeter 11 N3 48",0.693147180559945,1,1,1,"Netherlands","2001","individuals"
0,22.3933031796943,1.91129316335331,1.05024541136375,70.3589743589744,0.256311185941375,10.4265324106668,2.80677078462273,2.43495141866565,0,0,9.82566477457686,989.313186961226,"Cropland_Light use","Cropland","Light use","AD1_2008__Billeter 11","AD1_2008__Billeter 11 N4","52.3832178037,6.79573256391","flight trap","AD1_2008__Billeter 11 N4 49",1.6094379124341,4,4,1,"Netherlands","2001","individuals"
0,13.8848355211906,0,8.74483081511595,77.3703336636934,0.13763998484817,9.81267541904636,2.79832183998501,1.88940953308447,65.5813979048692,0,9.84864239217283,987.547467006551,"Cropland_Light use","Cropland","Light use","AD1_2008__Billeter 11","AD1_2008__Billeter 11 N4","52.3527679497,6.79766474525","flight trap","AD1_2008__Billeter 11 N4 50",0,0,0,1,"Netherlands","2001","individuals"
0,19.7475470742059,0,12.1976027480389,68.0548501777552,0.0688068547434457,10.5300863430167,2.8074022885415,2.31687544842383,40.8566644799033,0,9.82566477457686,989.313186961226,"Cropland_Light use","Cropland","Light use","AD1_2008__Billeter 11","AD1_2008__Billeter 11 N4","52.361536796,6.79839145375","flight trap","AD1_2008__Billeter 11 N4 51",0,0,0,1,"Netherlands","2001","individuals"
0,30.4305659971484,0,2.28984890148435,67.2795851013673,0.10416633538969,10.5615207586854,2.80759398533396,2.27740534661324,6.77028124961597,0,9.82566477457686,989.313186961226,"Cropland_Light use","Cropland","Light use","AD1_2008__Billeter 11","AD1_2008__Billeter 11 N4","52.3714329276,6.79918374017","flight trap","AD1_2008__Billeter 11 N4 52",1.38629436111989,3,3,1,"Netherlands","2001","individuals"
0,31.0558725956369,0,4.59130903275557,64.3528183716075,0.197195973409381,10.9207035046743,2.80978439284911,1.8427688923826,11.0035754190585,0,9.82566477457686,989.313186961226,"Cropland_Light use","Cropland","Light use","AD1_2008__Billeter 11","AD1_2008__Billeter 11 N4","52.360424019,6.80875093574","flight trap","AD1_2008__Billeter 11 N4 53",2.39789527279837,10,10,1,"Netherlands","2001","individuals"
0,25.0711237553343,0,0,74.9288762446657,0.110916730761494,11.0059457367156,2.81030422635378,1.86438467800514,0,0,9.82566477457686,989.313186961226,"Cropland_Light use","Cropland","Light use","AD1_2008__Billeter 11","AD1_2008__Billeter 11 N4","52.3733898965,6.81177352936","flight trap","AD1_2008__Billeter 11 N4 54",1.09861228866811,2,2,1,"Netherlands","2001","individuals"
0,23.7909282066687,0,0,76.2090717933313,0.151192866479736,11.0524597167969,2.81058788299561,1.93985943958829,0,0,9.82566477457686,989.313186961226,"Cropland_Light use","Cropland","Light use","AD1_2008__Billeter 11","AD1_2008__Billeter 11 N4","52.3780551301,6.81475089212","flight trap","AD1_2008__Billeter 11 N4 55",0.693147180559945,1,1,1,"Netherlands","2001","individuals"
0,27.9256654947263,0,0,72.0743345052737,0.295249387506195,10.1955630015046,2.80341567227846,2.3633947349486,15.0244538539609,0,9.85090551467572,987.373556872198,"Cropland_Light use","Cropland","Light use","AD1_2008__Billeter 11","AD1_2008__Billeter 11 N4","52.352324495,6.81514846375","flight trap","AD1_2008__Billeter 11 N4 56",0,0,0,1,"Netherlands","2001","individuals"
0,19.4197489274838,3.84919609480446,0,76.7310549777118,0.197151547905935,11.0524597167969,2.81058788299561,1.75981525557439,0,0,9.82566477457686,989.313186961226,"Cropland_Light use","Cropland","Light use","AD1_2008__Billeter 11","AD1_2008__Billeter 11 N4","52.3830356645,6.82174932297","flight trap","AD1_2008__Billeter 11 N4 57",0,0,0,1,"Netherlands","2001","individuals"
0,21.980198019802,0,0,78.019801980198,0.219142180019323,11.0524597167969,2.81058788299561,1.61561342052078,0,0,9.82566477457686,989.313186961226,"Cropland_Light use","Cropland","Light use","AD1_2008__Billeter 11","AD1_2008__Billeter 11 N4","52.3687414497,6.82229270488","flight trap","AD1_2008__Billeter 11 N4 58",1.09861228866811,2,2,1,"Netherlands","2001","individuals"
0,29.746835443038,0,0,70.253164556962,0.340417671113377,11.0524597167969,2.81058788299561,1.6428264736503,0,0,9.82566477457686,989.313186961226,"Cropland_Light use","Cropland","Light use","AD1_2008__Billeter 11","AD1_2008__Billeter 11 N4","52.3607844567,6.82762913162","flight trap","AD1_2008__Billeter 11 N4 59",1.09861228866811,2,2,1,"Netherlands","2001","individuals"
0,22.4870017331023,0,0,77.5129982668978,0.330290699280049,10.3117407050766,2.80438807765216,1.9923439312652,0,0,9.84748500401722,987.63640674772,"Cropland_Light use","Cropland","Light use","AD1_2008__Billeter 11","AD1_2008__Billeter 11 N4","52.3529976814,6.83078194051","flight trap","AD1_2008__Billeter 11 N4 60",1.09861228866811,2,2,1,"Netherlands","2001","individuals"
0,24.1421921798549,0,0.565278567219801,75.2925292529253,0.330918524030819,10.830544950415,2.80873635412846,1.87975785808067,0,0,9.83221777783585,988.802840150548,"Cropland_Light use","Cropland","Light use","AD1_2008__Billeter 11","AD1_2008__Billeter 11 N4","52.3564048116,6.83553196928","flight trap","AD1_2008__Billeter 11 N4 61",1.94591014905531,6,6,1,"Netherlands","2001","individuals"
0,13.632030306207,0,9.58800547196829,76.7799642218247,0.134611625514251,11.1231249484804,2.81160081300517,1.92444811825778,0,0,9.82484820768716,988.896781016415,"Cropland_Light use","Cropland","Light use","AD1_2008__Billeter 11","AD1_2008__Billeter 11 N4","52.3648087418,6.83851558613","flight trap","AD1_2008__Billeter 11 N4 62",1.38629436111989,3,3,1,"Netherlands","2001","individuals"
0,6.3735318717117,0.975142815109669,7.70938671504716,80.8524808524809,0.248889243673426,11.2397932717469,2.81327316082027,2.23231726997848,0,0,9.82350062019735,988.209582638687,"Cropland_Light use","Cropland","Light use","AD1_2008__Billeter 11","AD1_2008__Billeter 11 N4","52.3744343811,6.84155511959","flight trap","AD1_2008__Billeter 11 N4 63",0.693147180559945,1,1,1,"Netherlands","2001","individuals"
0,4.19297187536963,0.654954464977491,4.8827678626174,80.3775068816359,0.202841006878898,11.5841234420911,2.81820886051932,2.48864683757949,0,0,9.81952390877405,986.181670047154,"Cropland_Light use","Cropland","Light use","AD1_2008__Billeter 11","AD1_2008__Billeter 11 N4","52.3772331599,6.84858690534","flight trap","AD1_2008__Billeter 11 N4 64",1.09861228866811,2,2,1,"Netherlands","2001","individuals"
0,9.04241390216451,0,13.8710914089129,77.0864946889226,0.200022543999821,5.63948926768914,2.71038077164062,1.53431013762313,0,0,10.3366943359375,943.456704961136,"Cropland_Light use","Cropland","Light use","AD1_2008__Billeter 12","AD1_2008__Billeter 12 N1","52.5748434219,6.31307044689","flight trap","AD1_2008__Billeter 12 N1 1",0.693147180559945,1,1,1,"Netherlands","2002","individuals"
0,11.1583801334565,0,16.7125075139675,72.129112352576,0.417514876763811,5.64068412780762,2.71272563934326,1.86397122182496,0,0,10.3366943359375,943.456704961136,"Cropland_Light use","Cropland","Light use","AD1_2008__Billeter 12","AD1_2008__Billeter 12 N1","52.5812652554,6.31477674227","flight trap","AD1_2008__Billeter 12 N1 2",2.83321334405622,16,16,1,"Netherlands","2002","individuals"
0,10.0444756043602,0,12.6341963146044,77.3213280810355,0.288786693115882,5.64068412780762,2.71272563934326,1.32719736323598,0,0,10.3366943359375,943.456704961136,"Cropland_Light use","Cropland","Light use","AD1_2008__Billeter 12","AD1_2008__Billeter 12 N1","52.5590971374,6.31650761613","flight trap","AD1_2008__Billeter 12 N1 3",1.94591014905531,6,6,1,"Netherlands","2002","individuals"
0,6.56818149412322,0,7.95464008264027,85.4771784232365,0.411508323506281,5.64068412780762,2.71272563934326,1.20284793398104,0,0,10.3366943359375,943.456704961136,"Cropland_Light use","Cropland","Light use","AD1_2008__Billeter 12","AD1_2008__Billeter 12 N1","52.5659990278,6.32345257233","flight trap","AD1_2008__Billeter 12 N1 4",3.13549421592915,22,22,1,"Netherlands","2002","individuals"
0,10.2030220551942,0,11.9131965050834,77.8837814397225,0.359399040799243,5.64068412780762,2.71272563934326,1.29321290536127,0,0,10.3366943359375,943.456704961136,"Cropland_Light use","Cropland","Light use","AD1_2008__Billeter 12","AD1_2008__Billeter 12 N1","52.5591298942,6.32548188758","flight trap","AD1_2008__Billeter 12 N1 5",1.94591014905531,6,6,1,"Netherlands","2002","individuals"
0,8.43522471700293,0,12.1858330219587,79.3789422610383,0.338897246393815,5.64303801542864,2.71280849327946,1.62365181886176,0,0,10.3366507711762,943.455544483136,"Cropland_Light use","Cropland","Light use","AD1_2008__Billeter 12","AD1_2008__Billeter 12 N1","52.5737339291,6.33577988277","flight trap","AD1_2008__Billeter 12 N1 6",2.19722457733622,8,8,1,"Netherlands","2002","individuals"
0,12.0728951527866,0,17.6865550190347,70.2405498281787,0.470835260179559,5.67718994225989,2.71401059891179,2.03278374842372,0,0,10.3360278448171,943.438950972385,"Cropland_Light use","Cropland","Light use","AD1_2008__Billeter 12","AD1_2008__Billeter 12 N1","52.5839047128,6.33843350202","flight trap","AD1_2008__Billeter 12 N1 7",2.89037175789616,17,17,1,"Netherlands","2002","individuals"
0,9.19619986724874,0,10.9262491123431,79.8775510204082,0.346995403224031,5.67409343491869,2.71390160567895,1.34224917456555,0,0,10.3360842913091,943.440454593896,"Cropland_Light use","Cropland","Light use","AD1_2008__Billeter 12","AD1_2008__Billeter 12 N1","52.5669958494,6.33825294633","flight trap","AD1_2008__Billeter 12 N1 8",2.19722457733622,8,8,1,"Netherlands","2002","individuals"
0,10.0265179322565,0,11.4989057965571,78.4745762711864,0.315041725422254,5.708587604624,2.71511575783769,1.31155481510298,0,0,10.3354548351938,943.423687143517,"Cropland_Light use","Cropland","Light use","AD1_2008__Billeter 12","AD1_2008__Billeter 12 N1","52.5644868218,6.34011616759","flight trap","AD1_2008__Billeter 12 N1 9",1.94591014905531,6,6,1,"Netherlands","2002","individuals"
0,11.6740198296924,0,14.0363996560992,74.2895805142084,0.29628642721118,5.78538658998968,2.71744213324479,1.50223541398204,0,0,10.3340817531217,943.527944058012,"Cropland_Light use","Cropland","Light use","AD1_2008__Billeter 12","AD1_2008__Billeter 12 N1","52.5584945912,6.34314985737","flight trap","AD1_2008__Billeter 12 N1 10",2.70805020110221,14,14,1,"Netherlands","2002","individuals"
0,8.69856080038294,0,12.4850675182011,78.8163716814159,0.264793346602332,6.0370562441646,2.72667744815214,2.12745554510863,0,0,10.3294621114016,943.264052982565,"Cropland_Light use","Cropland","Light use","AD1_2008__Billeter 12","AD1_2008__Billeter 12 N1","52.5795095622,6.35293023899","flight trap","AD1_2008__Billeter 12 N1 11",2.484906649788,11,11,1,"Netherlands","2002","individuals"
0,11.0046567689844,0,15.1259964973472,73.8693467336683,0.154192202512418,6.03923011136573,2.72675396559198,1.97471910906534,0,0,10.3294224133711,943.262995506532,"Cropland_Light use","Cropland","Light use","AD1_2008__Billeter 12","AD1_2008__Billeter 12 N1","52.5727546572,6.35301086378","flight trap","AD1_2008__Billeter 12 N1 12",2.70805020110221,14,14,1,"Netherlands","2002","individuals"
0,8.81140044969271,0,12.3488205447824,78.8397790055249,0.252148932365813,6.19634093195052,2.7322840723784,2.25187549126722,0,0,10.3265558095341,943.186634920899,"Cropland_Light use","Cropland","Light use","AD1_2008__Billeter 12","AD1_2008__Billeter 12 N1","52.579901525,6.35941586615","flight trap","AD1_2008__Billeter 12 N1 13",2.30258509299405,9,9,1,"Netherlands","2002","individuals"
0,11.7866460317929,0.0179562977247207,14.3914761018549,73.8039215686274,0.378745952617761,6.18988792318858,2.73205693444215,2.52854313645767,0,0,10.326673770005,943.18977715162,"Cropland_Light use","Cropland","Light use","AD1_2008__Billeter 12","AD1_2008__Billeter 12 N1","52.5606074304,6.35910833419","flight trap","AD1_2008__Billeter 12 N1 14",2.39789527279837,10,10,1,"Netherlands","2002","individuals"
0,8.7716291730577,1.426998728434,12.5807417260155,77.2206303724928,0.390455695368103,6.38858490183207,2.69733315010986,2.45955985225661,0,0,10.3287955343757,945.869062437775,"Cropland_Light use","Cropland","Light use","AD1_2008__Billeter 12","AD1_2008__Billeter 12 N1","52.5549878129,6.3599355648","flight trap","AD1_2008__Billeter 12 N1 15",1.38629436111989,3,3,1,"Netherlands","2002","individuals"
0,9.58053901576916,0,11.8091890809076,78.6102719033233,0.205599412982473,6.2495934582527,2.73415849551494,2.29817453126769,0,0,10.3255842437297,943.160754353504,"Cropland_Light use","Cropland","Light use","AD1_2008__Billeter 12","AD1_2008__Billeter 12 N1","52.5704181602,6.36231910641","flight trap","AD1_2008__Billeter 12 N1 16",2.56494935746154,12,12,1,"Netherlands","2002","individuals"
0,14.4417573008144,4.22581630124257,1.69073258686817,79.6416938110749,0.20486672709165,11.0703032509895,2.65696994542534,1.68034963902394,100,0,10.45726957209,984.564332135362,"Cropland_Intense use","Cropland","Intense use","AD1_2008__Billeter 12","AD1_2008__Billeter 12 N2","52.2380602303,6.64203528218","flight trap","AD1_2008__Billeter 12 N2 17",2.39789527279837,10,10,1,"Netherlands","2002","individuals"
0,2.95408302587178,0,8.89293189950136,88.1529850746269,0.294717614993112,10.9970804178615,2.64422265632154,1.42775521347322,100,0,10.4588343799515,986.847775288014,"Cropland_Intense use","Cropland","Intense use","AD1_2008__Billeter 12","AD1_2008__Billeter 12 N2","52.2148227128,6.64893879505","flight trap","AD1_2008__Billeter 12 N2 18",2.63905732961526,13,13,1,"Netherlands","2002","individuals"
0,3.38169812460782,0,4.45088782457004,92.1674140508221,0.328877202566634,10.9728256976551,2.64000017656491,1.53498155392547,100,0,10.4593526255031,987.604024208654,"Cropland_Intense use","Cropland","Intense use","AD1_2008__Billeter 12","AD1_2008__Billeter 12 N2","52.2202064407,6.65108906587","flight trap","AD1_2008__Billeter 12 N2 19",1.79175946922805,5,5,1,"Netherlands","2002","individuals"
0,7.60485245617764,0.613446099199579,0,91.7817014446228,0.394392627930929,10.968517935337,2.63925024257145,1.67028850695224,100,0,10.4594447736327,987.738491206694,"Cropland_Intense use","Cropland","Intense use","AD1_2008__Billeter 12","AD1_2008__Billeter 12 N2","52.2277933206,6.65147277529","flight trap","AD1_2008__Billeter 12 N2 20",2.70805020110221,14,14,1,"Netherlands","2002","individuals"
0,3.19553069762977,0,5.8506836583191,90.9537856440511,0.248180562354797,10.9169280824533,2.63026901716072,1.58890122303397,100,0,10.4605472322329,989.347252003232,"Cropland_Intense use","Cropland","Intense use","AD1_2008__Billeter 12","AD1_2008__Billeter 12 N2","52.219238876,6.65623511056","flight trap","AD1_2008__Billeter 12 N2 21",2.89037175789616,17,17,1,"Netherlands","2002","individuals"
0,19.7558268590455,0,0,80.2441731409545,0.236382812985491,10.883227550797,2.6244021256239,1.60615421509763,100,0,10.4612673688466,990.398110105422,"Cropland_Intense use","Cropland","Intense use","AD1_2008__Billeter 12","AD1_2008__Billeter 12 N2","52.2337035007,6.65983163034","flight trap","AD1_2008__Billeter 12 N2 22",2.30258509299405,9,9,1,"Netherlands","2002","individuals"
0,17.2401685393258,0,0,82.7598314606742,0.28005561056918,10.8728532976708,2.62259608236959,1.68586283674465,100,0,10.4614889877903,990.721507163866,"Cropland_Intense use","Cropland","Intense use","AD1_2008__Billeter 12","AD1_2008__Billeter 12 N2","52.231567899,6.6611539783","flight trap","AD1_2008__Billeter 12 N2 23",0,0,0,1,"Netherlands","2002","individuals"
0,2.263347375316,0,11.8349029611578,85.9017496635262,0.238278776264885,10.8696285654363,2.62203469199044,1.6189450220638,100,0,10.4615580232719,990.822247070389,"Cropland_Intense use","Cropland","Intense use","AD1_2008__Billeter 12","AD1_2008__Billeter 12 N2","52.2130866372,6.66160575843","flight trap","AD1_2008__Billeter 12 N2 24",2.484906649788,11,11,1,"Netherlands","2002","individuals"
0,1.17064217828704,0,10.2103432484999,88.619014573213,0.158361458870738,10.8556394577026,2.61959934234619,1.7763773785662,100,0,10.4618570963542,991.258668946102,"Cropland_Intense use","Cropland","Intense use","AD1_2008__Billeter 12","AD1_2008__Billeter 12 N2","52.2122792317,6.67017213251","flight trap","AD1_2008__Billeter 12 N2 25",2.39789527279837,10,10,1,"Netherlands","2002","individuals"
0,17.5263888959842,0,4.85663088211519,77.6169802219006,0.153736938284629,10.8538121444007,2.61959485602007,1.63979976951286,100,0,10.4618170161178,991.246764171812,"Cropland_Intense use","Cropland","Intense use","AD1_2008__Billeter 12","AD1_2008__Billeter 12 N2","52.2411374436,6.67555775274","flight trap","AD1_2008__Billeter 12 N2 26",3.2188758248682,24,24,1,"Netherlands","2002","individuals"
0,5.33583041214305,1.87413678024841,0.0952292311480487,89.9802566633761,0.157143287996842,10.8556394577026,2.61959934234619,1.8156182239703,100,0,10.4618570963542,991.258668946102,"Cropland_Intense use","Cropland","Intense use","AD1_2008__Billeter 12","AD1_2008__Billeter 12 N2","52.2225926377,6.67606032367","flight trap","AD1_2008__Billeter 12 N2 27",4.07753744390572,58,58,1,"Netherlands","2002","individuals"
0,9.07871198568873,0,0,90.9212880143113,0.221564275172946,10.8556394577026,2.61959934234619,1.61583640444605,100,0,10.4618570963542,991.258668946102,"Cropland_Intense use","Cropland","Intense use","AD1_2008__Billeter 12","AD1_2008__Billeter 12 N2","52.2307280829,6.68134628469","flight trap","AD1_2008__Billeter 12 N2 28",2.56494935746154,12,12,1,"Netherlands","2002","individuals"
0,1.46590030016977,4.75565995179022,5.01439480421979,88.7640449438202,0.146017111702992,10.8556394577026,2.61959934234619,1.87853490907953,100,0,10.4618570963542,991.258668946102,"Cropland_Intense use","Cropland","Intense use","AD1_2008__Billeter 12","AD1_2008__Billeter 12 N2","52.2172279975,6.68452478595","flight trap","AD1_2008__Billeter 12 N2 29",2.39789527279837,10,10,1,"Netherlands","2002","individuals"
0,9.8816029143898,0,0,90.1183970856102,0.215789391349964,10.8466808000417,2.61788830266539,1.46420463706757,100,0,10.4618570963542,991.258668946102,"Cropland_Intense use","Cropland","Intense use","AD1_2008__Billeter 12","AD1_2008__Billeter 12 N2","52.2337077906,6.68626408843","flight trap","AD1_2008__Billeter 12 N2 30",1.79175946922805,5,5,1,"Netherlands","2002","individuals"
0,6.73764363816557,0,1.42652229299063,91.8358340688438,0.274054720051895,10.8234364956782,2.61344880641363,1.5809780258591,100,0,10.4618570963542,991.258668946102,"Cropland_Intense use","Cropland","Intense use","AD1_2008__Billeter 12","AD1_2008__Billeter 12 N2","52.2294744168,6.68745802544","flight trap","AD1_2008__Billeter 12 N2 31",1.38629436111989,3,3,1,"Netherlands","2002","individuals"
0,1.2268251092777,4.4160274362964,5.81466888856465,88.5424785658613,0.138342084736457,10.7645028259884,2.60219289607912,1.88916592525336,100,0,10.4618570963542,991.258668946102,"Cropland_Intense use","Cropland","Intense use","AD1_2008__Billeter 12","AD1_2008__Billeter 12 N2","52.2146283589,6.68959279455","flight trap","AD1_2008__Billeter 12 N2 32",2.39789527279837,10,10,1,"Netherlands","2002","individuals"
0,7.24878265403985,0,8.69481821363912,84.056399132321,0.0965515921095971,3.82042743982114,2.86410664742972,1.6209607148111,100,0,10.5681396484375,1033.96429424174,"Cropland_Light use","Cropland","Light use","AD1_2008__Billeter 12","AD1_2008__Billeter 12 N3","52.1079794668,5.47013202167","flight trap","AD1_2008__Billeter 12 N3 33",3.2188758248682,24,24,1,"Netherlands","2002","individuals"
0,12.634523713342,0,9.32465996012739,78.0408163265306,0.117957944616639,3.83889412879944,2.87085294723511,1.55721187837675,100,0,10.5681396484375,1033.96429424174,"Cropland_Light use","Cropland","Light use","AD1_2008__Billeter 12","AD1_2008__Billeter 12 N3","52.1179230656,5.47234056675","flight trap","AD1_2008__Billeter 12 N3 34",2.39789527279837,10,10,1,"Netherlands","2002","individuals"
0,10.2427020441692,0,14.1506568319483,75.6066411238825,0.0951655870826232,3.69883033399337,2.81968447015985,1.57576679790223,100,0,10.5681396484375,1033.96429424174,"Cropland_Light use","Cropland","Light use","AD1_2008__Billeter 12","AD1_2008__Billeter 12 N3","52.1050105919,5.47407475363","flight trap","AD1_2008__Billeter 12 N3 35",2.56494935746154,12,12,1,"Netherlands","2002","individuals"
1.71737925172863,6.59082710807239,3.13739801769937,22.6821363279334,65.8722592945662,0.136515124529995,3.00746731283648,2.56711389724535,1.80238558427439,99.4653906178669,0,10.5681396484375,1033.96429424174,"Cropland_Light use","Cropland","Light use","AD1_2008__Billeter 12","AD1_2008__Billeter 12 N3","52.0922195955,5.47555282307","flight trap","AD1_2008__Billeter 12 N3 36",3.04452243772342,20,20,1,"Netherlands","2002","individuals"
0,9.58590585542021,0.582881092751113,18.3272552681875,71.5039577836412,0.112802371687669,3.47608719325016,2.73831135509774,1.68480803963,100,0,10.5681396484375,1033.96429424174,"Cropland_Light use","Cropland","Light use","AD1_2008__Billeter 12","AD1_2008__Billeter 12 N3","52.1010702881,5.48438563241","flight trap","AD1_2008__Billeter 12 N3 37",2.07944154167984,7,7,1,"Netherlands","2002","individuals"
0,8.55677018963305,0,18.1028715385018,73.3403582718651,0.0837195003032685,3.92522077110663,2.87310962068409,2.04118584122241,100,0,10.5681396484375,1033.96429424174,"Cropland_Light use","Cropland","Light use","AD1_2008__Billeter 12","AD1_2008__Billeter 12 N3","52.1153575944,5.48860681864","flight trap","AD1_2008__Billeter 12 N3 38",3.17805383034795,23,23,1,"Netherlands","2002","individuals"
3.91501096141861,2.75215139530787,2.74273036778305,15.9787083117599,74.6113989637306,0.104376643099103,3.10073623803248,2.58536280127138,1.94457542334238,89.6901604805206,0,10.5681396484375,1033.96429424174,"Cropland_Light use","Cropland","Light use","AD1_2008__Billeter 12","AD1_2008__Billeter 12 N3","52.0883013194,5.49142701335","flight trap","AD1_2008__Billeter 12 N3 39",2.07944154167984,7,7,1,"Netherlands","2002","individuals"
0,7.34403881322063,0,20.4790112449866,72.1769499417928,0.11395661779313,4.22567080827154,2.88096371535919,2.08841071293419,100,0,10.5681396484375,1033.96429424174,"Cropland_Light use","Cropland","Light use","AD1_2008__Billeter 12","AD1_2008__Billeter 12 N3","52.1128627257,5.49447712158","flight trap","AD1_2008__Billeter 12 N3 40",3.17805383034795,23,23,1,"Netherlands","2002","individuals"
0.920952260672017,3.3146984547743,1.69327893826827,11.7949509433003,82.2761194029851,0.156732283915281,3.3309631630902,2.63849129412846,1.97756674410478,98.6938183879918,0,10.5681396484375,1033.96429424174,"Cropland_Light use","Cropland","Light use","AD1_2008__Billeter 12","AD1_2008__Billeter 12 N3","52.0896204954,5.49857973457","flight trap","AD1_2008__Billeter 12 N3 41",3.36729582998647,28,28,1,"Netherlands","2002","individuals"
0,6.41110613024193,0,12.6510753172606,80.9378185524974,0.416453375180604,4.52516795928882,2.8887929005415,2.48536134230806,100,0,10.5681396484375,1033.96429424174,"Cropland_Light use","Cropland","Light use","AD1_2008__Billeter 12","AD1_2008__Billeter 12 N3","52.1236033308,5.49929977856","flight trap","AD1_2008__Billeter 12 N3 42",2.39789527279837,10,10,1,"Netherlands","2002","individuals"
0,4.15267184376591,0.429965192474925,10.0418688926129,85.3754940711462,0.152019509388478,4.29769918543154,2.80593420928751,1.9410468457685,100,0,10.5681396484375,1033.96429424174,"Cropland_Light use","Cropland","Light use","AD1_2008__Billeter 12","AD1_2008__Billeter 12 N3","52.1007186036,5.50529911118","flight trap","AD1_2008__Billeter 12 N3 43",1.6094379124341,4,4,1,"Netherlands","2002","individuals"
0,4.34575813868469,0,17.7300243983828,77.9242174629325,0.174337770344276,4.99169278579558,2.88627097037817,1.85509277336618,100,0,10.5681396484375,1033.96429424174,"Cropland_Light use","Cropland","Light use","AD1_2008__Billeter 12","AD1_2008__Billeter 12 N3","52.1058816152,5.51025365996","flight trap","AD1_2008__Billeter 12 N3 44",2.484906649788,11,11,1,"Netherlands","2002","individuals"
0,1.91680364816448,0.961359058951668,5.98259678655474,91.1392405063291,0.455212248338338,3.75240377311549,2.73534246656885,2.06569137766047,100,0,10.5681396484375,1033.96429424174,"Cropland_Light use","Cropland","Light use","AD1_2008__Billeter 12","AD1_2008__Billeter 12 N3","52.0912425094,5.51231451108","flight trap","AD1_2008__Billeter 12 N3 45",1.6094379124341,4,4,1,"Netherlands","2002","individuals"
0,4.93728309337388,0.329451662762782,14.7457730612492,79.9874921826141,0.22744187442828,4.81435352532531,2.85555245095753,1.7531507673633,100,0,10.5681396484375,1033.96429424174,"Cropland_Light use","Cropland","Light use","AD1_2008__Billeter 12","AD1_2008__Billeter 12 N3","52.1025777614,5.51519237184","flight trap","AD1_2008__Billeter 12 N3 46",2.30258509299405,9,9,1,"Netherlands","2002","individuals"
0,6.26792702283691,0,18.2233010473385,75.5087719298246,0.189540140085137,5.30093860626221,2.9090723991394,1.87585165079121,100,0,10.5681396484375,1033.96429424174,"Cropland_Light use","Cropland","Light use","AD1_2008__Billeter 12","AD1_2008__Billeter 12 N3","52.1111826288,5.52025341135","flight trap","AD1_2008__Billeter 12 N3 47",2.19722457733622,8,8,1,"Netherlands","2002","individuals"
0,3.70775910036278,0,13.058984548598,83.2332563510393,0.21584749334248,5.30093860626221,2.9090723991394,1.92626641505524,100,0,10.5681396484375,1033.96429424174,"Cropland_Light use","Cropland","Light use","AD1_2008__Billeter 12","AD1_2008__Billeter 12 N3","52.1182239996,5.52477134634","flight trap","AD1_2008__Billeter 12 N3 48",2.39789527279837,10,10,1,"Netherlands","2002","individuals"
0,22.3933031796943,1.91129316335331,1.05024541136375,70.3589743589744,0.256311185941375,10.4265324106668,2.80677078462273,2.43495141866565,0,0,10.3322998046875,958.682904951274,"Cropland_Light use","Cropland","Light use","AD1_2008__Billeter 12","AD1_2008__Billeter 12 N4","52.3832178037,6.79573256391","flight trap","AD1_2008__Billeter 12 N4 49",0.693147180559945,1,1,1,"Netherlands","2002","individuals"
0,13.8848355211906,0,8.74483081511595,77.3703336636934,0.13763998484817,9.81267541904636,2.79832183998501,1.88940953308447,65.5813979048692,0,10.3487978338074,964.758844775178,"Cropland_Light use","Cropland","Light use","AD1_2008__Billeter 12","AD1_2008__Billeter 12 N4","52.3527679497,6.79766474525","flight trap","AD1_2008__Billeter 12 N4 50",2.56494935746154,12,12,1,"Netherlands","2002","individuals"
0,19.7475470742059,0,12.1976027480389,68.0548501777552,0.0688068547434457,10.5300863430167,2.8074022885415,2.31687544842383,40.8566644799033,0,10.3322998046875,958.682904951274,"Cropland_Light use","Cropland","Light use","AD1_2008__Billeter 12","AD1_2008__Billeter 12 N4","52.361536796,6.79839145375","flight trap","AD1_2008__Billeter 12 N4 51",3.3322045101752,27,27,1,"Netherlands","2002","individuals"
0,30.4305659971484,0,2.28984890148435,67.2795851013673,0.10416633538969,10.5615207586854,2.80759398533396,2.27740534661324,6.77028124961597,0,10.3322998046875,958.682904951275,"Cropland_Light use","Cropland","Light use","AD1_2008__Billeter 12","AD1_2008__Billeter 12 N4","52.3714329276,6.79918374017","flight trap","AD1_2008__Billeter 12 N4 52",2.484906649788,11,11,1,"Netherlands","2002","individuals"
0,31.0558725956369,0,4.59130903275557,64.3528183716075,0.197195973409381,10.9207035046743,2.80978439284911,1.8427688923826,11.0035754190585,0,10.3322998046875,958.682904951274,"Cropland_Light use","Cropland","Light use","AD1_2008__Billeter 12","AD1_2008__Billeter 12 N4","52.360424019,6.80875093574","flight trap","AD1_2008__Billeter 12 N4 53",4.76217393479776,116,116,1,"Netherlands","2002","individuals"
0,25.0711237553343,0,0,74.9288762446657,0.110916730761494,11.0059457367156,2.81030422635378,1.86438467800514,0,0,10.3322998046875,958.682904951274,"Cropland_Light use","Cropland","Light use","AD1_2008__Billeter 12","AD1_2008__Billeter 12 N4","52.3733898965,6.81177352936","flight trap","AD1_2008__Billeter 12 N4 54",2.07944154167984,7,7,1,"Netherlands","2002","individuals"
0,23.7909282066687,0,0,76.2090717933313,0.151192866479736,11.0524597167969,2.81058788299561,1.93985943958829,0,0,10.3322998046875,958.682904951274,"Cropland_Light use","Cropland","Light use","AD1_2008__Billeter 12","AD1_2008__Billeter 12 N4","52.3780551301,6.81475089212","flight trap","AD1_2008__Billeter 12 N4 55",2.39789527279837,10,10,1,"Netherlands","2002","individuals"
0,27.9256654947263,0,0,72.0743345052737,0.295249387506195,10.1955630015046,2.80341567227846,2.3633947349486,15.0244538539609,0,10.3504227655828,965.35727914655,"Cropland_Light use","Cropland","Light use","AD1_2008__Billeter 12","AD1_2008__Billeter 12 N4","52.352324495,6.81514846375","flight trap","AD1_2008__Billeter 12 N4 56",2.70805020110221,14,14,1,"Netherlands","2002","individuals"
0,19.4197489274838,3.84919609480446,0,76.7310549777118,0.197151547905935,11.0524597167969,2.81058788299561,1.75981525557439,0,0,10.3322998046875,958.682904951274,"Cropland_Light use","Cropland","Light use","AD1_2008__Billeter 12","AD1_2008__Billeter 12 N4","52.3830356645,6.82174932297","flight trap","AD1_2008__Billeter 12 N4 57",2.30258509299405,9,9,1,"Netherlands","2002","individuals"
0,21.980198019802,0,0,78.019801980198,0.219142180019323,11.0524597167969,2.81058788299561,1.61561342052078,0,0,10.3322998046875,958.682904951274,"Cropland_Light use","Cropland","Light use","AD1_2008__Billeter 12","AD1_2008__Billeter 12 N4","52.3687414497,6.82229270488","flight trap","AD1_2008__Billeter 12 N4 58",2.70805020110221,14,14,1,"Netherlands","2002","individuals"
0,29.746835443038,0,0,70.253164556962,0.340417671113377,11.0524597167969,2.81058788299561,1.6428264736503,0,0,10.3322998046875,958.682904951275,"Cropland_Light use","Cropland","Light use","AD1_2008__Billeter 12","AD1_2008__Billeter 12 N4","52.3607844567,6.82762913162","flight trap","AD1_2008__Billeter 12 N4 59",1.6094379124341,4,4,1,"Netherlands","2002","individuals"
0,22.4870017331023,0,0,77.5129982668978,0.330290699280049,10.3117407050766,2.80438807765216,1.9923439312652,0,0,10.3479668240905,964.452798216738,"Cropland_Light use","Cropland","Light use","AD1_2008__Billeter 12","AD1_2008__Billeter 12 N4","52.3529976814,6.83078194051","flight trap","AD1_2008__Billeter 12 N4 60",3.58351893845611,35,35,1,"Netherlands","2002","individuals"
0,24.1421921798549,0,0.565278567219801,75.2925292529253,0.330918524030819,10.830544950415,2.80873635412846,1.87975785808067,0,0,10.3370039151992,960.418958258837,"Cropland_Light use","Cropland","Light use","AD1_2008__Billeter 12","AD1_2008__Billeter 12 N4","52.3564048116,6.83553196928","flight trap","AD1_2008__Billeter 12 N4 61",2.39789527279837,10,10,1,"Netherlands","2002","individuals"
0,13.632030306207,0,9.58800547196829,76.7799642218247,0.134611625514251,11.1231249484804,2.81160081300517,1.92444811825778,0,0,10.331644652183,958.696787076361,"Cropland_Light use","Cropland","Light use","AD1_2008__Billeter 12","AD1_2008__Billeter 12 N4","52.3648087418,6.83851558613","flight trap","AD1_2008__Billeter 12 N4 62",1.79175946922805,5,5,1,"Netherlands","2002","individuals"
0,6.3735318717117,0.975142815109669,7.70938671504716,80.8524808524809,0.248889243673426,11.2397932717469,2.81327316082027,2.23231726997848,0,0,10.3305634482668,958.719696868974,"Cropland_Light use","Cropland","Light use","AD1_2008__Billeter 12","AD1_2008__Billeter 12 N4","52.3744343811,6.84155511959","flight trap","AD1_2008__Billeter 12 N4 63",3.80666248977032,44,44,1,"Netherlands","2002","individuals"
0,4.19297187536963,0.654954464977491,4.8827678626174,80.3775068816359,0.202841006878898,11.5841234420911,2.81820886051932,2.48864683757949,0,0,10.327372830962,958.78730333956,"Cropland_Light use","Cropland","Light use","AD1_2008__Billeter 12","AD1_2008__Billeter 12 N4","52.3772331599,6.84858690534","flight trap","AD1_2008__Billeter 12 N4 64",3.09104245335832,21,21,1,"Netherlands","2002","individuals"
0,1.08160872172648,1.68687914673306,5.09883669294396,92.1326754385965,0.405884810393904,13.1102930692807,2.72087934791712,1.81225359003712,88.0472254825459,0,10.5205903516343,944.991147712675,"Cropland_Intense use","Cropland","Intense use","AD1_2008__Billeter 15","AD1_2008__Billeter 15 B-BRE","51.1761189509,5.61466316817","pit-fall traps","AD1_2008__Billeter 15 B-BRE 1",5.78382518232974,324,324,1,"Belgium","2001","individuals"
0,1.08160872172648,1.68687914673306,5.09883669294396,92.1326754385965,0.405884810393904,13.1102930692807,2.72087934791712,1.81225359003712,88.0472254825459,0,10.5205903516343,944.991147712675,"Cropland_Intense use","Cropland","Intense use","AD1_2008__Billeter 15","AD1_2008__Billeter 15 B-BRE","51.1676031752,5.62208203273","pit-fall traps","AD1_2008__Billeter 15 B-BRE 2",5.68697535633982,294,294,1,"Belgium","2001","individuals"
0,1.08160872172648,1.68687914673306,5.09883669294396,92.1326754385965,0.405884810393904,13.1102930692807,2.72087934791712,1.81225359003712,88.0472254825459,0,10.5205903516343,944.991147712675,"Cropland_Intense use","Cropland","Intense use","AD1_2008__Billeter 15","AD1_2008__Billeter 15 B-BRE","51.1529200494,5.62972160334","pit-fall traps","AD1_2008__Billeter 15 B-BRE 3",6.78784498230958,886,886,1,"Belgium","2001","individuals"
0,1.08160872172648,1.68687914673306,5.09883669294396,92.1326754385965,0.405884810393904,13.1102930692807,2.72087934791712,1.81225359003712,88.0472254825459,0,10.5205903516343,944.991147712675,"Cropland_Intense use","Cropland","Intense use","AD1_2008__Billeter 15","AD1_2008__Billeter 15 B-BRE","51.1653126899,5.63140887576","pit-fall traps","AD1_2008__Billeter 15 B-BRE 4",5.59842195899838,269,269,1,"Belgium","2001","individuals"
0,1.08160872172648,1.68687914673306,5.09883669294396,92.1326754385965,0.405884810393904,13.1102930692807,2.72087934791712,1.81225359003712,88.0472254825459,0,10.5205903516343,944.991147712675,"Cropland_Intense use","Cropland","Intense use","AD1_2008__Billeter 15","AD1_2008__Billeter 15 B-BRE","51.1545469728,5.6350696869","pit-fall traps","AD1_2008__Billeter 15 B-BRE 5",5.44241771052179,230,230,1,"Belgium","2001","individuals"
0,1.08160872172648,1.68687914673306,5.09883669294396,92.1326754385965,0.405884810393904,13.1102930692807,2.72087934791712,1.81225359003712,88.0472254825459,0,10.5205903516343,944.991147712675,"Cropland_Intense use","Cropland","Intense use","AD1_2008__Billeter 15","AD1_2008__Billeter 15 B-BRE","51.1713076573,5.63958221873","pit-fall traps","AD1_2008__Billeter 15 B-BRE 6",6.00635315960173,405,405,1,"Belgium","2001","individuals"
0,1.08160872172648,1.68687914673306,5.09883669294396,92.1326754385965,0.405884810393904,13.1102930692807,2.72087934791712,1.81225359003712,88.0472254825459,0,10.5205903516343,944.991147712675,"Cropland_Intense use","Cropland","Intense use","AD1_2008__Billeter 15","AD1_2008__Billeter 15 B-BRE","51.179234593,5.63990225372","pit-fall traps","AD1_2008__Billeter 15 B-BRE 7",5.08759633523238,161,161,1,"Belgium","2001","individuals"
0,1.08160872172648,1.68687914673306,5.09883669294396,92.1326754385965,0.405884810393904,13.1102930692807,2.72087934791712,1.81225359003712,88.0472254825459,0,10.5205903516343,944.991147712675,"Cropland_Intense use","Cropland","Intense use","AD1_2008__Billeter 15","AD1_2008__Billeter 15 B-BRE","51.1640061107,5.64494861495","pit-fall traps","AD1_2008__Billeter 15 B-BRE 8",5.8805329864007,357,357,1,"Belgium","2001","individuals"
0,1.08160872172648,1.68687914673306,5.09883669294396,92.1326754385965,0.405884810393904,13.1102930692807,2.72087934791712,1.81225359003712,88.0472254825459,0,10.5205903516343,944.991147712675,"Cropland_Intense use","Cropland","Intense use","AD1_2008__Billeter 15","AD1_2008__Billeter 15 B-BRE","51.1571295825,5.64577462684","pit-fall traps","AD1_2008__Billeter 15 B-BRE 9",5.37989735354046,216,216,1,"Belgium","2001","individuals"
0,1.08160872172648,1.68687914673306,5.09883669294396,92.1326754385965,0.405884810393904,13.1102930692807,2.72087934791712,1.81225359003712,88.0472254825459,0,10.5205903516343,944.991147712675,"Cropland_Intense use","Cropland","Intense use","AD1_2008__Billeter 15","AD1_2008__Billeter 15 B-BRE","51.1729394568,5.65198187147","pit-fall traps","AD1_2008__Billeter 15 B-BRE 10",6.27476202124194,530,530,1,"Belgium","2001","individuals"
0,1.08160872172648,1.68687914673306,5.09883669294396,92.1326754385965,0.405884810393904,13.1102930692807,2.72087934791712,1.81225359003712,88.0472254825459,0,10.5205903516343,944.991147712675,"Cropland_Intense use","Cropland","Intense use","AD1_2008__Billeter 15","AD1_2008__Billeter 15 B-BRE","51.1526088534,5.65251483072","pit-fall traps","AD1_2008__Billeter 15 B-BRE 11",5.29330482472449,198,198,1,"Belgium","2001","individuals"
0,1.08160872172648,1.68687914673306,5.09883669294396,92.1326754385965,0.405884810393904,13.1102930692807,2.72087934791712,1.81225359003712,88.0472254825459,0,10.5205903516343,944.991147712675,"Cropland_Intense use","Cropland","Intense use","AD1_2008__Billeter 15","AD1_2008__Billeter 15 B-BRE","51.1668742876,5.65787482061","pit-fall traps","AD1_2008__Billeter 15 B-BRE 12",5.4971682252932,243,243,1,"Belgium","2001","individuals"
0,1.08160872172648,1.68687914673306,5.09883669294396,92.1326754385965,0.405884810393904,13.1102930692807,2.72087934791712,1.81225359003712,88.0472254825459,0,10.5205903516343,944.991147712675,"Cropland_Intense use","Cropland","Intense use","AD1_2008__Billeter 15","AD1_2008__Billeter 15 B-BRE","51.1681471463,5.66259148846","pit-fall traps","AD1_2008__Billeter 15 B-BRE 13",6.48463523563525,654,654,1,"Belgium","2001","individuals"
0,1.08160872172648,1.68687914673306,5.09883669294396,92.1326754385965,0.405884810393904,13.1102930692807,2.72087934791712,1.81225359003712,88.0472254825459,0,10.5205903516343,944.991147712675,"Cropland_Intense use","Cropland","Intense use","AD1_2008__Billeter 15","AD1_2008__Billeter 15 B-BRE","51.1759703851,5.6663982548","pit-fall traps","AD1_2008__Billeter 15 B-BRE 14",5.89164421182577,361,361,1,"Belgium","2001","individuals"
0,1.08160872172648,1.68687914673306,5.09883669294396,92.1326754385965,0.405884810393904,13.1102930692807,2.72087934791712,1.81225359003712,88.0472254825459,0,10.5205903516343,944.991147712675,"Cropland_Intense use","Cropland","Intense use","AD1_2008__Billeter 15","AD1_2008__Billeter 15 B-BRE","51.1539082087,5.67121887908","pit-fall traps","AD1_2008__Billeter 15 B-BRE 15",5.88332238848828,358,358,1,"Belgium","2001","individuals"
0,1.08160872172648,1.68687914673306,5.09883669294396,92.1326754385965,0.405884810393904,13.1102930692807,2.72087934791712,1.81225359003712,88.0472254825459,0,10.5205903516343,944.991147712675,"Cropland_Intense use","Cropland","Intense use","AD1_2008__Billeter 15","AD1_2008__Billeter 15 B-BRE","51.1577495209,5.67577255176","pit-fall traps","AD1_2008__Billeter 15 B-BRE 16",6.4723462945009,646,646,1,"Belgium","2001","individuals"
0.381818181818189,0,0,0,99.6181818181818,2.24332624822218,105.958456111433,2.25230011841552,4.00414343801541,0,0,10.2870905558269,1026.27960022073,"Cropland_Intense use","Cropland","Intense use","AD1_2008__Billeter 15","AD1_2008__Billeter 15 B-HOE","50.7691268292,4.78508459441","pit-fall traps","AD1_2008__Billeter 15 B-HOE 17",4.86753445045558,129,129,1,"Belgium","2001","individuals"
0.381818181818189,0,0,0,99.6181818181818,2.24332624822218,105.958456111433,2.25230011841552,4.00414343801541,0,0,10.2870905558269,1026.27960022073,"Cropland_Intense use","Cropland","Intense use","AD1_2008__Billeter 15","AD1_2008__Billeter 15 B-HOE","50.788441507,4.78768063762","pit-fall traps","AD1_2008__Billeter 15 B-HOE 18",5.00394630594546,148,148,1,"Belgium","2001","individuals"
0.381818181818189,0,0,0,99.6181818181818,2.24332624822218,105.958456111433,2.25230011841552,4.00414343801541,0,0,10.2870905558269,1026.27960022073,"Cropland_Intense use","Cropland","Intense use","AD1_2008__Billeter 15","AD1_2008__Billeter 15 B-HOE","50.8007836749,4.78821145773","pit-fall traps","AD1_2008__Billeter 15 B-HOE 19",5.17614973257383,176,176,1,"Belgium","2001","individuals"
0.381818181818189,0,0,0,99.6181818181818,2.24332624822218,105.958456111433,2.25230011841552,4.00414343801541,0,0,10.2870905558269,1026.27960022073,"Cropland_Intense use","Cropland","Intense use","AD1_2008__Billeter 15","AD1_2008__Billeter 15 B-HOE","50.7787561803,4.79415014915","pit-fall traps","AD1_2008__Billeter 15 B-HOE 20",5.38449506278909,217,217,1,"Belgium","2001","individuals"
0.381818181818189,0,0,0,99.6181818181818,2.24332624822218,105.958456111433,2.25230011841552,4.00414343801541,0,0,10.2870905558269,1026.27960022073,"Cropland_Intense use","Cropland","Intense use","AD1_2008__Billeter 15","AD1_2008__Billeter 15 B-HOE","50.7826650227,4.79755031961","pit-fall traps","AD1_2008__Billeter 15 B-HOE 21",5.39816270151775,220,220,1,"Belgium","2001","individuals"
0.381818181818189,0,0,0,99.6181818181818,2.24332624822218,105.958456111433,2.25230011841552,4.00414343801541,0,0,10.2870905558269,1026.27960022073,"Cropland_Intense use","Cropland","Intense use","AD1_2008__Billeter 15","AD1_2008__Billeter 15 B-HOE","50.7939318314,4.80541315781","pit-fall traps","AD1_2008__Billeter 15 B-HOE 22",5.55295958492162,257,257,1,"Belgium","2001","individuals"
0.381818181818189,0,0,0,99.6181818181818,2.24332624822218,105.958456111433,2.25230011841552,4.00414343801541,0,0,10.2870905558269,1026.27960022073,"Cropland_Intense use","Cropland","Intense use","AD1_2008__Billeter 15","AD1_2008__Billeter 15 B-HOE","50.774342162,4.80863065169","pit-fall traps","AD1_2008__Billeter 15 B-HOE 23",5.02388052084628,151,151,1,"Belgium","2001","individuals"
0.381818181818189,0,0,0,99.6181818181818,2.24332624822218,105.958456111433,2.25230011841552,4.00414343801541,0,0,10.2870905558269,1026.27960022073,"Cropland_Intense use","Cropland","Intense use","AD1_2008__Billeter 15","AD1_2008__Billeter 15 B-HOE","50.794970445,4.81137500307","pit-fall traps","AD1_2008__Billeter 15 B-HOE 24",5.88332238848828,358,358,1,"Belgium","2001","individuals"
0.381818181818189,0,0,0,99.6181818181818,2.24332624822218,105.958456111433,2.25230011841552,4.00414343801541,0,0,10.2870905558269,1026.27960022073,"Cropland_Intense use","Cropland","Intense use","AD1_2008__Billeter 15","AD1_2008__Billeter 15 B-HOE","50.7978348444,4.81379697013","pit-fall traps","AD1_2008__Billeter 15 B-HOE 25",5.2257466737132,185,185,1,"Belgium","2001","individuals"
0.381818181818189,0,0,0,99.6181818181818,2.24332624822218,105.958456111433,2.25230011841552,4.00414343801541,0,0,10.2870905558269,1026.27960022073,"Cropland_Intense use","Cropland","Intense use","AD1_2008__Billeter 15","AD1_2008__Billeter 15 B-HOE","50.7730583904,4.81626207782","pit-fall traps","AD1_2008__Billeter 15 B-HOE 26",5.39362754635236,219,219,1,"Belgium","2001","individuals"
0.381818181818189,0,0,0,99.6181818181818,2.24332624822218,105.958456111433,2.25230011841552,4.00414343801541,0,0,10.2870905558269,1026.27960022073,"Cropland_Intense use","Cropland","Intense use","AD1_2008__Billeter 15","AD1_2008__Billeter 15 B-HOE","50.7799450534,4.82522603654","pit-fall traps","AD1_2008__Billeter 15 B-HOE 27",5.37989735354046,216,216,1,"Belgium","2001","individuals"
0.381818181818189,0,0,0,99.6181818181818,2.24332624822218,105.958456111433,2.25230011841552,4.00414343801541,0,0,10.2870905558269,1026.27960022073,"Cropland_Intense use","Cropland","Intense use","AD1_2008__Billeter 15","AD1_2008__Billeter 15 B-HOE","50.7811341328,4.82981802416","pit-fall traps","AD1_2008__Billeter 15 B-HOE 28",5.8636311755981,351,351,1,"Belgium","2001","individuals"
0.381818181818189,0,0,0,99.6181818181818,2.24332624822218,105.958456111433,2.25230011841552,4.00414343801541,0,0,10.2870905558269,1026.27960022073,"Cropland_Intense use","Cropland","Intense use","AD1_2008__Billeter 15","AD1_2008__Billeter 15 B-HOE","50.7992030104,4.83260059213","pit-fall traps","AD1_2008__Billeter 15 B-HOE 29",5.68357976733868,293,293,1,"Belgium","2001","individuals"
0.381818181818189,0,0,0,99.6181818181818,2.24332624822218,105.958456111433,2.25230011841552,4.00414343801541,0,0,10.2870905558269,1026.27960022073,"Cropland_Intense use","Cropland","Intense use","AD1_2008__Billeter 15","AD1_2008__Billeter 15 B-HOE","50.7745146978,4.83690648126","pit-fall traps","AD1_2008__Billeter 15 B-HOE 30",4.81218435537242,122,122,1,"Belgium","2001","individuals"
0.381818181818189,0,0,0,99.6181818181818,2.24332624822218,105.958456111433,2.25230011841552,4.00414343801541,0,0,10.2870905558269,1026.27960022073,"Cropland_Intense use","Cropland","Intense use","AD1_2008__Billeter 15","AD1_2008__Billeter 15 B-HOE","50.7943464487,4.83837458976","pit-fall traps","AD1_2008__Billeter 15 B-HOE 31",4.82028156560504,123,123,1,"Belgium","2001","individuals"
0.381818181818189,0,0,0,99.6181818181818,2.24332624822218,105.958456111433,2.25230011841552,4.00414343801541,0,0,10.2870905558269,1026.27960022073,"Cropland_Intense use","Cropland","Intense use","AD1_2008__Billeter 15","AD1_2008__Billeter 15 B-HOE","51.2422162281,3.65280374981","pit-fall traps","AD1_2008__Billeter 15 B-HOE 32",5.28826703069454,197,197,1,"Belgium","2001","individuals"
0,13.9269500240302,0,0.448245716652572,85.6248042593173,0.881753954116487,34.5471636141443,2.77494312878185,2.43512908968646,0,0,10.5749780652154,1024.9660150739,"Cropland_Light use","Cropland","Light use","AD1_2008__Billeter 15","AD1_2008__Billeter 15 B-KAP","51.2287271446,3.65875500669","pit-fall traps","AD1_2008__Billeter 15 B-KAP 33",4.64439089914137,103,103,1,"Belgium","2001","individuals"
0,13.9269500240302,0,0.448245716652572,85.6248042593173,0.881753954116487,34.5471636141443,2.77494312878185,2.43512908968646,0,0,10.5749780652154,1024.9660150739,"Cropland_Light use","Cropland","Light use","AD1_2008__Billeter 15","AD1_2008__Billeter 15 B-KAP","51.2495872017,3.66139541511","pit-fall traps","AD1_2008__Billeter 15 B-KAP 34",4.46590811865458,86,86,1,"Belgium","2001","individuals"
0,13.9269500240302,0,0.448245716652572,85.6248042593173,0.881753954116487,34.5471636141443,2.77494312878185,2.43512908968646,0,0,10.5749780652154,1024.9660150739,"Cropland_Light use","Cropland","Light use","AD1_2008__Billeter 15","AD1_2008__Billeter 15 B-KAP","51.2221446485,3.66372585201","pit-fall traps","AD1_2008__Billeter 15 B-KAP 35",4.82028156560504,123,123,1,"Belgium","2001","individuals"
0,13.9269500240302,0,0.448245716652572,85.6248042593173,0.881753954116487,34.5471636141443,2.77494312878185,2.43512908968646,0,0,10.5749780652154,1024.9660150739,"Cropland_Light use","Cropland","Light use","AD1_2008__Billeter 15","AD1_2008__Billeter 15 B-KAP","51.2222220996,3.66783521395","pit-fall traps","AD1_2008__Billeter 15 B-KAP 36",5.11799381241676,166,166,1,"Belgium","2001","individuals"
0,13.9269500240302,0,0.448245716652572,85.6248042593173,0.881753954116487,34.5471636141443,2.77494312878185,2.43512908968646,0,0,10.5749780652154,1024.9660150739,"Cropland_Light use","Cropland","Light use","AD1_2008__Billeter 15","AD1_2008__Billeter 15 B-KAP","51.2435298218,3.668472734","pit-fall traps","AD1_2008__Billeter 15 B-KAP 37",4.57471097850338,96,96,1,"Belgium","2001","individuals"
0,13.9269500240302,0,0.448245716652572,85.6248042593173,0.881753954116487,34.5471636141443,2.77494312878185,2.43512908968646,0,0,10.5749780652154,1024.9660150739,"Cropland_Light use","Cropland","Light use","AD1_2008__Billeter 15","AD1_2008__Billeter 15 B-KAP","51.2478829382,3.66913978836","pit-fall traps","AD1_2008__Billeter 15 B-KAP 38",5.13579843705026,169,169,1,"Belgium","2001","individuals"
0,13.9269500240302,0,0.448245716652572,85.6248042593173,0.881753954116487,34.5471636141443,2.77494312878185,2.43512908968646,0,0,10.5749780652154,1024.9660150739,"Cropland_Light use","Cropland","Light use","AD1_2008__Billeter 15","AD1_2008__Billeter 15 B-KAP","51.2488695504,3.6222492756","pit-fall traps","AD1_2008__Billeter 15 B-KAP 39",3.8286413964891,45,45,1,"Belgium","2001","individuals"
0,13.9269500240302,0,0.448245716652572,85.6248042593173,0.881753954116487,34.5471636141443,2.77494312878185,2.43512908968646,0,0,10.5749780652154,1024.9660150739,"Cropland_Light use","Cropland","Light use","AD1_2008__Billeter 15","AD1_2008__Billeter 15 B-KAP","51.2252861463,3.62808888707","pit-fall traps","AD1_2008__Billeter 15 B-KAP 40",5.24174701505964,188,188,1,"Belgium","2001","individuals"
0,13.9269500240302,0,0.448245716652572,85.6248042593173,0.881753954116487,34.5471636141443,2.77494312878185,2.43512908968646,0,0,10.5749780652154,1024.9660150739,"Cropland_Light use","Cropland","Light use","AD1_2008__Billeter 15","AD1_2008__Billeter 15 B-KAP","51.2298000844,3.63181869683","pit-fall traps","AD1_2008__Billeter 15 B-KAP 41",6.27287700654617,529,529,1,"Belgium","2001","individuals"
0,13.9269500240302,0,0.448245716652572,85.6248042593173,0.881753954116487,34.5471636141443,2.77494312878185,2.43512908968646,0,0,10.5749780652154,1024.9660150739,"Cropland_Light use","Cropland","Light use","AD1_2008__Billeter 15","AD1_2008__Billeter 15 B-KAP","51.2411621162,3.63369531401","pit-fall traps","AD1_2008__Billeter 15 B-KAP 42",6.12029741895095,454,454,1,"Belgium","2001","individuals"
0,13.9269500240302,0,0.448245716652572,85.6248042593173,0.881753954116487,34.5471636141443,2.77494312878185,2.43512908968646,0,0,10.5749780652154,1024.9660150739,"Cropland_Light use","Cropland","Light use","AD1_2008__Billeter 15","AD1_2008__Billeter 15 B-KAP","51.2274412272,3.63917693262","pit-fall traps","AD1_2008__Billeter 15 B-KAP 43",5.85507192220243,348,348,1,"Belgium","2001","individuals"
0,13.9269500240302,0,0.448245716652572,85.6248042593173,0.881753954116487,34.5471636141443,2.77494312878185,2.43512908968646,0,0,10.5749780652154,1024.9660150739,"Cropland_Light use","Cropland","Light use","AD1_2008__Billeter 15","AD1_2008__Billeter 15 B-KAP","51.2376546052,3.64115764663","pit-fall traps","AD1_2008__Billeter 15 B-KAP 44",6.19440539110467,489,489,1,"Belgium","2001","individuals"
0,13.9269500240302,0,0.448245716652572,85.6248042593173,0.881753954116487,34.5471636141443,2.77494312878185,2.43512908968646,0,0,10.5749780652154,1024.9660150739,"Cropland_Light use","Cropland","Light use","AD1_2008__Billeter 15","AD1_2008__Billeter 15 B-KAP","51.2241489424,3.64142453515","pit-fall traps","AD1_2008__Billeter 15 B-KAP 45",6.73459165997295,840,840,1,"Belgium","2001","individuals"
0,13.9269500240302,0,0.448245716652572,85.6248042593173,0.881753954116487,34.5471636141443,2.77494312878185,2.43512908968646,0,0,10.5749780652154,1024.9660150739,"Cropland_Light use","Cropland","Light use","AD1_2008__Billeter 15","AD1_2008__Billeter 15 B-KAP","51.2515224952,3.64809701027","pit-fall traps","AD1_2008__Billeter 15 B-KAP 46",5.73334127689775,308,308,1,"Belgium","2001","individuals"
0,13.9269500240302,0,0.448245716652572,85.6248042593173,0.881753954116487,34.5471636141443,2.77494312878185,2.43512908968646,0,0,10.5749780652154,1024.9660150739,"Cropland_Light use","Cropland","Light use","AD1_2008__Billeter 15","AD1_2008__Billeter 15 B-KAP","50.6957827917,5.78487930483","pit-fall traps","AD1_2008__Billeter 15 B-KAP 47",5.19849703126583,180,180,1,"Belgium","2001","individuals"
0,13.9269500240302,0,0.448245716652572,85.6248042593173,0.881753954116487,34.5471636141443,2.77494312878185,2.43512908968646,0,0,10.5749780652154,1024.9660150739,"Cropland_Light use","Cropland","Light use","AD1_2008__Billeter 15","AD1_2008__Billeter 15 B-KAP","50.6886356654,5.78501401388","pit-fall traps","AD1_2008__Billeter 15 B-KAP 48",4.82028156560504,123,123,1,"Belgium","2001","individuals"
8.95556499217513,0.201276535827255,0,1.6377611706483,89.2053973013493,0.0355803046103683,9.81494401972433,2.47387308798013,2.37998203828066,100,0,9.69806060791018,1118.24226600584,"Cropland_Light use","Cropland","Light use","AD1_2008__Billeter 15","AD1_2008__Billeter 15 B-VOE","50.6767973029,5.79019459312","pit-fall traps","AD1_2008__Billeter 15 B-VOE 49",5.66642668811243,288,288,1,"Belgium","2001","individuals"
8.95556499217513,0.201276535827255,0,1.6377611706483,89.2053973013493,0.0355803046103683,9.81494401972433,2.47387308798013,2.37998203828066,100,0,9.69806060791018,1118.24226600584,"Cropland_Light use","Cropland","Light use","AD1_2008__Billeter 15","AD1_2008__Billeter 15 B-VOE","50.7039530588,5.7934459941","pit-fall traps","AD1_2008__Billeter 15 B-VOE 50",5.47227067367148,237,237,1,"Belgium","2001","individuals"
8.95556499217513,0.201276535827255,0,1.6377611706483,89.2053973013493,0.0355803046103683,9.81494401972433,2.47387308798013,2.37998203828066,100,0,9.69806060791018,1118.24226600584,"Cropland_Light use","Cropland","Light use","AD1_2008__Billeter 15","AD1_2008__Billeter 15 B-VOE","50.6817591173,5.79969724554","pit-fall traps","AD1_2008__Billeter 15 B-VOE 51",4.94875989037817,140,140,1,"Belgium","2001","individuals"
8.95556499217513,0.201276535827255,0,1.6377611706483,89.2053973013493,0.0355803046103683,9.81494401972433,2.47387308798013,2.37998203828066,100,0,9.69806060791018,1118.24226600584,"Cropland_Light use","Cropland","Light use","AD1_2008__Billeter 15","AD1_2008__Billeter 15 B-VOE","50.6898895189,5.801977679","pit-fall traps","AD1_2008__Billeter 15 B-VOE 52",3.04452243772342,20,20,1,"Belgium","2001","individuals"
8.95556499217513,0.201276535827255,0,1.6377611706483,89.2053973013493,0.0355803046103683,9.81494401972433,2.47387308798013,2.37998203828066,100,0,9.69806060791018,1118.24226600584,"Cropland_Light use","Cropland","Light use","AD1_2008__Billeter 15","AD1_2008__Billeter 15 B-VOE","50.7016414223,5.80308613022","pit-fall traps","AD1_2008__Billeter 15 B-VOE 53",5.9295891433899,375,375,1,"Belgium","2001","individuals"
8.95556499217513,0.201276535827255,0,1.6377611706483,89.2053973013493,0.0355803046103683,9.81494401972433,2.47387308798013,2.37998203828066,100,0,9.69806060791018,1118.24226600584,"Cropland_Light use","Cropland","Light use","AD1_2008__Billeter 15","AD1_2008__Billeter 15 B-VOE","50.7095326659,5.80721436953","pit-fall traps","AD1_2008__Billeter 15 B-VOE 54",5.11198778835654,165,165,1,"Belgium","2001","individuals"
8.95556499217513,0.201276535827255,0,1.6377611706483,89.2053973013493,0.0355803046103683,9.81494401972433,2.47387308798013,2.37998203828066,100,0,9.69806060791018,1118.24226600584,"Cropland_Light use","Cropland","Light use","AD1_2008__Billeter 15","AD1_2008__Billeter 15 B-VOE","50.6812983819,5.81612136796","pit-fall traps","AD1_2008__Billeter 15 B-VOE 55",5.21493575760899,183,183,1,"Belgium","2001","individuals"
8.95556499217513,0.201276535827255,0,1.6377611706483,89.2053973013493,0.0355803046103683,9.81494401972433,2.47387308798013,2.37998203828066,100,0,9.69806060791018,1118.24226600584,"Cropland_Light use","Cropland","Light use","AD1_2008__Billeter 15","AD1_2008__Billeter 15 B-VOE","50.696132422,5.81709320301","pit-fall traps","AD1_2008__Billeter 15 B-VOE 56",4.65396035015752,104,104,1,"Belgium","2001","individuals"
8.95556499217513,0.201276535827255,0,1.6377611706483,89.2053973013493,0.0355803046103683,9.81494401972433,2.47387308798013,2.37998203828066,100,0,9.69806060791018,1118.24226600584,"Cropland_Light use","Cropland","Light use","AD1_2008__Billeter 15","AD1_2008__Billeter 15 B-VOE","50.6877555476,5.81788388402","pit-fall traps","AD1_2008__Billeter 15 B-VOE 57",5.26785815906333,193,193,1,"Belgium","2001","individuals"
8.95556499217513,0.201276535827255,0,1.6377611706483,89.2053973013493,0.0355803046103683,9.81494401972433,2.47387308798013,2.37998203828066,100,0,9.69806060791018,1118.24226600584,"Cropland_Light use","Cropland","Light use","AD1_2008__Billeter 15","AD1_2008__Billeter 15 B-VOE","50.703387292,5.82030475727","pit-fall traps","AD1_2008__Billeter 15 B-VOE 58",6.32435896238131,557,557,1,"Belgium","2001","individuals"
8.95556499217513,0.201276535827255,0,1.6377611706483,89.2053973013493,0.0355803046103683,9.81494401972433,2.47387308798013,2.37998203828066,100,0,9.69806060791018,1118.24226600584,"Cropland_Light use","Cropland","Light use","AD1_2008__Billeter 15","AD1_2008__Billeter 15 B-VOE","50.7034647361,5.82598746136","pit-fall traps","AD1_2008__Billeter 15 B-VOE 59",5.19295685089021,179,179,1,"Belgium","2001","individuals"
8.95556499217513,0.201276535827255,0,1.6377611706483,89.2053973013493,0.0355803046103683,9.81494401972433,2.47387308798013,2.37998203828066,100,0,9.69806060791018,1118.24226600584,"Cropland_Light use","Cropland","Light use","AD1_2008__Billeter 15","AD1_2008__Billeter 15 B-VOE","50.6844365452,5.82746398973","pit-fall traps","AD1_2008__Billeter 15 B-VOE 60",4.97673374242057,144,144,1,"Belgium","2001","individuals"
8.95556499217513,0.201276535827255,0,1.6377611706483,89.2053973013493,0.0355803046103683,9.81494401972433,2.47387308798013,2.37998203828066,100,0,9.69806060791018,1118.24226600584,"Cropland_Light use","Cropland","Light use","AD1_2008__Billeter 15","AD1_2008__Billeter 15 B-VOE","50.7051322289,5.82950512942","pit-fall traps","AD1_2008__Billeter 15 B-VOE 61",5.46383180502561,235,235,1,"Belgium","2001","individuals"
8.95556499217513,0.201276535827255,0,1.6377611706483,89.2053973013493,0.0355803046103683,9.81494401972433,2.47387308798013,2.37998203828066,100,0,9.69806060791018,1118.24226600584,"Cropland_Light use","Cropland","Light use","AD1_2008__Billeter 15","AD1_2008__Billeter 15 B-VOE","50.6930953318,5.8374941045","pit-fall traps","AD1_2008__Billeter 15 B-VOE 62",5.4380793089232,229,229,1,"Belgium","2001","individuals"
8.95556499217513,0.201276535827255,0,1.6377611706483,89.2053973013493,0.0355803046103683,9.81494401972433,2.47387308798013,2.37998203828066,100,0,9.69806060791018,1118.24226600584,"Cropland_Light use","Cropland","Light use","AD1_2008__Billeter 15","AD1_2008__Billeter 15 B-VOE","50.786767069,4.82099425639","pit-fall traps","AD1_2008__Billeter 15 B-VOE 63",5.2257466737132,185,185,1,"Belgium","2001","individuals"
8.95556499217513,0.201276535827255,0,1.6377611706483,89.2053973013493,0.0355803046103683,9.81494401972433,2.47387308798013,2.37998203828066,100,0,9.69806060791018,1118.24226600584,"Cropland_Light use","Cropland","Light use","AD1_2008__Billeter 15","AD1_2008__Billeter 15 B-VOE","51.2322201536,3.66983158896","pit-fall traps","AD1_2008__Billeter 15 B-VOE 64",5.04985600724954,155,155,1,"Belgium","2001","individuals"
1.01965598639492,0.319622661037774,0,0,96.3302752293578,0.573487608120597,66.0268165838157,2.38249455197254,3.43577771962971,0,0,6.75436528200813,940.321529995918,"Cropland_Minimal use","Cropland","Minimal use","AD1_2008__Billeter 16","AD1_2008__Billeter 16 C-BRO","50.5344173845,16.3819078381","pit-fall traps","AD1_2008__Billeter 16 C-BRO 1",4.90527477843843,134,134,1,"Czech Republic","2001","individuals"
1.01965598639492,0.319622661037774,0,0,96.3302752293578,0.573487608120597,66.0268165838157,2.38249455197254,3.43577771962971,0,0,6.75436528200813,940.321529995918,"Cropland_Minimal use","Cropland","Minimal use","AD1_2008__Billeter 16","AD1_2008__Billeter 16 C-BRO","50.5394035372,16.377852323","pit-fall traps","AD1_2008__Billeter 16 C-BRO 2",4.55387689160054,94,94,1,"Czech Republic","2001","individuals"
1.01965598639492,0.319622661037774,0,0,96.3302752293578,0.573487608120597,66.0268165838157,2.38249455197254,3.43577771962971,0,0,6.75436528200813,940.321529995918,"Cropland_Minimal use","Cropland","Minimal use","AD1_2008__Billeter 16","AD1_2008__Billeter 16 C-BRO","50.5265145413,16.3753799177","pit-fall traps","AD1_2008__Billeter 16 C-BRO 3",4.12713438504509,61,61,1,"Czech Republic","2001","individuals"
1.01965598639492,0.319622661037774,0,0,96.3302752293578,0.573487608120597,66.0268165838157,2.38249455197254,3.43577771962971,0,0,6.75436528200813,940.321529995918,"Cropland_Minimal use","Cropland","Minimal use","AD1_2008__Billeter 16","AD1_2008__Billeter 16 C-BRO","50.5517786387,16.368046908","pit-fall traps","AD1_2008__Billeter 16 C-BRO 4",4.14313472639153,62,62,1,"Czech Republic","2001","individuals"
1.01965598639492,0.319622661037774,0,0,96.3302752293578,0.573487608120597,66.0268165838157,2.38249455197254,3.43577771962971,0,0,6.75436528200813,940.321529995918,"Cropland_Minimal use","Cropland","Minimal use","AD1_2008__Billeter 16","AD1_2008__Billeter 16 C-BRO","50.5340640079,16.3699126507","pit-fall traps","AD1_2008__Billeter 16 C-BRO 5",3.89182029811063,48,48,1,"Czech Republic","2001","individuals"
1.01965598639492,0.319622661037774,0,0,96.3302752293578,0.573487608120597,66.0268165838157,2.38249455197254,3.43577771962971,0,0,6.75436528200813,940.321529995918,"Cropland_Minimal use","Cropland","Minimal use","AD1_2008__Billeter 16","AD1_2008__Billeter 16 C-BRO","50.5212506165,16.3710187127","pit-fall traps","AD1_2008__Billeter 16 C-BRO 6",4.20469261939097,66,66,1,"Czech Republic","2001","individuals"
1.01965598639492,0.319622661037774,0,0,96.3302752293578,0.573487608120597,66.0268165838157,2.38249455197254,3.43577771962971,0,0,6.75436528200813,940.321529995918,"Cropland_Minimal use","Cropland","Minimal use","AD1_2008__Billeter 16","AD1_2008__Billeter 16 C-BRO","50.5560008943,16.3647691936","pit-fall traps","AD1_2008__Billeter 16 C-BRO 7",4.39444915467244,80,80,1,"Czech Republic","2001","individuals"
1.01965598639492,0.319622661037774,0,0,96.3302752293578,0.573487608120597,66.0268165838157,2.38249455197254,3.43577771962971,0,0,6.75436528200813,940.321529995918,"Cropland_Minimal use","Cropland","Minimal use","AD1_2008__Billeter 16","AD1_2008__Billeter 16 C-BRO","50.5310006875,16.3598381995","pit-fall traps","AD1_2008__Billeter 16 C-BRO 8",2.77258872223978,15,15,1,"Czech Republic","2001","individuals"
1.01965598639492,0.319622661037774,0,0,96.3302752293578,0.573487608120597,66.0268165838157,2.38249455197254,3.43577771962971,0,0,6.75436528200813,940.321529995918,"Cropland_Minimal use","Cropland","Minimal use","AD1_2008__Billeter 16","AD1_2008__Billeter 16 C-BRO","50.5408757917,16.3550605046","pit-fall traps","AD1_2008__Billeter 16 C-BRO 9",4.15888308335967,63,63,1,"Czech Republic","2001","individuals"
1.01965598639492,0.319622661037774,0,0,96.3302752293578,0.573487608120597,66.0268165838157,2.38249455197254,3.43577771962971,0,0,6.75436528200813,940.321529995918,"Cropland_Minimal use","Cropland","Minimal use","AD1_2008__Billeter 16","AD1_2008__Billeter 16 C-BRO","50.5350285162,16.3517131707","pit-fall traps","AD1_2008__Billeter 16 C-BRO 10",4.35670882668959,77,77,1,"Czech Republic","2001","individuals"
1.01965598639492,0.319622661037774,0,0,96.3302752293578,0.573487608120597,66.0268165838157,2.38249455197254,3.43577771962971,0,0,6.75436528200813,940.321529995918,"Cropland_Minimal use","Cropland","Minimal use","AD1_2008__Billeter 16","AD1_2008__Billeter 16 C-BRO","50.5444730487,16.3488938563","pit-fall traps","AD1_2008__Billeter 16 C-BRO 11",5.41610040220442,224,224,1,"Czech Republic","2001","individuals"
1.01965598639492,0.319622661037774,0,0,96.3302752293578,0.573487608120597,66.0268165838157,2.38249455197254,3.43577771962971,0,0,6.75436528200813,940.321529995918,"Cropland_Minimal use","Cropland","Minimal use","AD1_2008__Billeter 16","AD1_2008__Billeter 16 C-BRO","50.5109588705,16.3533934316","pit-fall traps","AD1_2008__Billeter 16 C-BRO 12",5.78074351579233,323,323,1,"Czech Republic","2001","individuals"
1.01965598639492,0.319622661037774,0,0,96.3302752293578,0.573487608120597,66.0268165838157,2.38249455197254,3.43577771962971,0,0,6.75436528200813,940.321529995918,"Cropland_Minimal use","Cropland","Minimal use","AD1_2008__Billeter 16","AD1_2008__Billeter 16 C-BRO","50.5417230555,16.3330186852","pit-fall traps","AD1_2008__Billeter 16 C-BRO 13",5.53733426701854,253,253,1,"Czech Republic","2001","individuals"
1.01965598639492,0.319622661037774,0,0,96.3302752293578,0.573487608120597,66.0268165838157,2.38249455197254,3.43577771962971,0,0,6.75436528200813,940.321529995918,"Cropland_Minimal use","Cropland","Minimal use","AD1_2008__Billeter 16","AD1_2008__Billeter 16 C-BRO","50.5229034435,16.3352406348","pit-fall traps","AD1_2008__Billeter 16 C-BRO 14",4.95582705760126,141,141,1,"Czech Republic","2001","individuals"
1.01965598639492,0.319622661037774,0,0,96.3302752293578,0.573487608120597,66.0268165838157,2.38249455197254,3.43577771962971,0,0,6.75436528200813,940.321529995918,"Cropland_Minimal use","Cropland","Minimal use","AD1_2008__Billeter 16","AD1_2008__Billeter 16 C-BRO","50.5280530865,16.3318185339","pit-fall traps","AD1_2008__Billeter 16 C-BRO 15",4.35670882668959,77,77,1,"Czech Republic","2001","individuals"
1.01965598639492,0.319622661037774,0,0,96.3302752293578,0.573487608120597,66.0268165838157,2.38249455197254,3.43577771962971,0,0,6.75436528200813,940.321529995918,"Cropland_Minimal use","Cropland","Minimal use","AD1_2008__Billeter 16","AD1_2008__Billeter 16 C-BRO","50.5336654703,16.3227075526","pit-fall traps","AD1_2008__Billeter 16 C-BRO 16",3.93182563272433,50,50,1,"Czech Republic","2001","individuals"
0,0,1.15966629680723,6.92856899731042,91.9117647058823,0.0232040548520315,5.47797584533691,2.56574606895447,1.89902879745476,100,0,7.61179758707686,914.267690153793,"Cropland_Minimal use","Cropland","Minimal use","AD1_2008__Billeter 16","AD1_2008__Billeter 16 C-VER","50.7047361283,14.3007356889","pit-fall traps","AD1_2008__Billeter 16 C-VER 17",4.70048036579242,109,109,1,"Czech Republic","2001","individuals"
0,0,1.15966629680723,6.92856899731042,91.9117647058823,0.0232040548520315,5.47797584533691,2.56574606895447,1.89902879745476,100,0,7.61179758707686,914.267690153793,"Cropland_Minimal use","Cropland","Minimal use","AD1_2008__Billeter 16","AD1_2008__Billeter 16 C-VER","50.6877832641,14.2978616764","pit-fall traps","AD1_2008__Billeter 16 C-VER 18",4.07753744390572,58,58,1,"Czech Republic","2001","individuals"
0,0,1.15966629680723,6.92856899731042,91.9117647058823,0.0232040548520315,5.47797584533691,2.56574606895447,1.89902879745476,100,0,7.61179758707686,914.267690153793,"Cropland_Minimal use","Cropland","Minimal use","AD1_2008__Billeter 16","AD1_2008__Billeter 16 C-VER","50.6725175361,14.292359744","pit-fall traps","AD1_2008__Billeter 16 C-VER 19",4.26267987704132,70,70,1,"Czech Republic","2001","individuals"
0,0,1.15966629680723,6.92856899731042,91.9117647058823,0.0232040548520315,5.47797584533691,2.56574606895447,1.89902879745476,100,0,7.61179758707686,914.267690153793,"Cropland_Minimal use","Cropland","Minimal use","AD1_2008__Billeter 16","AD1_2008__Billeter 16 C-VER","50.6942198067,14.2854696593","pit-fall traps","AD1_2008__Billeter 16 C-VER 20",4.91998092582813,136,136,1,"Czech Republic","2001","individuals"
0,0,1.15966629680723,6.92856899731042,91.9117647058823,0.0232040548520315,5.47797584533691,2.56574606895447,1.89902879745476,100,0,7.61179758707686,914.267690153793,"Cropland_Minimal use","Cropland","Minimal use","AD1_2008__Billeter 16","AD1_2008__Billeter 16 C-VER","50.6762963995,14.2892538525","pit-fall traps","AD1_2008__Billeter 16 C-VER 21",4.38202663467388,79,79,1,"Czech Republic","2001","individuals"
0,0,1.15966629680723,6.92856899731042,91.9117647058823,0.0232040548520315,5.47797584533691,2.56574606895447,1.89902879745476,100,0,7.61179758707686,914.267690153793,"Cropland_Minimal use","Cropland","Minimal use","AD1_2008__Billeter 16","AD1_2008__Billeter 16 C-VER","50.6885691865,14.2776472272","pit-fall traps","AD1_2008__Billeter 16 C-VER 22",5.02388052084628,151,151,1,"Czech Republic","2001","individuals"
0,0,1.15966629680723,6.92856899731042,91.9117647058823,0.0232040548520315,5.47797584533691,2.56574606895447,1.89902879745476,100,0,7.61179758707686,914.267690153793,"Cropland_Minimal use","Cropland","Minimal use","AD1_2008__Billeter 16","AD1_2008__Billeter 16 C-VER","50.6826905224,14.2781805104","pit-fall traps","AD1_2008__Billeter 16 C-VER 23",5.33271879326537,206,206,1,"Czech Republic","2001","individuals"
0,0,1.15966629680723,6.92856899731042,91.9117647058823,0.0232040548520315,5.47797584533691,2.56574606895447,1.89902879745476,100,0,7.61179758707686,914.267690153793,"Cropland_Minimal use","Cropland","Minimal use","AD1_2008__Billeter 16","AD1_2008__Billeter 16 C-VER","50.6990883496,14.2737713751","pit-fall traps","AD1_2008__Billeter 16 C-VER 24",5.18178355029209,177,177,1,"Czech Republic","2001","individuals"
0,0,1.15966629680723,6.92856899731042,91.9117647058823,0.0232040548520315,5.47797584533691,2.56574606895447,1.89902879745476,100,0,7.61179758707686,914.267690153793,"Cropland_Minimal use","Cropland","Minimal use","AD1_2008__Billeter 16","AD1_2008__Billeter 16 C-VER","50.6934836063,14.2716838864","pit-fall traps","AD1_2008__Billeter 16 C-VER 25",5.48063892334199,239,239,1,"Czech Republic","2001","individuals"
0,0,1.15966629680723,6.92856899731042,91.9117647058823,0.0232040548520315,5.47797584533691,2.56574606895447,1.89902879745476,100,0,7.61179758707686,914.267690153793,"Cropland_Minimal use","Cropland","Minimal use","AD1_2008__Billeter 16","AD1_2008__Billeter 16 C-VER","50.6981239726,14.270235705","pit-fall traps","AD1_2008__Billeter 16 C-VER 26",5.34710753071747,209,209,1,"Czech Republic","2001","individuals"
0,0,1.15966629680723,6.92856899731042,91.9117647058823,0.0232040548520315,5.47797584533691,2.56574606895447,1.89902879745476,100,0,7.61179758707686,914.267690153793,"Cropland_Minimal use","Cropland","Minimal use","AD1_2008__Billeter 16","AD1_2008__Billeter 16 C-VER","50.67170621,14.2755468247","pit-fall traps","AD1_2008__Billeter 16 C-VER 27",4.80402104473326,121,121,1,"Czech Republic","2001","individuals"
0,0,1.15966629680723,6.92856899731042,91.9117647058823,0.0232040548520315,5.47797584533691,2.56574606895447,1.89902879745476,100,0,7.61179758707686,914.267690153793,"Cropland_Minimal use","Cropland","Minimal use","AD1_2008__Billeter 16","AD1_2008__Billeter 16 C-VER","50.6780992837,14.2713823772","pit-fall traps","AD1_2008__Billeter 16 C-VER 28",3.93182563272433,50,50,1,"Czech Republic","2001","individuals"
0,0,1.15966629680723,6.92856899731042,91.9117647058823,0.0232040548520315,5.47797584533691,2.56574606895447,1.89902879745476,100,0,7.61179758707686,914.267690153793,"Cropland_Minimal use","Cropland","Minimal use","AD1_2008__Billeter 16","AD1_2008__Billeter 16 C-VER","50.6775261996,14.2642773708","pit-fall traps","AD1_2008__Billeter 16 C-VER 29",4.66343909411207,105,105,1,"Czech Republic","2001","individuals"
0,0,1.15966629680723,6.92856899731042,91.9117647058823,0.0232040548520315,5.47797584533691,2.56574606895447,1.89902879745476,100,0,7.61179758707686,914.267690153793,"Cropland_Minimal use","Cropland","Minimal use","AD1_2008__Billeter 16","AD1_2008__Billeter 16 C-VER","50.6736811513,14.2635297899","pit-fall traps","AD1_2008__Billeter 16 C-VER 30",4.4188406077966,82,82,1,"Czech Republic","2001","individuals"
0,0,1.15966629680723,6.92856899731042,91.9117647058823,0.0232040548520315,5.47797584533691,2.56574606895447,1.89902879745476,100,0,7.61179758707686,914.267690153793,"Cropland_Minimal use","Cropland","Minimal use","AD1_2008__Billeter 16","AD1_2008__Billeter 16 C-VER","50.6868145867,14.2533948823","pit-fall traps","AD1_2008__Billeter 16 C-VER 31",4.70048036579242,109,109,1,"Czech Republic","2001","individuals"
0,0,1.15966629680723,6.92856899731042,91.9117647058823,0.0232040548520315,5.47797584533691,2.56574606895447,1.89902879745476,100,0,7.61179758707686,914.267690153793,"Cropland_Minimal use","Cropland","Minimal use","AD1_2008__Billeter 16","AD1_2008__Billeter 16 C-VER","50.6944904802,14.2506621244","pit-fall traps","AD1_2008__Billeter 16 C-VER 32",5.06890420222023,158,158,1,"Czech Republic","2001","individuals"
0,28.0747170893766,10.9962247081949,5.8066647300803,55.1223934723481,0.023632640138628,14.0734631786515,1.91089619988341,2.03242950626029,0,0,6.05125071207686,838.475974043831,"Cropland_Minimal use","Cropland","Minimal use","AD1_2008__Billeter 17","AD1_2008__Billeter 17 E-ARE","58.503623471,24.5492967029","pit-fall traps","AD1_2008__Billeter 17 E-ARE 1",5.77455154554441,321,321,1,"Estonia","2001","individuals"
0,28.0747170893766,10.9962247081949,5.8066647300803,55.1223934723481,0.023632640138628,14.0734631786515,1.91089619988341,2.03242950626029,0,0,6.05125071207686,838.475974043831,"Cropland_Minimal use","Cropland","Minimal use","AD1_2008__Billeter 17","AD1_2008__Billeter 17 E-ARE","58.4794908755,24.550833287","pit-fall traps","AD1_2008__Billeter 17 E-ARE 2",5.88887795833288,360,360,1,"Estonia","2001","individuals"
0,28.0747170893766,10.9962247081949,5.8066647300803,55.1223934723481,0.023632640138628,14.0734631786515,1.91089619988341,2.03242950626029,0,0,6.05125071207686,838.475974043831,"Cropland_Minimal use","Cropland","Minimal use","AD1_2008__Billeter 17","AD1_2008__Billeter 17 E-ARE","58.487250488,24.5574287798","pit-fall traps","AD1_2008__Billeter 17 E-ARE 3",5.81413053182507,334,334,1,"Estonia","2001","individuals"
0,28.0747170893766,10.9962247081949,5.8066647300803,55.1223934723481,0.023632640138628,14.0734631786515,1.91089619988341,2.03242950626029,0,0,6.05125071207686,838.475974043831,"Cropland_Minimal use","Cropland","Minimal use","AD1_2008__Billeter 17","AD1_2008__Billeter 17 E-ARE","58.4997398074,24.5599869815","pit-fall traps","AD1_2008__Billeter 17 E-ARE 4",5.74620319054015,312,312,1,"Estonia","2001","individuals"
0,28.0747170893766,10.9962247081949,5.8066647300803,55.1223934723481,0.023632640138628,14.0734631786515,1.91089619988341,2.03242950626029,0,0,6.05125071207686,838.475974043831,"Cropland_Minimal use","Cropland","Minimal use","AD1_2008__Billeter 17","AD1_2008__Billeter 17 E-ARE","58.4963845583,24.5645199197","pit-fall traps","AD1_2008__Billeter 17 E-ARE 5",5.82008293035236,336,336,1,"Estonia","2001","individuals"
0,28.0747170893766,10.9962247081949,5.8066647300803,55.1223934723481,0.023632640138628,14.0734631786515,1.91089619988341,2.03242950626029,0,0,6.05125071207686,838.475974043831,"Cropland_Minimal use","Cropland","Minimal use","AD1_2008__Billeter 17","AD1_2008__Billeter 17 E-ARE","58.4927936372,24.566783619","pit-fall traps","AD1_2008__Billeter 17 E-ARE 6",5.62040086571715,275,275,1,"Estonia","2001","individuals"
0,28.0747170893766,10.9962247081949,5.8066647300803,55.1223934723481,0.023632640138628,14.0734631786515,1.91089619988341,2.03242950626029,0,0,6.05125071207686,838.475974043831,"Cropland_Minimal use","Cropland","Minimal use","AD1_2008__Billeter 17","AD1_2008__Billeter 17 E-ARE","58.5034439209,24.5711126672","pit-fall traps","AD1_2008__Billeter 17 E-ARE 7",5.42053499927229,225,225,1,"Estonia","2001","individuals"
0,28.0747170893766,10.9962247081949,5.8066647300803,55.1223934723481,0.023632640138628,14.0734631786515,1.91089619988341,2.03242950626029,0,0,6.05125071207686,838.475974043831,"Cropland_Minimal use","Cropland","Minimal use","AD1_2008__Billeter 17","AD1_2008__Billeter 17 E-ARE","58.4806957773,24.5710084363","pit-fall traps","AD1_2008__Billeter 17 E-ARE 8",6.04737217904628,422,422,1,"Estonia","2001","individuals"
0,28.0747170893766,10.9962247081949,5.8066647300803,55.1223934723481,0.023632640138628,14.0734631786515,1.91089619988341,2.03242950626029,0,0,6.05125071207686,838.475974043831,"Cropland_Minimal use","Cropland","Minimal use","AD1_2008__Billeter 17","AD1_2008__Billeter 17 E-ARE","58.4964872101,24.580869378","pit-fall traps","AD1_2008__Billeter 17 E-ARE 9",6.57646956904822,717,717,1,"Estonia","2001","individuals"
0,28.0747170893766,10.9962247081949,5.8066647300803,55.1223934723481,0.023632640138628,14.0734631786515,1.91089619988341,2.03242950626029,0,0,6.05125071207686,838.475974043831,"Cropland_Minimal use","Cropland","Minimal use","AD1_2008__Billeter 17","AD1_2008__Billeter 17 E-ARE","58.476806113,24.5815957295","pit-fall traps","AD1_2008__Billeter 17 E-ARE 10",6.37672694789863,587,587,1,"Estonia","2001","individuals"
0,28.0747170893766,10.9962247081949,5.8066647300803,55.1223934723481,0.023632640138628,14.0734631786515,1.91089619988341,2.03242950626029,0,0,6.05125071207686,838.475974043831,"Cropland_Minimal use","Cropland","Minimal use","AD1_2008__Billeter 17","AD1_2008__Billeter 17 E-ARE","58.5041135479,24.5844970586","pit-fall traps","AD1_2008__Billeter 17 E-ARE 11",5.8111409929767,333,333,1,"Estonia","2001","individuals"
0,28.0747170893766,10.9962247081949,5.8066647300803,55.1223934723481,0.023632640138628,14.0734631786515,1.91089619988341,2.03242950626029,0,0,6.05125071207686,838.475974043831,"Cropland_Minimal use","Cropland","Minimal use","AD1_2008__Billeter 17","AD1_2008__Billeter 17 E-ARE","58.49215604,24.5845561008","pit-fall traps","AD1_2008__Billeter 17 E-ARE 12",6.38856140554563,594,594,1,"Estonia","2001","individuals"
0,28.0747170893766,10.9962247081949,5.8066647300803,55.1223934723481,0.023632640138628,14.0734631786515,1.91089619988341,2.03242950626029,0,0,6.05125071207686,838.475974043831,"Cropland_Minimal use","Cropland","Minimal use","AD1_2008__Billeter 17","AD1_2008__Billeter 17 E-ARE","58.5107653233,24.6004294025","pit-fall traps","AD1_2008__Billeter 17 E-ARE 13",6.87935580446044,971,971,1,"Estonia","2001","individuals"
0,28.0747170893766,10.9962247081949,5.8066647300803,55.1223934723481,0.023632640138628,14.0734631786515,1.91089619988341,2.03242950626029,0,0,6.05125071207686,838.475974043831,"Cropland_Minimal use","Cropland","Minimal use","AD1_2008__Billeter 17","AD1_2008__Billeter 17 E-ARE","58.4758496009,24.6028431471","pit-fall traps","AD1_2008__Billeter 17 E-ARE 14",5.89989735358249,364,364,1,"Estonia","2001","individuals"
0,28.0747170893766,10.9962247081949,5.8066647300803,55.1223934723481,0.023632640138628,14.0734631786515,1.91089619988341,2.03242950626029,0,0,6.05125071207686,838.475974043831,"Cropland_Minimal use","Cropland","Minimal use","AD1_2008__Billeter 17","AD1_2008__Billeter 17 E-ARE","58.5018174343,24.6045830299","pit-fall traps","AD1_2008__Billeter 17 E-ARE 15",5.50533153593236,245,245,1,"Estonia","2001","individuals"
0,28.0747170893766,10.9962247081949,5.8066647300803,55.1223934723481,0.023632640138628,14.0734631786515,1.91089619988341,2.03242950626029,0,0,6.05125071207686,838.475974043831,"Cropland_Minimal use","Cropland","Minimal use","AD1_2008__Billeter 17","AD1_2008__Billeter 17 E-ARE","58.4929527384,24.6066779165","pit-fall traps","AD1_2008__Billeter 17 E-ARE 16",5.78996017089725,326,326,1,"Estonia","2001","individuals"
0,16.8213014227634,18.5163033086314,0,64.6623952686052,0.0140172825248986,13.5756217934383,1.94909664112013,1.89889481652158,0,0,5.87465565999349,829.308124026284,"Cropland_Minimal use","Cropland","Minimal use","AD1_2008__Billeter 17","AD1_2008__Billeter 17 E-VIH","58.5593310636,24.980414559","pit-fall traps","AD1_2008__Billeter 17 E-VIH 17",6.17378610390194,479,479,1,"Estonia","2001","individuals"
0,16.8213014227634,18.5163033086314,0,64.6623952686052,0.0140172825248986,13.5756217934383,1.94909664112013,1.89889481652158,0,0,5.87465565999349,829.308124026284,"Cropland_Minimal use","Cropland","Minimal use","AD1_2008__Billeter 17","AD1_2008__Billeter 17 E-VIH","58.5666560207,24.9859953326","pit-fall traps","AD1_2008__Billeter 17 E-VIH 18",5.99645208861902,401,401,1,"Estonia","2001","individuals"
0,16.8213014227634,18.5163033086314,0,64.6623952686052,0.0140172825248986,13.5756217934383,1.94909664112013,1.89889481652158,0,0,5.87465565999349,829.308124026284,"Cropland_Minimal use","Cropland","Minimal use","AD1_2008__Billeter 17","AD1_2008__Billeter 17 E-VIH","58.5720377919,25.0004200182","pit-fall traps","AD1_2008__Billeter 17 E-VIH 19",5.5834963087817,265,265,1,"Estonia","2001","individuals"
0,16.8213014227634,18.5163033086314,0,64.6623952686052,0.0140172825248986,13.5756217934383,1.94909664112013,1.89889481652158,0,0,5.87465565999349,829.308124026284,"Cropland_Minimal use","Cropland","Minimal use","AD1_2008__Billeter 17","AD1_2008__Billeter 17 E-VIH","58.5667291342,25.0006654359","pit-fall traps","AD1_2008__Billeter 17 E-VIH 20",6.0088131854426,406,406,1,"Estonia","2001","individuals"
0,16.8213014227634,18.5163033086314,0,64.6623952686052,0.0140172825248986,13.5756217934383,1.94909664112013,1.89889481652158,0,0,5.87465565999349,829.308124026284,"Cropland_Minimal use","Cropland","Minimal use","AD1_2008__Billeter 17","AD1_2008__Billeter 17 E-VIH","58.5509551343,25.0002666011","pit-fall traps","AD1_2008__Billeter 17 E-VIH 21",6.57088296233958,713,713,1,"Estonia","2001","individuals"
0,16.8213014227634,18.5163033086314,0,64.6623952686052,0.0140172825248986,13.5756217934383,1.94909664112013,1.89889481652158,0,0,5.87465565999349,829.308124026284,"Cropland_Minimal use","Cropland","Minimal use","AD1_2008__Billeter 17","AD1_2008__Billeter 17 E-VIH","58.5787949574,25.0017586753","pit-fall traps","AD1_2008__Billeter 17 E-VIH 22",5.75574221358691,315,315,1,"Estonia","2001","individuals"
0,16.8213014227634,18.5163033086314,0,64.6623952686052,0.0140172825248986,13.5756217934383,1.94909664112013,1.89889481652158,0,0,5.87465565999349,829.308124026284,"Cropland_Minimal use","Cropland","Minimal use","AD1_2008__Billeter 17","AD1_2008__Billeter 17 E-VIH","58.5584140076,25.0045027475","pit-fall traps","AD1_2008__Billeter 17 E-VIH 23",6.01859321449623,410,410,1,"Estonia","2001","individuals"
0,16.8213014227634,18.5163033086314,0,64.6623952686052,0.0140172825248986,13.5756217934383,1.94909664112013,1.89889481652158,0,0,5.87465565999349,829.308124026284,"Cropland_Minimal use","Cropland","Minimal use","AD1_2008__Billeter 17","AD1_2008__Billeter 17 E-VIH","58.5724705049,25.0057928499","pit-fall traps","AD1_2008__Billeter 17 E-VIH 24",6.01859321449623,410,410,1,"Estonia","2001","individuals"
0,16.8213014227634,18.5163033086314,0,64.6623952686052,0.0140172825248986,13.5756217934383,1.94909664112013,1.89889481652158,0,0,5.87465565999349,829.308124026284,"Cropland_Minimal use","Cropland","Minimal use","AD1_2008__Billeter 17","AD1_2008__Billeter 17 E-VIH","58.5795592695,25.0136029886","pit-fall traps","AD1_2008__Billeter 17 E-VIH 25",5.89440283426485,362,362,1,"Estonia","2001","individuals"
0,16.8213014227634,18.5163033086314,0,64.6623952686052,0.0140172825248986,13.5756217934383,1.94909664112013,1.89889481652158,0,0,5.87465565999349,829.308124026284,"Cropland_Minimal use","Cropland","Minimal use","AD1_2008__Billeter 17","AD1_2008__Billeter 17 E-VIH","58.5491497566,25.0133394936","pit-fall traps","AD1_2008__Billeter 17 E-VIH 26",6.04025471127741,419,419,1,"Estonia","2001","individuals"
0,16.8213014227634,18.5163033086314,0,64.6623952686052,0.0140172825248986,13.5756217934383,1.94909664112013,1.89889481652158,0,0,5.87465565999349,829.308124026284,"Cropland_Minimal use","Cropland","Minimal use","AD1_2008__Billeter 17","AD1_2008__Billeter 17 E-VIH","58.5504470693,25.0268369145","pit-fall traps","AD1_2008__Billeter 17 E-VIH 27",6.46458830368996,641,641,1,"Estonia","2001","individuals"
0,16.8213014227634,18.5163033086314,0,64.6623952686052,0.0140172825248986,13.5756217934383,1.94909664112013,1.89889481652158,0,0,5.87465565999349,829.308124026284,"Cropland_Minimal use","Cropland","Minimal use","AD1_2008__Billeter 17","AD1_2008__Billeter 17 E-VIH","58.5653950944,25.0297159135","pit-fall traps","AD1_2008__Billeter 17 E-VIH 28",6.03787091992214,418,418,1,"Estonia","2001","individuals"
0,16.8213014227634,18.5163033086314,0,64.6623952686052,0.0140172825248986,13.5756217934383,1.94909664112013,1.89889481652158,0,0,5.87465565999349,829.308124026284,"Cropland_Minimal use","Cropland","Minimal use","AD1_2008__Billeter 17","AD1_2008__Billeter 17 E-VIH","58.578787487,25.0319250565","pit-fall traps","AD1_2008__Billeter 17 E-VIH 29",6.44730586254121,630,630,1,"Estonia","2001","individuals"
0,16.8213014227634,18.5163033086314,0,64.6623952686052,0.0140172825248986,13.5756217934383,1.94909664112013,1.89889481652158,0,0,5.87465565999349,829.308124026284,"Cropland_Minimal use","Cropland","Minimal use","AD1_2008__Billeter 17","AD1_2008__Billeter 17 E-VIH","58.5583532067,25.0386301326","pit-fall traps","AD1_2008__Billeter 17 E-VIH 30",6.06842558824411,431,431,1,"Estonia","2001","individuals"
0,16.8213014227634,18.5163033086314,0,64.6623952686052,0.0140172825248986,13.5756217934383,1.94909664112013,1.89889481652158,0,0,5.87465565999349,829.308124026284,"Cropland_Minimal use","Cropland","Minimal use","AD1_2008__Billeter 17","AD1_2008__Billeter 17 E-VIH","58.5751226435,25.0408114422","pit-fall traps","AD1_2008__Billeter 17 E-VIH 31",5.76832099579377,319,319,1,"Estonia","2001","individuals"
0,16.8213014227634,18.5163033086314,0,64.6623952686052,0.0140172825248986,13.5756217934383,1.94909664112013,1.89889481652158,0,0,5.87465565999349,829.308124026284,"Cropland_Minimal use","Cropland","Minimal use","AD1_2008__Billeter 17","AD1_2008__Billeter 17 E-VIH","58.5660300158,25.0465575942","pit-fall traps","AD1_2008__Billeter 17 E-VIH 32",6.0591231955818,427,427,1,"Estonia","2001","individuals"
2.58965253742541,0,10.9230665999469,0.150987536933014,86.3362933256946,0.309211406681246,23.6595027397135,1.90731726837402,3.42866215334763,0,0,5.80285465388126,878.796979049996,"Cropland_Intense use","Cropland","Intense use","AD1_2008__Billeter 17","AD1_2008__Billeter 17 E-VII","58.3414781913,25.6118045831","pit-fall traps","AD1_2008__Billeter 17 E-VII 33",5.9295891433899,375,375,1,"Estonia","2001","individuals"
2.58965253742541,0,10.9230665999469,0.150987536933014,86.3362933256946,0.309211406681246,23.6595027397135,1.90731726837402,3.42866215334763,0,0,5.80285465388126,878.796979049996,"Cropland_Intense use","Cropland","Intense use","AD1_2008__Billeter 17","AD1_2008__Billeter 17 E-VII","58.3322552878,25.6115460303","pit-fall traps","AD1_2008__Billeter 17 E-VII 34",5.40717177146012,222,222,1,"Estonia","2001","individuals"
2.58965253742541,0,10.9230665999469,0.150987536933014,86.3362933256946,0.309211406681246,23.6595027397135,1.90731726837402,3.42866215334763,0,0,5.80285465388126,878.796979049996,"Cropland_Intense use","Cropland","Intense use","AD1_2008__Billeter 17","AD1_2008__Billeter 17 E-VII","58.3237185588,25.6198097822","pit-fall traps","AD1_2008__Billeter 17 E-VII 35",6.07993319509559,436,436,1,"Estonia","2001","individuals"
2.58965253742541,0,10.9230665999469,0.150987536933014,86.3362933256946,0.309211406681246,23.6595027397135,1.90731726837402,3.42866215334763,0,0,5.80285465388126,878.796979049996,"Cropland_Intense use","Cropland","Intense use","AD1_2008__Billeter 17","AD1_2008__Billeter 17 E-VII","58.349872156,25.6261155521","pit-fall traps","AD1_2008__Billeter 17 E-VII 36",6.76388490856244,865,865,1,"Estonia","2001","individuals"
2.58965253742541,0,10.9230665999469,0.150987536933014,86.3362933256946,0.309211406681246,23.6595027397135,1.90731726837402,3.42866215334763,0,0,5.80285465388126,878.796979049996,"Cropland_Intense use","Cropland","Intense use","AD1_2008__Billeter 17","AD1_2008__Billeter 17 E-VII","58.3155331804,25.6312623158","pit-fall traps","AD1_2008__Billeter 17 E-VII 37",6.11146733950268,450,450,1,"Estonia","2001","individuals"
2.58965253742541,0,10.9230665999469,0.150987536933014,86.3362933256946,0.309211406681246,23.6595027397135,1.90731726837402,3.42866215334763,0,0,5.80285465388126,878.796979049996,"Cropland_Intense use","Cropland","Intense use","AD1_2008__Billeter 17","AD1_2008__Billeter 17 E-VII","58.318453447,25.6314863953","pit-fall traps","AD1_2008__Billeter 17 E-VII 38",5.75890177387728,316,316,1,"Estonia","2001","individuals"
2.58965253742541,0,10.9230665999469,0.150987536933014,86.3362933256946,0.309211406681246,23.6595027397135,1.90731726837402,3.42866215334763,0,0,5.80285465388126,878.796979049996,"Cropland_Intense use","Cropland","Intense use","AD1_2008__Billeter 17","AD1_2008__Billeter 17 E-VII","58.3520795074,25.6375408345","pit-fall traps","AD1_2008__Billeter 17 E-VII 39",6.02102334934953,411,411,1,"Estonia","2001","individuals"
2.58965253742541,0,10.9230665999469,0.150987536933014,86.3362933256946,0.309211406681246,23.6595027397135,1.90731726837402,3.42866215334763,0,0,5.80285465388126,878.796979049996,"Cropland_Intense use","Cropland","Intense use","AD1_2008__Billeter 17","AD1_2008__Billeter 17 E-VII","58.3324587067,25.6384623919","pit-fall traps","AD1_2008__Billeter 17 E-VII 40",5.92692602597041,374,374,1,"Estonia","2001","individuals"
2.58965253742541,0,10.9230665999469,0.150987536933014,86.3362933256946,0.309211406681246,23.6595027397135,1.90731726837402,3.42866215334763,0,0,5.80285465388126,878.796979049996,"Cropland_Intense use","Cropland","Intense use","AD1_2008__Billeter 17","AD1_2008__Billeter 17 E-VII","58.33061855,25.6438172788","pit-fall traps","AD1_2008__Billeter 17 E-VII 41",5.97126183979046,391,391,1,"Estonia","2001","individuals"
2.58965253742541,0,10.9230665999469,0.150987536933014,86.3362933256946,0.309211406681246,23.6595027397135,1.90731726837402,3.42866215334763,0,0,5.80285465388126,878.796979049996,"Cropland_Intense use","Cropland","Intense use","AD1_2008__Billeter 17","AD1_2008__Billeter 17 E-VII","58.338664037,25.6486455228","pit-fall traps","AD1_2008__Billeter 17 E-VII 42",5.66642668811243,288,288,1,"Estonia","2001","individuals"
2.58965253742541,0,10.9230665999469,0.150987536933014,86.3362933256946,0.309211406681246,23.6595027397135,1.90731726837402,3.42866215334763,0,0,5.80285465388126,878.796979049996,"Cropland_Intense use","Cropland","Intense use","AD1_2008__Billeter 17","AD1_2008__Billeter 17 E-VII","58.3329611619,25.6530652474","pit-fall traps","AD1_2008__Billeter 17 E-VII 43",5.26785815906333,193,193,1,"Estonia","2001","individuals"
2.58965253742541,0,10.9230665999469,0.150987536933014,86.3362933256946,0.309211406681246,23.6595027397135,1.90731726837402,3.42866215334763,0,0,5.80285465388126,878.796979049996,"Cropland_Intense use","Cropland","Intense use","AD1_2008__Billeter 17","AD1_2008__Billeter 17 E-VII","58.3492262649,25.6571538877","pit-fall traps","AD1_2008__Billeter 17 E-VII 44",6.24997524225948,517,517,1,"Estonia","2001","individuals"
2.58965253742541,0,10.9230665999469,0.150987536933014,86.3362933256946,0.309211406681246,23.6595027397135,1.90731726837402,3.42866215334763,0,0,5.80285465388126,878.796979049996,"Cropland_Intense use","Cropland","Intense use","AD1_2008__Billeter 17","AD1_2008__Billeter 17 E-VII","58.3190897196,25.6582894742","pit-fall traps","AD1_2008__Billeter 17 E-VII 45",5.97888576490112,394,394,1,"Estonia","2001","individuals"
2.58965253742541,0,10.9230665999469,0.150987536933014,86.3362933256946,0.309211406681246,23.6595027397135,1.90731726837402,3.42866215334763,0,0,5.80285465388126,878.796979049996,"Cropland_Intense use","Cropland","Intense use","AD1_2008__Billeter 17","AD1_2008__Billeter 17 E-VII","58.3420212332,25.6638678695","pit-fall traps","AD1_2008__Billeter 17 E-VII 46",5.40717177146012,222,222,1,"Estonia","2001","individuals"
2.58965253742541,0,10.9230665999469,0.150987536933014,86.3362933256946,0.309211406681246,23.6595027397135,1.90731726837402,3.42866215334763,0,0,5.80285465388126,878.796979049996,"Cropland_Intense use","Cropland","Intense use","AD1_2008__Billeter 17","AD1_2008__Billeter 17 E-VII","58.3360830337,25.6715824567","pit-fall traps","AD1_2008__Billeter 17 E-VII 47",5.42934562895444,227,227,1,"Estonia","2001","individuals"
2.58965253742541,0,10.9230665999469,0.150987536933014,86.3362933256946,0.309211406681246,23.6595027397135,1.90731726837402,3.42866215334763,0,0,5.80285465388126,878.796979049996,"Cropland_Intense use","Cropland","Intense use","AD1_2008__Billeter 17","AD1_2008__Billeter 17 E-VII","58.3270635307,25.6737442795","pit-fall traps","AD1_2008__Billeter 17 E-VII 48",5.97126183979046,391,391,1,"Estonia","2001","individuals"
0,0,0,11.7817014446228,88.2182985553772,0.176424643825157,21.7204154316043,1.85331895225405,1.59904624835497,0,100,5.87101038627326,817.177198980004,"Cropland_Intense use","Cropland","Intense use","AD1_2008__Billeter 17","AD1_2008__Billeter 17 E-VMA","59.1721693164,26.2500475072","pit-fall traps","AD1_2008__Billeter 17 E-VMA 49",5.82304589548302,337,337,1,"Estonia","2001","individuals"
0,0,0,11.7817014446228,88.2182985553772,0.176424643825157,21.7204154316043,1.85331895225405,1.59904624835497,0,100,5.87101038627326,817.177198980004,"Cropland_Intense use","Cropland","Intense use","AD1_2008__Billeter 17","AD1_2008__Billeter 17 E-VMA","59.142666467,26.2496864536","pit-fall traps","AD1_2008__Billeter 17 E-VMA 50",6.3491389913798,571,571,1,"Estonia","2001","individuals"
0,0,0,11.7817014446228,88.2182985553772,0.176424643825157,21.7204154316043,1.85331895225405,1.59904624835497,0,100,5.87101038627326,817.177198980004,"Cropland_Intense use","Cropland","Intense use","AD1_2008__Billeter 17","AD1_2008__Billeter 17 E-VMA","59.1582092174,26.2524142975","pit-fall traps","AD1_2008__Billeter 17 E-VMA 51",6.18001665365257,482,482,1,"Estonia","2001","individuals"
0,0,0,11.7817014446228,88.2182985553772,0.176424643825157,21.7204154316043,1.85331895225405,1.59904624835497,0,100,5.87101038627326,817.177198980004,"Cropland_Intense use","Cropland","Intense use","AD1_2008__Billeter 17","AD1_2008__Billeter 17 E-VMA","59.1505187186,26.2552310023","pit-fall traps","AD1_2008__Billeter 17 E-VMA 52",6.41673228251233,611,611,1,"Estonia","2001","individuals"
0,0,0,11.7817014446228,88.2182985553772,0.176424643825157,21.7204154316043,1.85331895225405,1.59904624835497,0,100,5.87101038627326,817.177198980004,"Cropland_Intense use","Cropland","Intense use","AD1_2008__Billeter 17","AD1_2008__Billeter 17 E-VMA","59.1696040828,26.2654982463","pit-fall traps","AD1_2008__Billeter 17 E-VMA 53",6.89162589705225,983,983,1,"Estonia","2001","individuals"
0,0,0,11.7817014446228,88.2182985553772,0.176424643825157,21.7204154316043,1.85331895225405,1.59904624835497,0,100,5.87101038627326,817.177198980004,"Cropland_Intense use","Cropland","Intense use","AD1_2008__Billeter 17","AD1_2008__Billeter 17 E-VMA","59.1539112842,26.2717362494","pit-fall traps","AD1_2008__Billeter 17 E-VMA 54",6.53524127101366,688,688,1,"Estonia","2001","individuals"
0,0,0,11.7817014446228,88.2182985553772,0.176424643825157,21.7204154316043,1.85331895225405,1.59904624835497,0,100,5.87101038627326,817.177198980004,"Cropland_Intense use","Cropland","Intense use","AD1_2008__Billeter 17","AD1_2008__Billeter 17 E-VMA","59.1401408294,26.2786157034","pit-fall traps","AD1_2008__Billeter 17 E-VMA 55",6.34388043412633,568,568,1,"Estonia","2001","individuals"
0,0,0,11.7817014446228,88.2182985553772,0.176424643825157,21.7204154316043,1.85331895225405,1.59904624835497,0,100,5.87101038627326,817.177198980004,"Cropland_Intense use","Cropland","Intense use","AD1_2008__Billeter 17","AD1_2008__Billeter 17 E-VMA","59.1630734934,26.2810019276","pit-fall traps","AD1_2008__Billeter 17 E-VMA 56",6.1463292576689,466,466,1,"Estonia","2001","individuals"
0,0,0,11.7817014446228,88.2182985553772,0.176424643825157,21.7204154316043,1.85331895225405,1.59904624835497,0,100,5.87101038627326,817.177198980004,"Cropland_Intense use","Cropland","Intense use","AD1_2008__Billeter 17","AD1_2008__Billeter 17 E-VMA","59.1412088457,26.281048167","pit-fall traps","AD1_2008__Billeter 17 E-VMA 57",6.01126717440416,407,407,1,"Estonia","2001","individuals"
0,0,0,11.7817014446228,88.2182985553772,0.176424643825157,21.7204154316043,1.85331895225405,1.59904624835497,0,100,5.87101038627326,817.177198980004,"Cropland_Intense use","Cropland","Intense use","AD1_2008__Billeter 17","AD1_2008__Billeter 17 E-VMA","59.1482479285,26.2892931568","pit-fall traps","AD1_2008__Billeter 17 E-VMA 58",6.35437004079735,574,574,1,"Estonia","2001","individuals"
0,0,0,11.7817014446228,88.2182985553772,0.176424643825157,21.7204154316043,1.85331895225405,1.59904624835497,0,100,5.87101038627326,817.177198980004,"Cropland_Intense use","Cropland","Intense use","AD1_2008__Billeter 17","AD1_2008__Billeter 17 E-VMA","59.162276999,26.2959152446","pit-fall traps","AD1_2008__Billeter 17 E-VMA 59",6.04973345523196,423,423,1,"Estonia","2001","individuals"
0,0,0,11.7817014446228,88.2182985553772,0.176424643825157,21.7204154316043,1.85331895225405,1.59904624835497,0,100,5.87101038627326,817.177198980004,"Cropland_Intense use","Cropland","Intense use","AD1_2008__Billeter 17","AD1_2008__Billeter 17 E-VMA","59.1676453336,26.2973625114","pit-fall traps","AD1_2008__Billeter 17 E-VMA 60",7.13009851012558,1248,1248,1,"Estonia","2001","individuals"
0,0,0,11.7817014446228,88.2182985553772,0.176424643825157,21.7204154316043,1.85331895225405,1.59904624835497,0,100,5.87101038627326,817.177198980004,"Cropland_Intense use","Cropland","Intense use","AD1_2008__Billeter 17","AD1_2008__Billeter 17 E-VMA","59.1473527489,26.3050538219","pit-fall traps","AD1_2008__Billeter 17 E-VMA 61",6.40687998606931,605,605,1,"Estonia","2001","individuals"
0,0,0,11.7817014446228,88.2182985553772,0.176424643825157,21.7204154316043,1.85331895225405,1.59904624835497,0,100,5.87101038627326,817.177198980004,"Cropland_Intense use","Cropland","Intense use","AD1_2008__Billeter 17","AD1_2008__Billeter 17 E-VMA","59.1460145083,26.3079762828","pit-fall traps","AD1_2008__Billeter 17 E-VMA 62",5.80814248998044,332,332,1,"Estonia","2001","individuals"
0,0,0,11.7817014446228,88.2182985553772,0.176424643825157,21.7204154316043,1.85331895225405,1.59904624835497,0,100,5.87101038627326,817.177198980004,"Cropland_Intense use","Cropland","Intense use","AD1_2008__Billeter 17","AD1_2008__Billeter 17 E-VMA","59.1621849277,26.3094084034","pit-fall traps","AD1_2008__Billeter 17 E-VMA 63",6.58892647753352,726,726,1,"Estonia","2001","individuals"
0,0,0,11.7817014446228,88.2182985553772,0.176424643825157,21.7204154316043,1.85331895225405,1.59904624835497,0,100,5.87101038627326,817.177198980004,"Cropland_Intense use","Cropland","Intense use","AD1_2008__Billeter 17","AD1_2008__Billeter 17 E-VMA","59.1671361669,26.311064366","pit-fall traps","AD1_2008__Billeter 17 E-VMA 64",6.7202201551353,828,828,1,"Estonia","2001","individuals"
0,0,0,0,96.1615353858457,0.491129962248418,49.8637657165527,2.48568606376648,2.60451437750645,0,0,11.4542455037435,849.641250446439,"Cropland_Intense use","Cropland","Intense use","AD1_2008__Billeter 18","AD1_2008__Billeter 18 F-AL","48.51489559,-2.55067899279","pit-fall traps","AD1_2008__Billeter 18 F-AL 1",6.14846829591765,467,467,1,"France","2001","individuals"
0,0,0,0,96.1615353858457,0.491129962248418,49.8637657165527,2.48568606376648,2.60451437750645,0,0,11.4542455037435,849.641250446439,"Cropland_Intense use","Cropland","Intense use","AD1_2008__Billeter 18","AD1_2008__Billeter 18 F-AL","48.52751173,-2.54990413828","pit-fall traps","AD1_2008__Billeter 18 F-AL 2",5.08759633523238,161,161,1,"France","2001","individuals"
0,0,0,0,96.1615353858457,0.491129962248418,49.8637657165527,2.48568606376648,2.60451437750645,0,0,11.4542455037435,849.641250446439,"Cropland_Intense use","Cropland","Intense use","AD1_2008__Billeter 18","AD1_2008__Billeter 18 F-AL","48.53674922,-2.54927518837","pit-fall traps","AD1_2008__Billeter 18 F-AL 3",5.4249500174814,226,226,1,"France","2001","individuals"
0,0,0,0,96.1615353858457,0.491129962248418,49.8637657165527,2.48568606376648,2.60451437750645,0,0,11.4542455037435,849.641250446439,"Cropland_Intense use","Cropland","Intense use","AD1_2008__Billeter 18","AD1_2008__Billeter 18 F-AL","48.52467278,-2.54754808253","pit-fall traps","AD1_2008__Billeter 18 F-AL 4",5.60947179518496,272,272,1,"France","2001","individuals"
0,0,0,0,96.1615353858457,0.491129962248418,49.8637657165527,2.48568606376648,2.60451437750645,0,0,11.4542455037435,849.641250446439,"Cropland_Intense use","Cropland","Intense use","AD1_2008__Billeter 18","AD1_2008__Billeter 18 F-AL","48.52361726,-2.53425573524","pit-fall traps","AD1_2008__Billeter 18 F-AL 5",5.74300318780948,311,311,1,"France","2001","individuals"
0,0,0,0,96.1615353858457,0.491129962248418,49.8637657165527,2.48568606376648,2.60451437750645,0,0,11.4542455037435,849.641250446439,"Cropland_Intense use","Cropland","Intense use","AD1_2008__Billeter 18","AD1_2008__Billeter 18 F-AL","48.51276132,-2.53262329223","pit-fall traps","AD1_2008__Billeter 18 F-AL 6",5.64897423816121,283,283,1,"France","2001","individuals"
0,0,0,0,96.1615353858457,0.491129962248418,49.8637657165527,2.48568606376648,2.60451437750645,0,0,11.4542455037435,849.641250446439,"Cropland_Intense use","Cropland","Intense use","AD1_2008__Billeter 18","AD1_2008__Billeter 18 F-AL","48.52979499,-2.53273609827","pit-fall traps","AD1_2008__Billeter 18 F-AL 7",5.37989735354046,216,216,1,"France","2001","individuals"
0,0,0,0,96.1615353858457,0.491129962248418,49.8637657165527,2.48568606376648,2.60451437750645,0,0,11.4542455037435,849.641250446439,"Cropland_Intense use","Cropland","Intense use","AD1_2008__Billeter 18","AD1_2008__Billeter 18 F-AL","48.53550519,-2.52940035235","pit-fall traps","AD1_2008__Billeter 18 F-AL 8",6.06842558824411,431,431,1,"France","2001","individuals"
0,0,0,0,96.1615353858457,0.491129962248418,49.8637657165527,2.48568606376648,2.60451437750645,0,0,11.4542455037435,849.641250446439,"Cropland_Intense use","Cropland","Intense use","AD1_2008__Billeter 18","AD1_2008__Billeter 18 F-AL","48.52437918,-2.5231315123","pit-fall traps","AD1_2008__Billeter 18 F-AL 9",5.39816270151775,220,220,1,"France","2001","individuals"
0,0,0,0,96.1615353858457,0.491129962248418,49.8637657165527,2.48568606376648,2.60451437750645,0,0,11.4542455037435,849.641250446439,"Cropland_Intense use","Cropland","Intense use","AD1_2008__Billeter 18","AD1_2008__Billeter 18 F-AL","48.54393909,-2.51861501406","pit-fall traps","AD1_2008__Billeter 18 F-AL 10",4.97673374242057,144,144,1,"France","2001","individuals"
0,0,0,0,96.1615353858457,0.491129962248418,49.8637657165527,2.48568606376648,2.60451437750645,0,0,11.4542455037435,849.641250446439,"Cropland_Intense use","Cropland","Intense use","AD1_2008__Billeter 18","AD1_2008__Billeter 18 F-AL","48.51276676,-2.51396241671","pit-fall traps","AD1_2008__Billeter 18 F-AL 11",5.85793315448346,349,349,1,"France","2001","individuals"
0,0,0,0,96.1615353858457,0.491129962248418,49.8637657165527,2.48568606376648,2.60451437750645,0,0,11.4542455037435,849.641250446439,"Cropland_Intense use","Cropland","Intense use","AD1_2008__Billeter 18","AD1_2008__Billeter 18 F-AL","48.53446671,-2.51506746523","pit-fall traps","AD1_2008__Billeter 18 F-AL 12",6.04737217904628,422,422,1,"France","2001","individuals"
0,0,0,0,96.1615353858457,0.491129962248418,49.8637657165527,2.48568606376648,2.60451437750645,0,0,11.4542455037435,849.641250446439,"Cropland_Intense use","Cropland","Intense use","AD1_2008__Billeter 18","AD1_2008__Billeter 18 F-AL","48.54030253,-2.5140203004","pit-fall traps","AD1_2008__Billeter 18 F-AL 13",6.4425401664682,627,627,1,"France","2001","individuals"
0,0,0,0,96.1615353858457,0.491129962248418,49.8637657165527,2.48568606376648,2.60451437750645,0,0,11.4542455037435,849.641250446439,"Cropland_Intense use","Cropland","Intense use","AD1_2008__Billeter 18","AD1_2008__Billeter 18 F-AL","48.52809865,-2.50679023962","pit-fall traps","AD1_2008__Billeter 18 F-AL 14",6.10031895202006,445,445,1,"France","2001","individuals"
0,0,0,0,96.1615353858457,0.491129962248418,49.8637657165527,2.48568606376648,2.60451437750645,0,0,11.4542455037435,849.641250446439,"Cropland_Intense use","Cropland","Intense use","AD1_2008__Billeter 18","AD1_2008__Billeter 18 F-AL","48.52164282,-2.50173998648","pit-fall traps","AD1_2008__Billeter 18 F-AL 15",6.33859407820318,565,565,1,"France","2001","individuals"
0,0,0,0,96.1615353858457,0.491129962248418,49.8637657165527,2.48568606376648,2.60451437750645,0,0,11.4542455037435,849.641250446439,"Cropland_Intense use","Cropland","Intense use","AD1_2008__Billeter 18","AD1_2008__Billeter 18 F-AL","48.51757519,-2.49860033454","pit-fall traps","AD1_2008__Billeter 18 F-AL 16",5.75574221358691,315,315,1,"France","2001","individuals"
0,0,0,7.24762726488352,92.7523727351165,0.309911089965126,30.9385643005371,2.37368869781494,2.15257270119732,0,0,11.5698053995769,1001.46581814624,"Cropland_Minimal use","Cropland","Minimal use","AD1_2008__Billeter 18","AD1_2008__Billeter 18 F-FOD","48.45551876,-1.63992344326","pit-fall traps","AD1_2008__Billeter 18 F-FOD 17",5.66296048013595,287,287,1,"France","2001","individuals"
0,0,0,7.24762726488352,92.7523727351165,0.309911089965126,30.9385643005371,2.37368869781494,2.15257270119732,0,0,11.5698053995769,1001.46581814624,"Cropland_Minimal use","Cropland","Minimal use","AD1_2008__Billeter 18","AD1_2008__Billeter 18 F-FOD","48.4685574,-1.63820796837","pit-fall traps","AD1_2008__Billeter 18 F-FOD 18",6.59850902861452,733,733,1,"France","2001","individuals"
0,0,0,7.24762726488352,92.7523727351165,0.309911089965126,30.9385643005371,2.37368869781494,2.15257270119732,0,0,11.5698053995769,1001.46581814624,"Cropland_Minimal use","Cropland","Minimal use","AD1_2008__Billeter 18","AD1_2008__Billeter 18 F-FOD","48.48343022,-1.63732289918","pit-fall traps","AD1_2008__Billeter 18 F-FOD 19",7.57455848420248,1947,1947,1,"France","2001","individuals"
0,0,0,7.24762726488352,92.7523727351165,0.309911089965126,30.9385643005371,2.37368869781494,2.15257270119732,0,0,11.5698053995769,1001.46581814624,"Cropland_Minimal use","Cropland","Minimal use","AD1_2008__Billeter 18","AD1_2008__Billeter 18 F-FOD","48.47533714,-1.6330269014","pit-fall traps","AD1_2008__Billeter 18 F-FOD 20",5.52146091786225,249,249,1,"France","2001","individuals"
0,0,0,7.24762726488352,92.7523727351165,0.309911089965126,30.9385643005371,2.37368869781494,2.15257270119732,0,0,11.5698053995769,1001.46581814624,"Cropland_Minimal use","Cropland","Minimal use","AD1_2008__Billeter 18","AD1_2008__Billeter 18 F-FOD","48.45762079,-1.62822000144","pit-fall traps","AD1_2008__Billeter 18 F-FOD 21",6.55961523749324,705,705,1,"France","2001","individuals"
0,0,0,7.24762726488352,92.7523727351165,0.309911089965126,30.9385643005371,2.37368869781494,2.15257270119732,0,0,11.5698053995769,1001.46581814624,"Cropland_Minimal use","Cropland","Minimal use","AD1_2008__Billeter 18","AD1_2008__Billeter 18 F-FOD","48.47104389,-1.62466338675","pit-fall traps","AD1_2008__Billeter 18 F-FOD 22",5.75574221358691,315,315,1,"France","2001","individuals"
0,0,0,7.24762726488352,92.7523727351165,0.309911089965126,30.9385643005371,2.37368869781494,2.15257270119732,0,0,11.5698053995769,1001.46581814624,"Cropland_Minimal use","Cropland","Minimal use","AD1_2008__Billeter 18","AD1_2008__Billeter 18 F-FOD","48.48282504,-1.62480080495","pit-fall traps","AD1_2008__Billeter 18 F-FOD 23",4.96284463025991,142,142,1,"France","2001","individuals"
0,0,0,7.24762726488352,92.7523727351165,0.309911089965126,30.9385643005371,2.37368869781494,2.15257270119732,0,0,11.5698053995769,1001.46581814624,"Cropland_Minimal use","Cropland","Minimal use","AD1_2008__Billeter 18","AD1_2008__Billeter 18 F-FOD","48.4626476,-1.62280860394","pit-fall traps","AD1_2008__Billeter 18 F-FOD 24",5.63121178182137,278,278,1,"France","2001","individuals"
0,0,0,7.24762726488352,92.7523727351165,0.309911089965126,30.9385643005371,2.37368869781494,2.15257270119732,0,0,11.5698053995769,1001.46581814624,"Cropland_Minimal use","Cropland","Minimal use","AD1_2008__Billeter 18","AD1_2008__Billeter 18 F-FOD","48.46253083,-1.61391957622","pit-fall traps","AD1_2008__Billeter 18 F-FOD 25",6.04737217904628,422,422,1,"France","2001","individuals"
0,0,0,7.24762726488352,92.7523727351165,0.309911089965126,30.9385643005371,2.37368869781494,2.15257270119732,0,0,11.5698053995769,1001.46581814624,"Cropland_Minimal use","Cropland","Minimal use","AD1_2008__Billeter 18","AD1_2008__Billeter 18 F-FOD","48.47423438,-1.61423176657","pit-fall traps","AD1_2008__Billeter 18 F-FOD 26",5.87493073085203,355,355,1,"France","2001","individuals"
0,0,0,7.24762726488352,92.7523727351165,0.309911089965126,30.9385643005371,2.37368869781494,2.15257270119732,0,0,11.5698053995769,1001.46581814624,"Cropland_Minimal use","Cropland","Minimal use","AD1_2008__Billeter 18","AD1_2008__Billeter 18 F-FOD","48.4881549,-1.61228144482","pit-fall traps","AD1_2008__Billeter 18 F-FOD 27",4.40671924726425,81,81,1,"France","2001","individuals"
0,0,0,7.24762726488352,92.7523727351165,0.309911089965126,30.9385643005371,2.37368869781494,2.15257270119732,0,0,11.5698053995769,1001.46581814624,"Cropland_Minimal use","Cropland","Minimal use","AD1_2008__Billeter 18","AD1_2008__Billeter 18 F-FOD","48.45341519,-1.60733475733","pit-fall traps","AD1_2008__Billeter 18 F-FOD 28",6.15060276844628,468,468,1,"France","2001","individuals"
0,0,0,7.24762726488352,92.7523727351165,0.309911089965126,30.9385643005371,2.37368869781494,2.15257270119732,0,0,11.5698053995769,1001.46581814624,"Cropland_Minimal use","Cropland","Minimal use","AD1_2008__Billeter 18","AD1_2008__Billeter 18 F-FOD","48.45914077,-1.59799589492","pit-fall traps","AD1_2008__Billeter 18 F-FOD 29",5.68697535633982,294,294,1,"France","2001","individuals"
0,0,0,7.24762726488352,92.7523727351165,0.309911089965126,30.9385643005371,2.37368869781494,2.15257270119732,0,0,11.5698053995769,1001.46581814624,"Cropland_Minimal use","Cropland","Minimal use","AD1_2008__Billeter 18","AD1_2008__Billeter 18 F-FOD","48.48172922,-1.59823268746","pit-fall traps","AD1_2008__Billeter 18 F-FOD 30",4.89034912822175,132,132,1,"France","2001","individuals"
0,0,0,7.24762726488352,92.7523727351165,0.309911089965126,30.9385643005371,2.37368869781494,2.15257270119732,0,0,11.5698053995769,1001.46581814624,"Cropland_Minimal use","Cropland","Minimal use","AD1_2008__Billeter 18","AD1_2008__Billeter 18 F-FOD","48.46980795,-1.59107453031","pit-fall traps","AD1_2008__Billeter 18 F-FOD 31",4.70048036579242,109,109,1,"France","2001","individuals"
0,0,0,7.24762726488352,92.7523727351165,0.309911089965126,30.9385643005371,2.37368869781494,2.15257270119732,0,0,11.5698053995769,1001.46581814624,"Cropland_Minimal use","Cropland","Minimal use","AD1_2008__Billeter 18","AD1_2008__Billeter 18 F-FOD","48.4721532,-1.5903651742","pit-fall traps","AD1_2008__Billeter 18 F-FOD 32",5.34233425196481,208,208,1,"France","2001","individuals"
0.0952758506298434,0,0,6.30377025429862,93.6009538950715,0.552991774662454,42.6855621337891,2.34563159942627,2.47878274601846,5.87398355740644,0,11.5698053995769,1001.46581814624,"Cropland_Light use","Cropland","Light use","AD1_2008__Billeter 18","AD1_2008__Billeter 18 F-FOO","48.54059296,-1.6106632369","pit-fall traps","AD1_2008__Billeter 18 F-FOO 33",4.99043258677874,146,146,1,"France","2001","individuals"
0.0952758506298434,0,0,6.30377025429862,93.6009538950715,0.552991774662454,42.6855621337891,2.34563159942627,2.47878274601846,5.87398355740644,0,11.5698053995769,1001.46581814624,"Cropland_Light use","Cropland","Light use","AD1_2008__Billeter 18","AD1_2008__Billeter 18 F-FOO","48.52280018,-1.60830690511","pit-fall traps","AD1_2008__Billeter 18 F-FOO 34",5.53733426701854,253,253,1,"France","2001","individuals"
0.0952758506298434,0,0,6.30377025429862,93.6009538950715,0.552991774662454,42.6855621337891,2.34563159942627,2.47878274601846,5.87398355740644,0,11.5698053995769,1001.46581814624,"Cropland_Light use","Cropland","Light use","AD1_2008__Billeter 18","AD1_2008__Billeter 18 F-FOO","48.53968292,-1.60548580507","pit-fall traps","AD1_2008__Billeter 18 F-FOO 35",6.92951677076365,1021,1021,1,"France","2001","individuals"
0.0952758506298434,0,0,6.30377025429862,93.6009538950715,0.552991774662454,42.6855621337891,2.34563159942627,2.47878274601846,5.87398355740644,0,11.5698053995769,1001.46581814624,"Cropland_Light use","Cropland","Light use","AD1_2008__Billeter 18","AD1_2008__Billeter 18 F-FOO","48.55263662,-1.60603556424","pit-fall traps","AD1_2008__Billeter 18 F-FOO 36",5.65599181081985,285,285,1,"France","2001","individuals"
0.0952758506298434,0,0,6.30377025429862,93.6009538950715,0.552991774662454,42.6855621337891,2.34563159942627,2.47878274601846,5.87398355740644,0,11.5698053995769,1001.46581814624,"Cropland_Light use","Cropland","Light use","AD1_2008__Billeter 18","AD1_2008__Billeter 18 F-FOO","48.54232601,-1.59451369942","pit-fall traps","AD1_2008__Billeter 18 F-FOO 37",6.11368217983223,451,451,1,"France","2001","individuals"
0.0952758506298434,0,0,6.30377025429862,93.6009538950715,0.552991774662454,42.6855621337891,2.34563159942627,2.47878274601846,5.87398355740644,0,11.5698053995769,1001.46581814624,"Cropland_Light use","Cropland","Light use","AD1_2008__Billeter 18","AD1_2008__Billeter 18 F-FOO","48.55362518,-1.59279950569","pit-fall traps","AD1_2008__Billeter 18 F-FOO 38",6.21660610108486,500,500,1,"France","2001","individuals"
0.0952758506298434,0,0,6.30377025429862,93.6009538950715,0.552991774662454,42.6855621337891,2.34563159942627,2.47878274601846,5.87398355740644,0,11.5698053995769,1001.46581814624,"Cropland_Light use","Cropland","Light use","AD1_2008__Billeter 18","AD1_2008__Billeter 18 F-FOO","48.53506297,-1.5913563362","pit-fall traps","AD1_2008__Billeter 18 F-FOO 39",5.59471137960184,268,268,1,"France","2001","individuals"
0.0952758506298434,0,0,6.30377025429862,93.6009538950715,0.552991774662454,42.6855621337891,2.34563159942627,2.47878274601846,5.87398355740644,0,11.5698053995769,1001.46581814624,"Cropland_Light use","Cropland","Light use","AD1_2008__Billeter 18","AD1_2008__Billeter 18 F-FOO","48.53091877,-1.58852921303","pit-fall traps","AD1_2008__Billeter 18 F-FOO 40",5.63121178182137,278,278,1,"France","2001","individuals"
0.0952758506298434,0,0,6.30377025429862,93.6009538950715,0.552991774662454,42.6855621337891,2.34563159942627,2.47878274601846,5.87398355740644,0,11.5698053995769,1001.46581814624,"Cropland_Light use","Cropland","Light use","AD1_2008__Billeter 18","AD1_2008__Billeter 18 F-FOO","48.5298424,-1.58035862416","pit-fall traps","AD1_2008__Billeter 18 F-FOO 41",6.68210859744981,797,797,1,"France","2001","individuals"
0.0952758506298434,0,0,6.30377025429862,93.6009538950715,0.552991774662454,42.6855621337891,2.34563159942627,2.47878274601846,5.87398355740644,0,11.5698053995769,1001.46581814624,"Cropland_Light use","Cropland","Light use","AD1_2008__Billeter 18","AD1_2008__Billeter 18 F-FOO","48.53850461,-1.58085660996","pit-fall traps","AD1_2008__Billeter 18 F-FOO 42",4.74493212836325,114,114,1,"France","2001","individuals"
0.0952758506298434,0,0,6.30377025429862,93.6009538950715,0.552991774662454,42.6855621337891,2.34563159942627,2.47878274601846,5.87398355740644,0,11.5698053995769,1001.46581814624,"Cropland_Light use","Cropland","Light use","AD1_2008__Billeter 18","AD1_2008__Billeter 18 F-FOO","48.54731029,-1.58001567497","pit-fall traps","AD1_2008__Billeter 18 F-FOO 43",5.87493073085203,355,355,1,"France","2001","individuals"
0.0952758506298434,0,0,6.30377025429862,93.6009538950715,0.552991774662454,42.6855621337891,2.34563159942627,2.47878274601846,5.87398355740644,0,11.5698053995769,1001.46581814624,"Cropland_Light use","Cropland","Light use","AD1_2008__Billeter 18","AD1_2008__Billeter 18 F-FOO","48.55382532,-1.57939201432","pit-fall traps","AD1_2008__Billeter 18 F-FOO 44",5.8664680569333,352,352,1,"France","2001","individuals"
0.0952758506298434,0,0,6.30377025429862,93.6009538950715,0.552991774662454,42.6855621337891,2.34563159942627,2.47878274601846,5.87398355740644,0,11.5698053995769,1001.46581814624,"Cropland_Light use","Cropland","Light use","AD1_2008__Billeter 18","AD1_2008__Billeter 18 F-FOO","48.55515059,-1.57230699204","pit-fall traps","AD1_2008__Billeter 18 F-FOO 45",6.48004456192665,651,651,1,"France","2001","individuals"
0.0952758506298434,0,0,6.30377025429862,93.6009538950715,0.552991774662454,42.6855621337891,2.34563159942627,2.47878274601846,5.87398355740644,0,11.5698053995769,1001.46581814624,"Cropland_Light use","Cropland","Light use","AD1_2008__Billeter 18","AD1_2008__Billeter 18 F-FOO","48.5455149,-1.56373195588","pit-fall traps","AD1_2008__Billeter 18 F-FOO 46",5.70711026474888,300,300,1,"France","2001","individuals"
0.0952758506298434,0,0,6.30377025429862,93.6009538950715,0.552991774662454,42.6855621337891,2.34563159942627,2.47878274601846,5.87398355740644,0,11.5698053995769,1001.46581814624,"Cropland_Light use","Cropland","Light use","AD1_2008__Billeter 18","AD1_2008__Billeter 18 F-FOO","48.53723226,-1.56249299628","pit-fall traps","AD1_2008__Billeter 18 F-FOO 47",5.56068163101553,259,259,1,"France","2001","individuals"
0.0952758506298434,0,0,6.30377025429862,93.6009538950715,0.552991774662454,42.6855621337891,2.34563159942627,2.47878274601846,5.87398355740644,0,11.5698053995769,1001.46581814624,"Cropland_Light use","Cropland","Light use","AD1_2008__Billeter 18","AD1_2008__Billeter 18 F-FOO","48.52401542,-1.56009494616","pit-fall traps","AD1_2008__Billeter 18 F-FOO 48",5.77455154554441,321,321,1,"France","2001","individuals"
0,0.705360741636439,0,0,99.2946392583636,0.864009834756536,82.6073766390108,2.07351446621151,1.86039095035965,0,100,9.41436920166018,746.059229015373,"Cropland_Intense use","Cropland","Intense use","AD1_2008__Billeter 19","AD1_2008__Billeter 19 D-FRI","51.6027083091,11.6814424734","pit-fall traps","AD1_2008__Billeter 19 D-FRI 1",5.32787616878958,205,205,1,"Germany","2001","individuals"
0,0.705360741636439,0,0,99.2946392583636,0.864009834756536,82.6073766390108,2.07351446621151,1.86039095035965,0,100,9.41436920166018,746.059229015373,"Cropland_Intense use","Cropland","Intense use","AD1_2008__Billeter 19","AD1_2008__Billeter 19 D-FRI","51.6155282599,11.6823861916","pit-fall traps","AD1_2008__Billeter 19 D-FRI 2",6.63856778916652,763,763,1,"Germany","2001","individuals"
0,0.705360741636439,0,0,99.2946392583636,0.864009834756536,82.6073766390108,2.07351446621151,1.86039095035965,0,100,9.41436920166018,746.059229015373,"Cropland_Intense use","Cropland","Intense use","AD1_2008__Billeter 19","AD1_2008__Billeter 19 D-FRI","51.627876138,11.6861450869","pit-fall traps","AD1_2008__Billeter 19 D-FRI 3",6.20253551718792,493,493,1,"Germany","2001","individuals"
0,0.705360741636439,0,0,99.2946392583636,0.864009834756536,82.6073766390108,2.07351446621151,1.86039095035965,0,100,9.41436920166018,746.059229015373,"Cropland_Intense use","Cropland","Intense use","AD1_2008__Billeter 19","AD1_2008__Billeter 19 D-FRI","51.6183696002,11.689146946","pit-fall traps","AD1_2008__Billeter 19 D-FRI 4",5.51342874616498,247,247,1,"Germany","2001","individuals"
0,0.705360741636439,0,0,99.2946392583636,0.864009834756536,82.6073766390108,2.07351446621151,1.86039095035965,0,100,9.41436920166018,746.059229015373,"Cropland_Intense use","Cropland","Intense use","AD1_2008__Billeter 19","AD1_2008__Billeter 19 D-FRI","51.6058226014,11.693837395","pit-fall traps","AD1_2008__Billeter 19 D-FRI 5",5.81413053182507,334,334,1,"Germany","2001","individuals"
0,0.705360741636439,0,0,99.2946392583636,0.864009834756536,82.6073766390108,2.07351446621151,1.86039095035965,0,100,9.41436920166018,746.059229015373,"Cropland_Intense use","Cropland","Intense use","AD1_2008__Billeter 19","AD1_2008__Billeter 19 D-FRI","51.6313758345,11.6960334079","pit-fall traps","AD1_2008__Billeter 19 D-FRI 6",5.65599181081985,285,285,1,"Germany","2001","individuals"
0,0.705360741636439,0,0,99.2946392583636,0.864009834756536,82.6073766390108,2.07351446621151,1.86039095035965,0,100,9.41436920166018,746.059229015373,"Cropland_Intense use","Cropland","Intense use","AD1_2008__Billeter 19","AD1_2008__Billeter 19 D-FRI","51.6119615258,11.702341504","pit-fall traps","AD1_2008__Billeter 19 D-FRI 7",5.34710753071747,209,209,1,"Germany","2001","individuals"
0,0.705360741636439,0,0,99.2946392583636,0.864009834756536,82.6073766390108,2.07351446621151,1.86039095035965,0,100,9.41436920166018,746.059229015373,"Cropland_Intense use","Cropland","Intense use","AD1_2008__Billeter 19","AD1_2008__Billeter 19 D-FRI","51.6194111639,11.7030866912","pit-fall traps","AD1_2008__Billeter 19 D-FRI 8",6.59578051396131,731,731,1,"Germany","2001","individuals"
0,0.705360741636439,0,0,99.2946392583636,0.864009834756536,82.6073766390108,2.07351446621151,1.86039095035965,0,100,9.41436920166018,746.059229015373,"Cropland_Intense use","Cropland","Intense use","AD1_2008__Billeter 19","AD1_2008__Billeter 19 D-FRI","51.6124771285,11.7159080871","pit-fall traps","AD1_2008__Billeter 19 D-FRI 9",5.33271879326537,206,206,1,"Germany","2001","individuals"
0,0.705360741636439,0,0,99.2946392583636,0.864009834756536,82.6073766390108,2.07351446621151,1.86039095035965,0,100,9.41436920166018,746.059229015373,"Cropland_Intense use","Cropland","Intense use","AD1_2008__Billeter 19","AD1_2008__Billeter 19 D-FRI","51.6045833544,11.7201382084","pit-fall traps","AD1_2008__Billeter 19 D-FRI 10",4.93447393313069,138,138,1,"Germany","2001","individuals"
0,0.705360741636439,0,0,99.2946392583636,0.864009834756536,82.6073766390108,2.07351446621151,1.86039095035965,0,100,9.41436920166018,746.059229015373,"Cropland_Intense use","Cropland","Intense use","AD1_2008__Billeter 19","AD1_2008__Billeter 19 D-FRI","51.6209871803,11.7227858493","pit-fall traps","AD1_2008__Billeter 19 D-FRI 11",6.08904487544685,440,440,1,"Germany","2001","individuals"
0,0.705360741636439,0,0,99.2946392583636,0.864009834756536,82.6073766390108,2.07351446621151,1.86039095035965,0,100,9.41436920166018,746.059229015373,"Cropland_Intense use","Cropland","Intense use","AD1_2008__Billeter 19","AD1_2008__Billeter 19 D-FRI","51.6270100571,11.7231824564","pit-fall traps","AD1_2008__Billeter 19 D-FRI 12",5.73334127689775,308,308,1,"Germany","2001","individuals"
0,0.705360741636439,0,0,99.2946392583636,0.864009834756536,82.6073766390108,2.07351446621151,1.86039095035965,0,100,9.41436920166018,746.059229015373,"Cropland_Intense use","Cropland","Intense use","AD1_2008__Billeter 19","AD1_2008__Billeter 19 D-FRI","51.6116317815,11.7266464114","pit-fall traps","AD1_2008__Billeter 19 D-FRI 13",5.99893656194668,402,402,1,"Germany","2001","individuals"
0,0.705360741636439,0,0,99.2946392583636,0.864009834756536,82.6073766390108,2.07351446621151,1.86039095035965,0,100,9.41436920166018,746.059229015373,"Cropland_Intense use","Cropland","Intense use","AD1_2008__Billeter 19","AD1_2008__Billeter 19 D-FRI","51.6321315882,11.7330527127","pit-fall traps","AD1_2008__Billeter 19 D-FRI 14",6.35437004079735,574,574,1,"Germany","2001","individuals"
0,0.705360741636439,0,0,99.2946392583636,0.864009834756536,82.6073766390108,2.07351446621151,1.86039095035965,0,100,9.41436920166018,746.059229015373,"Cropland_Intense use","Cropland","Intense use","AD1_2008__Billeter 19","AD1_2008__Billeter 19 D-FRI","51.6260116107,11.738295267","pit-fall traps","AD1_2008__Billeter 19 D-FRI 15",6.52649485957079,682,682,1,"Germany","2001","individuals"
0,0.705360741636439,0,0,99.2946392583636,0.864009834756536,82.6073766390108,2.07351446621151,1.86039095035965,0,100,9.41436920166018,746.059229015373,"Cropland_Intense use","Cropland","Intense use","AD1_2008__Billeter 19","AD1_2008__Billeter 19 D-FRI","51.6054071585,11.7453790854","pit-fall traps","AD1_2008__Billeter 19 D-FRI 16",5.28826703069454,197,197,1,"Germany","2001","individuals"
0.950656405613401,0,0,0,99.0493435943866,1.64465445766851,99.567153930664,1.66506683826447,2.29822615974533,0,33.4844374829096,8.60479888916018,760.156345902942,"Cropland_Light use","Cropland","Light use","AD1_2008__Billeter 19","AD1_2008__Billeter 19 D-MFL","51.6381071909,11.4082611917","pit-fall traps","AD1_2008__Billeter 19 D-MFL 17",6.17170059741091,478,478,1,"Germany","2001","individuals"
0.950656405613401,0,0,0,99.0493435943866,1.64465445766851,99.567153930664,1.66506683826447,2.29822615974533,0,33.4844374829096,8.60479888916018,760.156345902942,"Cropland_Light use","Cropland","Light use","AD1_2008__Billeter 19","AD1_2008__Billeter 19 D-MFL","51.6202096844,11.4134247949","pit-fall traps","AD1_2008__Billeter 19 D-MFL 18",5.45958551414416,234,234,1,"Germany","2001","individuals"
0.950656405613401,0,0,0,99.0493435943866,1.64465445766851,99.567153930664,1.66506683826447,2.29822615974533,0,33.4844374829096,8.60479888916018,760.156345902942,"Cropland_Light use","Cropland","Light use","AD1_2008__Billeter 19","AD1_2008__Billeter 19 D-MFL","51.6269078236,11.4151769959","pit-fall traps","AD1_2008__Billeter 19 D-MFL 19",5.19849703126583,180,180,1,"Germany","2001","individuals"
0.950656405613401,0,0,0,99.0493435943866,1.64465445766851,99.567153930664,1.66506683826447,2.29822615974533,0,33.4844374829096,8.60479888916018,760.156345902942,"Cropland_Light use","Cropland","Light use","AD1_2008__Billeter 19","AD1_2008__Billeter 19 D-MFL","51.6440262373,11.4164084032","pit-fall traps","AD1_2008__Billeter 19 D-MFL 20",4.96284463025991,142,142,1,"Germany","2001","individuals"
0.950656405613401,0,0,0,99.0493435943866,1.64465445766851,99.567153930664,1.66506683826447,2.29822615974533,0,33.4844374829096,8.60479888916018,760.156345902942,"Cropland_Light use","Cropland","Light use","AD1_2008__Billeter 19","AD1_2008__Billeter 19 D-MFL","51.6461938998,11.4241533917","pit-fall traps","AD1_2008__Billeter 19 D-MFL 21",5.29831736654804,199,199,1,"Germany","2001","individuals"
0.950656405613401,0,0,0,99.0493435943866,1.64465445766851,99.567153930664,1.66506683826447,2.29822615974533,0,33.4844374829096,8.60479888916018,760.156345902942,"Cropland_Light use","Cropland","Light use","AD1_2008__Billeter 19","AD1_2008__Billeter 19 D-MFL","51.6207005719,11.4268692123","pit-fall traps","AD1_2008__Billeter 19 D-MFL 22",5.63121178182137,278,278,1,"Germany","2001","individuals"
0.950656405613401,0,0,0,99.0493435943866,1.64465445766851,99.567153930664,1.66506683826447,2.29822615974533,0,33.4844374829096,8.60479888916018,760.156345902942,"Cropland_Light use","Cropland","Light use","AD1_2008__Billeter 19","AD1_2008__Billeter 19 D-MFL","51.626280687,11.4278466831","pit-fall traps","AD1_2008__Billeter 19 D-MFL 23",5.71042701737487,301,301,1,"Germany","2001","individuals"
0.950656405613401,0,0,0,99.0493435943866,1.64465445766851,99.567153930664,1.66506683826447,2.29822615974533,0,33.4844374829096,8.60479888916018,760.156345902942,"Cropland_Light use","Cropland","Light use","AD1_2008__Billeter 19","AD1_2008__Billeter 19 D-MFL","51.630890455,11.4323192756","pit-fall traps","AD1_2008__Billeter 19 D-MFL 24",5.65599181081985,285,285,1,"Germany","2001","individuals"
0.950656405613401,0,0,0,99.0493435943866,1.64465445766851,99.567153930664,1.66506683826447,2.29822615974533,0,33.4844374829096,8.60479888916018,760.156345902942,"Cropland_Light use","Cropland","Light use","AD1_2008__Billeter 19","AD1_2008__Billeter 19 D-MFL","51.6444355423,11.4373013865","pit-fall traps","AD1_2008__Billeter 19 D-MFL 25",5.65948221575962,286,286,1,"Germany","2001","individuals"
0.950656405613401,0,0,0,99.0493435943866,1.64465445766851,99.567153930664,1.66506683826447,2.29822615974533,0,33.4844374829096,8.60479888916018,760.156345902942,"Cropland_Light use","Cropland","Light use","AD1_2008__Billeter 19","AD1_2008__Billeter 19 D-MFL","51.6252098169,11.4404233714","pit-fall traps","AD1_2008__Billeter 19 D-MFL 26",5.26785815906333,193,193,1,"Germany","2001","individuals"
0.950656405613401,0,0,0,99.0493435943866,1.64465445766851,99.567153930664,1.66506683826447,2.29822615974533,0,33.4844374829096,8.60479888916018,760.156345902942,"Cropland_Light use","Cropland","Light use","AD1_2008__Billeter 19","AD1_2008__Billeter 19 D-MFL","51.6177779801,11.4406683004","pit-fall traps","AD1_2008__Billeter 19 D-MFL 27",6.57507584059962,716,716,1,"Germany","2001","individuals"
0.950656405613401,0,0,0,99.0493435943866,1.64465445766851,99.567153930664,1.66506683826447,2.29822615974533,0,33.4844374829096,8.60479888916018,760.156345902942,"Cropland_Light use","Cropland","Light use","AD1_2008__Billeter 19","AD1_2008__Billeter 19 D-MFL","51.633487269,11.4452203226","pit-fall traps","AD1_2008__Billeter 19 D-MFL 28",5.46806014113513,236,236,1,"Germany","2001","individuals"
0.950656405613401,0,0,0,99.0493435943866,1.64465445766851,99.567153930664,1.66506683826447,2.29822615974533,0,33.4844374829096,8.60479888916018,760.156345902942,"Cropland_Light use","Cropland","Light use","AD1_2008__Billeter 19","AD1_2008__Billeter 19 D-MFL","51.6220324092,11.4579880779","pit-fall traps","AD1_2008__Billeter 19 D-MFL 29",4.68213122712422,107,107,1,"Germany","2001","individuals"
0.950656405613401,0,0,0,99.0493435943866,1.64465445766851,99.567153930664,1.66506683826447,2.29822615974533,0,33.4844374829096,8.60479888916018,760.156345902942,"Cropland_Light use","Cropland","Light use","AD1_2008__Billeter 19","AD1_2008__Billeter 19 D-MFL","51.6337558564,11.4588699695","pit-fall traps","AD1_2008__Billeter 19 D-MFL 30",5.15905529921453,173,173,1,"Germany","2001","individuals"
0.950656405613401,0,0,0,99.0493435943866,1.64465445766851,99.567153930664,1.66506683826447,2.29822615974533,0,33.4844374829096,8.60479888916018,760.156345902942,"Cropland_Light use","Cropland","Light use","AD1_2008__Billeter 19","AD1_2008__Billeter 19 D-MFL","51.6412450156,11.4609080557","pit-fall traps","AD1_2008__Billeter 19 D-MFL 31",5.91889385427315,371,371,1,"Germany","2001","individuals"
0.950656405613401,0,0,0,99.0493435943866,1.64465445766851,99.567153930664,1.66506683826447,2.29822615974533,0,33.4844374829096,8.60479888916018,760.156345902942,"Cropland_Light use","Cropland","Light use","AD1_2008__Billeter 19","AD1_2008__Billeter 19 D-MFL","51.623197865,11.4650204953","pit-fall traps","AD1_2008__Billeter 19 D-MFL 32",4.99043258677874,146,146,1,"Germany","2001","individuals"
0,0,0,0,99.9288002847989,0.848977059511159,82.9958114624023,2.33101654052734,2.29612892581711,0,100,9.27000071207686,744.109911727719,"Cropland_Intense use","Cropland","Intense use","AD1_2008__Billeter 19","AD1_2008__Billeter 19 D-QFP","51.3684423136,11.7026022548","pit-fall traps","AD1_2008__Billeter 19 D-QFP 33",5.98393628068719,396,396,1,"Germany","2001","individuals"
0,0,0,0,99.9288002847989,0.848977059511159,82.9958114624023,2.33101654052734,2.29612892581711,0,100,9.27000071207686,744.109911727719,"Cropland_Intense use","Cropland","Intense use","AD1_2008__Billeter 19","AD1_2008__Billeter 19 D-QFP","51.3924154581,11.7031904522","pit-fall traps","AD1_2008__Billeter 19 D-QFP 34",6.83410873881384,928,928,1,"Germany","2001","individuals"
0,0,0,0,99.9288002847989,0.848977059511159,82.9958114624023,2.33101654052734,2.29612892581711,0,100,9.27000071207686,744.109911727719,"Cropland_Intense use","Cropland","Intense use","AD1_2008__Billeter 19","AD1_2008__Billeter 19 D-QFP","51.3632528782,11.7050297693","pit-fall traps","AD1_2008__Billeter 19 D-QFP 35",7.32712329225929,1520,1520,1,"Germany","2001","individuals"
0,0,0,0,99.9288002847989,0.848977059511159,82.9958114624023,2.33101654052734,2.29612892581711,0,100,9.27000071207686,744.109911727719,"Cropland_Intense use","Cropland","Intense use","AD1_2008__Billeter 19","AD1_2008__Billeter 19 D-QFP","51.3798193592,11.7066579531","pit-fall traps","AD1_2008__Billeter 19 D-QFP 36",6.17378610390194,479,479,1,"Germany","2001","individuals"
0,0,0,0,99.9288002847989,0.848977059511159,82.9958114624023,2.33101654052734,2.29612892581711,0,100,9.27000071207686,744.109911727719,"Cropland_Intense use","Cropland","Intense use","AD1_2008__Billeter 19","AD1_2008__Billeter 19 D-QFP","51.3899800102,11.7143967701","pit-fall traps","AD1_2008__Billeter 19 D-QFP 37",6.1463292576689,466,466,1,"Germany","2001","individuals"
0,0,0,0,99.9288002847989,0.848977059511159,82.9958114624023,2.33101654052734,2.29612892581711,0,100,9.27000071207686,744.109911727719,"Cropland_Intense use","Cropland","Intense use","AD1_2008__Billeter 19","AD1_2008__Billeter 19 D-QFP","51.3666097451,11.719302956","pit-fall traps","AD1_2008__Billeter 19 D-QFP 38",5.78382518232974,324,324,1,"Germany","2001","individuals"
0,0,0,0,99.9288002847989,0.848977059511159,82.9958114624023,2.33101654052734,2.29612892581711,0,100,9.27000071207686,744.109911727719,"Cropland_Intense use","Cropland","Intense use","AD1_2008__Billeter 19","AD1_2008__Billeter 19 D-QFP","51.3824882431,11.7206399003","pit-fall traps","AD1_2008__Billeter 19 D-QFP 39",5.70044357339069,298,298,1,"Germany","2001","individuals"
0,0,0,0,99.9288002847989,0.848977059511159,82.9958114624023,2.33101654052734,2.29612892581711,0,100,9.27000071207686,744.109911727719,"Cropland_Intense use","Cropland","Intense use","AD1_2008__Billeter 19","AD1_2008__Billeter 19 D-QFP","51.3720614805,11.7234985878","pit-fall traps","AD1_2008__Billeter 19 D-QFP 40",4.969813299576,143,143,1,"Germany","2001","individuals"
0,0,0,0,99.9288002847989,0.848977059511159,82.9958114624023,2.33101654052734,2.29612892581711,0,100,9.27000071207686,744.109911727719,"Cropland_Intense use","Cropland","Intense use","AD1_2008__Billeter 19","AD1_2008__Billeter 19 D-QFP","51.3796287765,11.7308500742","pit-fall traps","AD1_2008__Billeter 19 D-QFP 41",6.09807428216624,444,444,1,"Germany","2001","individuals"
0,0,0,0,99.9288002847989,0.848977059511159,82.9958114624023,2.33101654052734,2.29612892581711,0,100,9.27000071207686,744.109911727719,"Cropland_Intense use","Cropland","Intense use","AD1_2008__Billeter 19","AD1_2008__Billeter 19 D-QFP","51.3878362185,11.7308649144","pit-fall traps","AD1_2008__Billeter 19 D-QFP 42",6.83625927727707,930,930,1,"Germany","2001","individuals"
0,0,0,0,99.9288002847989,0.848977059511159,82.9958114624023,2.33101654052734,2.29612892581711,0,100,9.27000071207686,744.109911727719,"Cropland_Intense use","Cropland","Intense use","AD1_2008__Billeter 19","AD1_2008__Billeter 19 D-QFP","51.3682893868,11.7309983559","pit-fall traps","AD1_2008__Billeter 19 D-QFP 43",6.56807791141198,711,711,1,"Germany","2001","individuals"
0,0,0,0,99.9288002847989,0.848977059511159,82.9958114624023,2.33101654052734,2.29612892581711,0,100,9.27000071207686,744.109911727719,"Cropland_Intense use","Cropland","Intense use","AD1_2008__Billeter 19","AD1_2008__Billeter 19 D-QFP","51.3758708447,11.7384928941","pit-fall traps","AD1_2008__Billeter 19 D-QFP 44",6.41345895716736,609,609,1,"Germany","2001","individuals"
0,0,0,0,99.9288002847989,0.848977059511159,82.9958114624023,2.33101654052734,2.29612892581711,0,100,9.27000071207686,744.109911727719,"Cropland_Intense use","Cropland","Intense use","AD1_2008__Billeter 19","AD1_2008__Billeter 19 D-QFP","51.363697054,11.7452169362","pit-fall traps","AD1_2008__Billeter 19 D-QFP 45",6.67582322163485,792,792,1,"Germany","2001","individuals"
0,0,0,0,99.9288002847989,0.848977059511159,82.9958114624023,2.33101654052734,2.29612892581711,0,100,9.27000071207686,744.109911727719,"Cropland_Intense use","Cropland","Intense use","AD1_2008__Billeter 19","AD1_2008__Billeter 19 D-QFP","51.3903402515,11.7474781302","pit-fall traps","AD1_2008__Billeter 19 D-QFP 46",5.53338948872752,252,252,1,"Germany","2001","individuals"
0,0,0,0,99.9288002847989,0.848977059511159,82.9958114624023,2.33101654052734,2.29612892581711,0,100,9.27000071207686,744.109911727719,"Cropland_Intense use","Cropland","Intense use","AD1_2008__Billeter 19","AD1_2008__Billeter 19 D-QFP","51.3802022761,11.7495550374","pit-fall traps","AD1_2008__Billeter 19 D-QFP 47",6.64118216974059,765,765,1,"Germany","2001","individuals"
0,0,0,0,99.9288002847989,0.848977059511159,82.9958114624023,2.33101654052734,2.29612892581711,0,100,9.27000071207686,744.109911727719,"Cropland_Intense use","Cropland","Intense use","AD1_2008__Billeter 19","AD1_2008__Billeter 19 D-QFP","51.3753256745,11.7530319402","pit-fall traps","AD1_2008__Billeter 19 D-QFP 48",6.70686233660275,817,817,1,"Germany","2001","individuals"
0,0.318590704647675,0,0,99.6814092953523,1.46996285264835,94.7916246387186,1.92993961747332,2.739888743669,0,100,9.3087853102064,792.48012075149,"Cropland_Intense use","Cropland","Intense use","AD1_2008__Billeter 19","AD1_2008__Billeter 19 D-WAN","52.09523065,11.4100103373","pit-fall traps","AD1_2008__Billeter 19 D-WAN 49",5.65248918026865,284,284,1,"Germany","2001","individuals"
0,0.318590704647675,0,0,99.6814092953523,1.46996285264835,94.7916246387186,1.92993961747332,2.739888743669,0,100,9.3087853102064,792.48012075149,"Cropland_Intense use","Cropland","Intense use","AD1_2008__Billeter 19","AD1_2008__Billeter 19 D-WAN","52.0759608343,11.4148618009","pit-fall traps","AD1_2008__Billeter 19 D-WAN 50",5.77144112313002,320,320,1,"Germany","2001","individuals"
0,0.318590704647675,0,0,99.6814092953523,1.46996285264835,94.7916246387186,1.92993961747332,2.739888743669,0,100,9.3087853102064,792.48012075149,"Cropland_Intense use","Cropland","Intense use","AD1_2008__Billeter 19","AD1_2008__Billeter 19 D-WAN","52.0679413056,11.4160697508","pit-fall traps","AD1_2008__Billeter 19 D-WAN 51",6.61204103483309,743,743,1,"Germany","2001","individuals"
0,0.318590704647675,0,0,99.6814092953523,1.46996285264835,94.7916246387186,1.92993961747332,2.739888743669,0,100,9.3087853102064,792.48012075149,"Cropland_Intense use","Cropland","Intense use","AD1_2008__Billeter 19","AD1_2008__Billeter 19 D-WAN","52.0850609702,11.4176719196","pit-fall traps","AD1_2008__Billeter 19 D-WAN 52",6.34738920965601,570,570,1,"Germany","2001","individuals"
0,0.318590704647675,0,0,99.6814092953523,1.46996285264835,94.7916246387186,1.92993961747332,2.739888743669,0,100,9.3087853102064,792.48012075149,"Cropland_Intense use","Cropland","Intense use","AD1_2008__Billeter 19","AD1_2008__Billeter 19 D-WAN","52.0890775466,11.4194362016","pit-fall traps","AD1_2008__Billeter 19 D-WAN 53",4.39444915467244,80,80,1,"Germany","2001","individuals"
0,0.318590704647675,0,0,99.6814092953523,1.46996285264835,94.7916246387186,1.92993961747332,2.739888743669,0,100,9.3087853102064,792.48012075149,"Cropland_Intense use","Cropland","Intense use","AD1_2008__Billeter 19","AD1_2008__Billeter 19 D-WAN","52.0675072772,11.4272135951","pit-fall traps","AD1_2008__Billeter 19 D-WAN 54",6.54965074223381,698,698,1,"Germany","2001","individuals"
0,0.318590704647675,0,0,99.6814092953523,1.46996285264835,94.7916246387186,1.92993961747332,2.739888743669,0,100,9.3087853102064,792.48012075149,"Cropland_Intense use","Cropland","Intense use","AD1_2008__Billeter 19","AD1_2008__Billeter 19 D-WAN","52.0785726721,11.4311782521","pit-fall traps","AD1_2008__Billeter 19 D-WAN 55",5.46806014113513,236,236,1,"Germany","2001","individuals"
0,0.318590704647675,0,0,99.6814092953523,1.46996285264835,94.7916246387186,1.92993961747332,2.739888743669,0,100,9.3087853102064,792.48012075149,"Cropland_Intense use","Cropland","Intense use","AD1_2008__Billeter 19","AD1_2008__Billeter 19 D-WAN","52.0953298329,11.4322526148","pit-fall traps","AD1_2008__Billeter 19 D-WAN 56",6.07993319509559,436,436,1,"Germany","2001","individuals"
0,0.318590704647675,0,0,99.6814092953523,1.46996285264835,94.7916246387186,1.92993961747332,2.739888743669,0,100,9.3087853102064,792.48012075149,"Cropland_Intense use","Cropland","Intense use","AD1_2008__Billeter 19","AD1_2008__Billeter 19 D-WAN","52.0976879007,11.4380586724","pit-fall traps","AD1_2008__Billeter 19 D-WAN 57",5.40717177146012,222,222,1,"Germany","2001","individuals"
0,0.318590704647675,0,0,99.6814092953523,1.46996285264835,94.7916246387186,1.92993961747332,2.739888743669,0,100,9.3087853102064,792.48012075149,"Cropland_Intense use","Cropland","Intense use","AD1_2008__Billeter 19","AD1_2008__Billeter 19 D-WAN","52.0832180462,11.4424030015","pit-fall traps","AD1_2008__Billeter 19 D-WAN 58",5.26269018890489,192,192,1,"Germany","2001","individuals"
0,0.318590704647675,0,0,99.6814092953523,1.46996285264835,94.7916246387186,1.92993961747332,2.739888743669,0,100,9.3087853102064,792.48012075149,"Cropland_Intense use","Cropland","Intense use","AD1_2008__Billeter 19","AD1_2008__Billeter 19 D-WAN","52.0678779151,11.4432409114","pit-fall traps","AD1_2008__Billeter 19 D-WAN 59",6.35957386867238,577,577,1,"Germany","2001","individuals"
0,0.318590704647675,0,0,99.6814092953523,1.46996285264835,94.7916246387186,1.92993961747332,2.739888743669,0,100,9.3087853102064,792.48012075149,"Cropland_Intense use","Cropland","Intense use","AD1_2008__Billeter 19","AD1_2008__Billeter 19 D-WAN","52.0724748386,11.4481426987","pit-fall traps","AD1_2008__Billeter 19 D-WAN 60",5.8171111599632,335,335,1,"Germany","2001","individuals"
0,0.318590704647675,0,0,99.6814092953523,1.46996285264835,94.7916246387186,1.92993961747332,2.739888743669,0,100,9.3087853102064,792.48012075149,"Cropland_Intense use","Cropland","Intense use","AD1_2008__Billeter 19","AD1_2008__Billeter 19 D-WAN","52.076959861,11.4530237942","pit-fall traps","AD1_2008__Billeter 19 D-WAN 61",4.58496747867057,97,97,1,"Germany","2001","individuals"
0,0.318590704647675,0,0,99.6814092953523,1.46996285264835,94.7916246387186,1.92993961747332,2.739888743669,0,100,9.3087853102064,792.48012075149,"Cropland_Intense use","Cropland","Intense use","AD1_2008__Billeter 19","AD1_2008__Billeter 19 D-WAN","52.097828984,11.4562246892","pit-fall traps","AD1_2008__Billeter 19 D-WAN 62",5.2040066870768,181,181,1,"Germany","2001","individuals"
0,0.318590704647675,0,0,99.6814092953523,1.46996285264835,94.7916246387186,1.92993961747332,2.739888743669,0,100,9.3087853102064,792.48012075149,"Cropland_Intense use","Cropland","Intense use","AD1_2008__Billeter 19","AD1_2008__Billeter 19 D-WAN","52.0817309021,11.4569424601","pit-fall traps","AD1_2008__Billeter 19 D-WAN 63",6.39526159811545,598,598,1,"Germany","2001","individuals"
0,0.318590704647675,0,0,99.6814092953523,1.46996285264835,94.7916246387186,1.92993961747332,2.739888743669,0,100,9.3087853102064,792.48012075149,"Cropland_Intense use","Cropland","Intense use","AD1_2008__Billeter 19","AD1_2008__Billeter 19 D-WAN","52.0644621522,11.4648474554","pit-fall traps","AD1_2008__Billeter 19 D-WAN 64",6.06842558824411,431,431,1,"Germany","2001","individuals"
0,9.49114387586273,0,11.8904350715057,78.6184210526316,0.332238594944206,5.68016360461311,2.71411526815297,1.43392610073341,0,0,9.83951139211661,1016.39447486027,"Cropland_Intense use","Cropland","Intense use","AD1_2008__Billeter 20","AD1_2008__Billeter 20 N-BAL","52.5748434219,6.31307044689","pit-fall traps","AD1_2008__Billeter 20 N-BAL 1",4.88280192258637,131,131,1,"Netherlands","2001","individuals"
0,9.49114387586273,0,11.8904350715057,78.6184210526316,0.332238594944206,5.68016360461311,2.71411526815297,1.43392610073341,0,0,9.83951139211661,1016.39447486027,"Cropland_Intense use","Cropland","Intense use","AD1_2008__Billeter 20","AD1_2008__Billeter 20 N-BAL","52.5812652554,6.31477674227","pit-fall traps","AD1_2008__Billeter 20 N-BAL 2",5.27811465923052,195,195,1,"Netherlands","2001","individuals"
0,9.49114387586273,0,11.8904350715057,78.6184210526316,0.332238594944206,5.68016360461311,2.71411526815297,1.43392610073341,0,0,9.83951139211661,1016.39447486027,"Cropland_Intense use","Cropland","Intense use","AD1_2008__Billeter 20","AD1_2008__Billeter 20 N-BAL","52.5590971374,6.31650761613","pit-fall traps","AD1_2008__Billeter 20 N-BAL 3",5.25749537202778,191,191,1,"Netherlands","2001","individuals"
0,9.49114387586273,0,11.8904350715057,78.6184210526316,0.332238594944206,5.68016360461311,2.71411526815297,1.43392610073341,0,0,9.83951139211661,1016.39447486027,"Cropland_Intense use","Cropland","Intense use","AD1_2008__Billeter 20","AD1_2008__Billeter 20 N-BAL","52.5659990278,6.32345257233","pit-fall traps","AD1_2008__Billeter 20 N-BAL 4",5.46806014113513,236,236,1,"Netherlands","2001","individuals"
0,9.49114387586273,0,11.8904350715057,78.6184210526316,0.332238594944206,5.68016360461311,2.71411526815297,1.43392610073341,0,0,9.83951139211661,1016.39447486027,"Cropland_Intense use","Cropland","Intense use","AD1_2008__Billeter 20","AD1_2008__Billeter 20 N-BAL","52.5591298942,6.32548188758","pit-fall traps","AD1_2008__Billeter 20 N-BAL 5",5.13579843705026,169,169,1,"Netherlands","2001","individuals"
0,9.49114387586273,0,11.8904350715057,78.6184210526316,0.332238594944206,5.68016360461311,2.71411526815297,1.43392610073341,0,0,9.83951139211661,1016.39447486027,"Cropland_Intense use","Cropland","Intense use","AD1_2008__Billeter 20","AD1_2008__Billeter 20 N-BAL","52.5737339291,6.33577988277","pit-fall traps","AD1_2008__Billeter 20 N-BAL 6",5.94803498918065,382,382,1,"Netherlands","2001","individuals"
0,9.49114387586273,0,11.8904350715057,78.6184210526316,0.332238594944206,5.68016360461311,2.71411526815297,1.43392610073341,0,0,9.83951139211661,1016.39447486027,"Cropland_Intense use","Cropland","Intense use","AD1_2008__Billeter 20","AD1_2008__Billeter 20 N-BAL","52.5839047128,6.33843350202","pit-fall traps","AD1_2008__Billeter 20 N-BAL 7",5.75574221358691,315,315,1,"Netherlands","2001","individuals"
0,9.49114387586273,0,11.8904350715057,78.6184210526316,0.332238594944206,5.68016360461311,2.71411526815297,1.43392610073341,0,0,9.83951139211661,1016.39447486027,"Cropland_Intense use","Cropland","Intense use","AD1_2008__Billeter 20","AD1_2008__Billeter 20 N-BAL","52.5669958494,6.33825294633","pit-fall traps","AD1_2008__Billeter 20 N-BAL 8",5.9427993751267,380,380,1,"Netherlands","2001","individuals"
0,9.49114387586273,0,11.8904350715057,78.6184210526316,0.332238594944206,5.68016360461311,2.71411526815297,1.43392610073341,0,0,9.83951139211661,1016.39447486027,"Cropland_Intense use","Cropland","Intense use","AD1_2008__Billeter 20","AD1_2008__Billeter 20 N-BAL","52.5644868218,6.34011616759","pit-fall traps","AD1_2008__Billeter 20 N-BAL 9",5.54907608489522,256,256,1,"Netherlands","2001","individuals"
0,9.49114387586273,0,11.8904350715057,78.6184210526316,0.332238594944206,5.68016360461311,2.71411526815297,1.43392610073341,0,0,9.83951139211661,1016.39447486027,"Cropland_Intense use","Cropland","Intense use","AD1_2008__Billeter 20","AD1_2008__Billeter 20 N-BAL","52.5584945912,6.34314985737","pit-fall traps","AD1_2008__Billeter 20 N-BAL 10",4.61512051684126,100,100,1,"Netherlands","2001","individuals"
0,9.49114387586273,0,11.8904350715057,78.6184210526316,0.332238594944206,5.68016360461311,2.71411526815297,1.43392610073341,0,0,9.83951139211661,1016.39447486027,"Cropland_Intense use","Cropland","Intense use","AD1_2008__Billeter 20","AD1_2008__Billeter 20 N-BAL","52.5795095622,6.35293023899","pit-fall traps","AD1_2008__Billeter 20 N-BAL 11",5.37527840768417,215,215,1,"Netherlands","2001","individuals"
0,9.49114387586273,0,11.8904350715057,78.6184210526316,0.332238594944206,5.68016360461311,2.71411526815297,1.43392610073341,0,0,9.83951139211661,1016.39447486027,"Cropland_Intense use","Cropland","Intense use","AD1_2008__Billeter 20","AD1_2008__Billeter 20 N-BAL","52.5727546572,6.35301086378","pit-fall traps","AD1_2008__Billeter 20 N-BAL 12",5.87211778947542,354,354,1,"Netherlands","2001","individuals"
0,9.49114387586273,0,11.8904350715057,78.6184210526316,0.332238594944206,5.68016360461311,2.71411526815297,1.43392610073341,0,0,9.83951139211661,1016.39447486027,"Cropland_Intense use","Cropland","Intense use","AD1_2008__Billeter 20","AD1_2008__Billeter 20 N-BAL","52.579901525,6.35941586615","pit-fall traps","AD1_2008__Billeter 20 N-BAL 13",5.71373280550937,302,302,1,"Netherlands","2001","individuals"
0,9.49114387586273,0,11.8904350715057,78.6184210526316,0.332238594944206,5.68016360461311,2.71411526815297,1.43392610073341,0,0,9.83951139211661,1016.39447486027,"Cropland_Intense use","Cropland","Intense use","AD1_2008__Billeter 20","AD1_2008__Billeter 20 N-BAL","52.5606074304,6.35910833419","pit-fall traps","AD1_2008__Billeter 20 N-BAL 14",4.70048036579242,109,109,1,"Netherlands","2001","individuals"
0,9.49114387586273,0,11.8904350715057,78.6184210526316,0.332238594944206,5.68016360461311,2.71411526815297,1.43392610073341,0,0,9.83951139211661,1016.39447486027,"Cropland_Intense use","Cropland","Intense use","AD1_2008__Billeter 20","AD1_2008__Billeter 20 N-BAL","52.5549878129,6.3599355648","pit-fall traps","AD1_2008__Billeter 20 N-BAL 15",5.64544689764324,282,282,1,"Netherlands","2001","individuals"
0,9.49114387586273,0,11.8904350715057,78.6184210526316,0.332238594944206,5.68016360461311,2.71411526815297,1.43392610073341,0,0,9.83951139211661,1016.39447486027,"Cropland_Intense use","Cropland","Intense use","AD1_2008__Billeter 20","AD1_2008__Billeter 20 N-BAL","52.5704181602,6.36231910641","pit-fall traps","AD1_2008__Billeter 20 N-BAL 16",5.87773578177964,356,356,1,"Netherlands","2001","individuals"
0,9.56131268750052,0,0,89.228780697975,0.185062419814184,10.8556394577026,2.61959934234619,1.81749175027221,100,0,9.98663482666018,974.14644237142,"Cropland_Light use","Cropland","Light use","AD1_2008__Billeter 20","AD1_2008__Billeter 20 N-BEN","52.2380602303,6.64203528218","pit-fall traps","AD1_2008__Billeter 20 N-BEN 17",4.79579054559674,120,120,1,"Netherlands","2001","individuals"
0,9.56131268750052,0,0,89.228780697975,0.185062419814184,10.8556394577026,2.61959934234619,1.81749175027221,100,0,9.98663482666018,974.14644237142,"Cropland_Light use","Cropland","Light use","AD1_2008__Billeter 20","AD1_2008__Billeter 20 N-BEN","52.2148227128,6.64893879505","pit-fall traps","AD1_2008__Billeter 20 N-BEN 18",5.24174701505964,188,188,1,"Netherlands","2001","individuals"
0,9.56131268750052,0,0,89.228780697975,0.185062419814184,10.8556394577026,2.61959934234619,1.81749175027221,100,0,9.98663482666018,974.14644237142,"Cropland_Light use","Cropland","Light use","AD1_2008__Billeter 20","AD1_2008__Billeter 20 N-BEN","52.2202064407,6.65108906587","pit-fall traps","AD1_2008__Billeter 20 N-BEN 19",5.11198778835654,165,165,1,"Netherlands","2001","individuals"
0,9.56131268750052,0,0,89.228780697975,0.185062419814184,10.8556394577026,2.61959934234619,1.81749175027221,100,0,9.98663482666018,974.14644237142,"Cropland_Light use","Cropland","Light use","AD1_2008__Billeter 20","AD1_2008__Billeter 20 N-BEN","52.2277933206,6.65147277529","pit-fall traps","AD1_2008__Billeter 20 N-BEN 20",6.24804287450843,516,516,1,"Netherlands","2001","individuals"
0,9.56131268750052,0,0,89.228780697975,0.185062419814184,10.8556394577026,2.61959934234619,1.81749175027221,100,0,9.98663482666018,974.14644237142,"Cropland_Light use","Cropland","Light use","AD1_2008__Billeter 20","AD1_2008__Billeter 20 N-BEN","52.219238876,6.65623511056","pit-fall traps","AD1_2008__Billeter 20 N-BEN 21",5.54517744447956,255,255,1,"Netherlands","2001","individuals"
0,9.56131268750052,0,0,89.228780697975,0.185062419814184,10.8556394577026,2.61959934234619,1.81749175027221,100,0,9.98663482666018,974.14644237142,"Cropland_Light use","Cropland","Light use","AD1_2008__Billeter 20","AD1_2008__Billeter 20 N-BEN","52.2337035007,6.65983163034","pit-fall traps","AD1_2008__Billeter 20 N-BEN 22",4.66343909411207,105,105,1,"Netherlands","2001","individuals"
0,9.56131268750052,0,0,89.228780697975,0.185062419814184,10.8556394577026,2.61959934234619,1.81749175027221,100,0,9.98663482666018,974.14644237142,"Cropland_Light use","Cropland","Light use","AD1_2008__Billeter 20","AD1_2008__Billeter 20 N-BEN","52.231567899,6.6611539783","pit-fall traps","AD1_2008__Billeter 20 N-BEN 23",5.03695260241363,153,153,1,"Netherlands","2001","individuals"
0,9.56131268750052,0,0,89.228780697975,0.185062419814184,10.8556394577026,2.61959934234619,1.81749175027221,100,0,9.98663482666018,974.14644237142,"Cropland_Light use","Cropland","Light use","AD1_2008__Billeter 20","AD1_2008__Billeter 20 N-BEN","52.2130866372,6.66160575843","pit-fall traps","AD1_2008__Billeter 20 N-BEN 24",5.8111409929767,333,333,1,"Netherlands","2001","individuals"
0,9.56131268750052,0,0,89.228780697975,0.185062419814184,10.8556394577026,2.61959934234619,1.81749175027221,100,0,9.98663482666018,974.14644237142,"Cropland_Light use","Cropland","Light use","AD1_2008__Billeter 20","AD1_2008__Billeter 20 N-BEN","52.2122792317,6.67017213251","pit-fall traps","AD1_2008__Billeter 20 N-BEN 25",5.06890420222023,158,158,1,"Netherlands","2001","individuals"
0,9.56131268750052,0,0,89.228780697975,0.185062419814184,10.8556394577026,2.61959934234619,1.81749175027221,100,0,9.98663482666018,974.14644237142,"Cropland_Light use","Cropland","Light use","AD1_2008__Billeter 20","AD1_2008__Billeter 20 N-BEN","52.2411374436,6.67555775274","pit-fall traps","AD1_2008__Billeter 20 N-BEN 26",5.36597601502185,213,213,1,"Netherlands","2001","individuals"
0,9.56131268750052,0,0,89.228780697975,0.185062419814184,10.8556394577026,2.61959934234619,1.81749175027221,100,0,9.98663482666018,974.14644237142,"Cropland_Light use","Cropland","Light use","AD1_2008__Billeter 20","AD1_2008__Billeter 20 N-BEN","52.2225926377,6.67606032367","pit-fall traps","AD1_2008__Billeter 20 N-BEN 27",5.11198778835654,165,165,1,"Netherlands","2001","individuals"
0,9.56131268750052,0,0,89.228780697975,0.185062419814184,10.8556394577026,2.61959934234619,1.81749175027221,100,0,9.98663482666018,974.14644237142,"Cropland_Light use","Cropland","Light use","AD1_2008__Billeter 20","AD1_2008__Billeter 20 N-BEN","52.2307280829,6.68134628469","pit-fall traps","AD1_2008__Billeter 20 N-BEN 28",5.00394630594546,148,148,1,"Netherlands","2001","individuals"
0,9.56131268750052,0,0,89.228780697975,0.185062419814184,10.8556394577026,2.61959934234619,1.81749175027221,100,0,9.98663482666018,974.14644237142,"Cropland_Light use","Cropland","Light use","AD1_2008__Billeter 20","AD1_2008__Billeter 20 N-BEN","52.2172279975,6.68452478595","pit-fall traps","AD1_2008__Billeter 20 N-BEN 29",4.969813299576,143,143,1,"Netherlands","2001","individuals"
0,9.56131268750052,0,0,89.228780697975,0.185062419814184,10.8556394577026,2.61959934234619,1.81749175027221,100,0,9.98663482666018,974.14644237142,"Cropland_Light use","Cropland","Light use","AD1_2008__Billeter 20","AD1_2008__Billeter 20 N-BEN","52.2337077906,6.68626408843","pit-fall traps","AD1_2008__Billeter 20 N-BEN 30",4.70953020131233,110,110,1,"Netherlands","2001","individuals"
0,9.56131268750052,0,0,89.228780697975,0.185062419814184,10.8556394577026,2.61959934234619,1.81749175027221,100,0,9.98663482666018,974.14644237142,"Cropland_Light use","Cropland","Light use","AD1_2008__Billeter 20","AD1_2008__Billeter 20 N-BEN","52.2294744168,6.68745802544","pit-fall traps","AD1_2008__Billeter 20 N-BEN 31",4.9272536851572,137,137,1,"Netherlands","2001","individuals"
0,9.56131268750052,0,0,89.228780697975,0.185062419814184,10.8556394577026,2.61959934234619,1.81749175027221,100,0,9.98663482666018,974.14644237142,"Cropland_Light use","Cropland","Light use","AD1_2008__Billeter 20","AD1_2008__Billeter 20 N-BEN","52.2146283589,6.68959279455","pit-fall traps","AD1_2008__Billeter 20 N-BEN 32",4.88280192258637,131,131,1,"Netherlands","2001","individuals"
0,7.03233815743108,0,17.9676618425689,75,0.102487331170879,4.21938316456253,2.84873734948768,2.03579038711247,100,0,10.0994277954102,1023.15971814096,"Cropland_Intense use","Cropland","Intense use","AD1_2008__Billeter 20","AD1_2008__Billeter 20 N-SCH","52.1079794668,5.47013202167","pit-fall traps","AD1_2008__Billeter 20 N-SCH 33",5.56452040732269,260,260,1,"Netherlands","2001","individuals"
0,7.03233815743108,0,17.9676618425689,75,0.102487331170879,4.21938316456253,2.84873734948768,2.03579038711247,100,0,10.0994277954102,1023.15971814096,"Cropland_Intense use","Cropland","Intense use","AD1_2008__Billeter 20","AD1_2008__Billeter 20 N-SCH","52.1179230656,5.47234056675","pit-fall traps","AD1_2008__Billeter 20 N-SCH 34",5.12396397940326,167,167,1,"Netherlands","2001","individuals"
0,7.03233815743108,0,17.9676618425689,75,0.102487331170879,4.21938316456253,2.84873734948768,2.03579038711247,100,0,10.0994277954102,1023.15971814096,"Cropland_Intense use","Cropland","Intense use","AD1_2008__Billeter 20","AD1_2008__Billeter 20 N-SCH","52.1050105919,5.47407475363","pit-fall traps","AD1_2008__Billeter 20 N-SCH 35",5.75890177387728,316,316,1,"Netherlands","2001","individuals"
0,7.03233815743108,0,17.9676618425689,75,0.102487331170879,4.21938316456253,2.84873734948768,2.03579038711247,100,0,10.0994277954102,1023.15971814096,"Cropland_Intense use","Cropland","Intense use","AD1_2008__Billeter 20","AD1_2008__Billeter 20 N-SCH","52.0922195955,5.47555282307","pit-fall traps","AD1_2008__Billeter 20 N-SCH 36",7.06390396147207,1168,1168,1,"Netherlands","2001","individuals"
0,7.03233815743108,0,17.9676618425689,75,0.102487331170879,4.21938316456253,2.84873734948768,2.03579038711247,100,0,10.0994277954102,1023.15971814096,"Cropland_Intense use","Cropland","Intense use","AD1_2008__Billeter 20","AD1_2008__Billeter 20 N-SCH","52.1010702881,5.48438563241","pit-fall traps","AD1_2008__Billeter 20 N-SCH 37",5.25227342804663,190,190,1,"Netherlands","2001","individuals"
0,7.03233815743108,0,17.9676618425689,75,0.102487331170879,4.21938316456253,2.84873734948768,2.03579038711247,100,0,10.0994277954102,1023.15971814096,"Cropland_Intense use","Cropland","Intense use","AD1_2008__Billeter 20","AD1_2008__Billeter 20 N-SCH","52.1153575944,5.48860681864","pit-fall traps","AD1_2008__Billeter 20 N-SCH 38",6.02586597382531,413,413,1,"Netherlands","2001","individuals"
0,7.03233815743108,0,17.9676618425689,75,0.102487331170879,4.21938316456253,2.84873734948768,2.03579038711247,100,0,10.0994277954102,1023.15971814096,"Cropland_Intense use","Cropland","Intense use","AD1_2008__Billeter 20","AD1_2008__Billeter 20 N-SCH","52.0883013194,5.49142701335","pit-fall traps","AD1_2008__Billeter 20 N-SCH 39",4.9416424226093,139,139,1,"Netherlands","2001","individuals"
0,7.03233815743108,0,17.9676618425689,75,0.102487331170879,4.21938316456253,2.84873734948768,2.03579038711247,100,0,10.0994277954102,1023.15971814096,"Cropland_Intense use","Cropland","Intense use","AD1_2008__Billeter 20","AD1_2008__Billeter 20 N-SCH","52.1128627257,5.49447712158","pit-fall traps","AD1_2008__Billeter 20 N-SCH 40",4.99043258677874,146,146,1,"Netherlands","2001","individuals"
0,7.03233815743108,0,17.9676618425689,75,0.102487331170879,4.21938316456253,2.84873734948768,2.03579038711247,100,0,10.0994277954102,1023.15971814096,"Cropland_Intense use","Cropland","Intense use","AD1_2008__Billeter 20","AD1_2008__Billeter 20 N-SCH","52.0896204954,5.49857973457","pit-fall traps","AD1_2008__Billeter 20 N-SCH 41",5.11198778835654,165,165,1,"Netherlands","2001","individuals"
0,7.03233815743108,0,17.9676618425689,75,0.102487331170879,4.21938316456253,2.84873734948768,2.03579038711247,100,0,10.0994277954102,1023.15971814096,"Cropland_Intense use","Cropland","Intense use","AD1_2008__Billeter 20","AD1_2008__Billeter 20 N-SCH","52.1236033308,5.49929977856","pit-fall traps","AD1_2008__Billeter 20 N-SCH 42",5.54907608489522,256,256,1,"Netherlands","2001","individuals"
0,7.03233815743108,0,17.9676618425689,75,0.102487331170879,4.21938316456253,2.84873734948768,2.03579038711247,100,0,10.0994277954102,1023.15971814096,"Cropland_Intense use","Cropland","Intense use","AD1_2008__Billeter 20","AD1_2008__Billeter 20 N-SCH","52.1007186036,5.50529911118","pit-fall traps","AD1_2008__Billeter 20 N-SCH 43",6.01126717440416,407,407,1,"Netherlands","2001","individuals"
0,7.03233815743108,0,17.9676618425689,75,0.102487331170879,4.21938316456253,2.84873734948768,2.03579038711247,100,0,10.0994277954102,1023.15971814096,"Cropland_Intense use","Cropland","Intense use","AD1_2008__Billeter 20","AD1_2008__Billeter 20 N-SCH","52.1058816152,5.51025365996","pit-fall traps","AD1_2008__Billeter 20 N-SCH 44",5.27299955856375,194,194,1,"Netherlands","2001","individuals"
0,7.03233815743108,0,17.9676618425689,75,0.102487331170879,4.21938316456253,2.84873734948768,2.03579038711247,100,0,10.0994277954102,1023.15971814096,"Cropland_Intense use","Cropland","Intense use","AD1_2008__Billeter 20","AD1_2008__Billeter 20 N-SCH","52.0912425094,5.51231451108","pit-fall traps","AD1_2008__Billeter 20 N-SCH 45",5.22035582507832,184,184,1,"Netherlands","2001","individuals"
0,7.03233815743108,0,17.9676618425689,75,0.102487331170879,4.21938316456253,2.84873734948768,2.03579038711247,100,0,10.0994277954102,1023.15971814096,"Cropland_Intense use","Cropland","Intense use","AD1_2008__Billeter 20","AD1_2008__Billeter 20 N-SCH","52.1025777614,5.51519237184","pit-fall traps","AD1_2008__Billeter 20 N-SCH 46",6.4118182677099,608,608,1,"Netherlands","2001","individuals"
0,7.03233815743108,0,17.9676618425689,75,0.102487331170879,4.21938316456253,2.84873734948768,2.03579038711247,100,0,10.0994277954102,1023.15971814096,"Cropland_Intense use","Cropland","Intense use","AD1_2008__Billeter 20","AD1_2008__Billeter 20 N-SCH","52.1111826288,5.52025341135","pit-fall traps","AD1_2008__Billeter 20 N-SCH 47",5.56452040732269,260,260,1,"Netherlands","2001","individuals"
0,7.03233815743108,0,17.9676618425689,75,0.102487331170879,4.21938316456253,2.84873734948768,2.03579038711247,100,0,10.0994277954102,1023.15971814096,"Cropland_Intense use","Cropland","Intense use","AD1_2008__Billeter 20","AD1_2008__Billeter 20 N-SCH","52.1182239996,5.52477134634","pit-fall traps","AD1_2008__Billeter 20 N-SCH 48",4.46590811865458,86,86,1,"Netherlands","2001","individuals"
5.44203049080998,12.6918437485409,0,0,81.8661257606491,0.287412943966373,8.50690174102783,2.78928160667419,2.54018220491931,69.6172408794391,0,9.90069732666018,983.547294395976,"Cropland_Intense use","Cropland","Intense use","AD1_2008__Billeter 20","AD1_2008__Billeter 20 N-WEE","52.3832178037,6.79573256391","pit-fall traps","AD1_2008__Billeter 20 N-WEE 49",4.86753445045558,129,129,1,"Netherlands","2001","individuals"
5.44203049080998,12.6918437485409,0,0,81.8661257606491,0.287412943966373,8.50690174102783,2.78928160667419,2.54018220491931,69.6172408794391,0,9.90069732666018,983.547294395976,"Cropland_Intense use","Cropland","Intense use","AD1_2008__Billeter 20","AD1_2008__Billeter 20 N-WEE","52.3527679497,6.79766474525","pit-fall traps","AD1_2008__Billeter 20 N-WEE 50",5.62040086571715,275,275,1,"Netherlands","2001","individuals"
5.44203049080998,12.6918437485409,0,0,81.8661257606491,0.287412943966373,8.50690174102783,2.78928160667419,2.54018220491931,69.6172408794391,0,9.90069732666018,983.547294395976,"Cropland_Intense use","Cropland","Intense use","AD1_2008__Billeter 20","AD1_2008__Billeter 20 N-WEE","52.361536796,6.79839145375","pit-fall traps","AD1_2008__Billeter 20 N-WEE 51",5.43372200355424,228,228,1,"Netherlands","2001","individuals"
5.44203049080998,12.6918437485409,0,0,81.8661257606491,0.287412943966373,8.50690174102783,2.78928160667419,2.54018220491931,69.6172408794391,0,9.90069732666018,983.547294395976,"Cropland_Intense use","Cropland","Intense use","AD1_2008__Billeter 20","AD1_2008__Billeter 20 N-WEE","52.3714329276,6.79918374017","pit-fall traps","AD1_2008__Billeter 20 N-WEE 52",5.8171111599632,335,335,1,"Netherlands","2001","individuals"
5.44203049080998,12.6918437485409,0,0,81.8661257606491,0.287412943966373,8.50690174102783,2.78928160667419,2.54018220491931,69.6172408794391,0,9.90069732666018,983.547294395976,"Cropland_Intense use","Cropland","Intense use","AD1_2008__Billeter 20","AD1_2008__Billeter 20 N-WEE","52.360424019,6.80875093574","pit-fall traps","AD1_2008__Billeter 20 N-WEE 53",5.76205138278018,317,317,1,"Netherlands","2001","individuals"
5.44203049080998,12.6918437485409,0,0,81.8661257606491,0.287412943966373,8.50690174102783,2.78928160667419,2.54018220491931,69.6172408794391,0,9.90069732666018,983.547294395976,"Cropland_Intense use","Cropland","Intense use","AD1_2008__Billeter 20","AD1_2008__Billeter 20 N-WEE","52.3733898965,6.81177352936","pit-fall traps","AD1_2008__Billeter 20 N-WEE 54",5.32300997913841,204,204,1,"Netherlands","2001","individuals"
5.44203049080998,12.6918437485409,0,0,81.8661257606491,0.287412943966373,8.50690174102783,2.78928160667419,2.54018220491931,69.6172408794391,0,9.90069732666018,983.547294395976,"Cropland_Intense use","Cropland","Intense use","AD1_2008__Billeter 20","AD1_2008__Billeter 20 N-WEE","52.3780551301,6.81475089212","pit-fall traps","AD1_2008__Billeter 20 N-WEE 55",5.13579843705026,169,169,1,"Netherlands","2001","individuals"
5.44203049080998,12.6918437485409,0,0,81.8661257606491,0.287412943966373,8.50690174102783,2.78928160667419,2.54018220491931,69.6172408794391,0,9.90069732666018,983.547294395976,"Cropland_Intense use","Cropland","Intense use","AD1_2008__Billeter 20","AD1_2008__Billeter 20 N-WEE","52.352324495,6.81514846375","pit-fall traps","AD1_2008__Billeter 20 N-WEE 56",5.31811999384422,203,203,1,"Netherlands","2001","individuals"
5.44203049080998,12.6918437485409,0,0,81.8661257606491,0.287412943966373,8.50690174102783,2.78928160667419,2.54018220491931,69.6172408794391,0,9.90069732666018,983.547294395976,"Cropland_Intense use","Cropland","Intense use","AD1_2008__Billeter 20","AD1_2008__Billeter 20 N-WEE","52.3830356645,6.82174932297","pit-fall traps","AD1_2008__Billeter 20 N-WEE 57",6.1779441140506,481,481,1,"Netherlands","2001","individuals"
5.44203049080998,12.6918437485409,0,0,81.8661257606491,0.287412943966373,8.50690174102783,2.78928160667419,2.54018220491931,69.6172408794391,0,9.90069732666018,983.547294395976,"Cropland_Intense use","Cropland","Intense use","AD1_2008__Billeter 20","AD1_2008__Billeter 20 N-WEE","52.3687414497,6.82229270488","pit-fall traps","AD1_2008__Billeter 20 N-WEE 58",6.14203740558736,464,464,1,"Netherlands","2001","individuals"
5.44203049080998,12.6918437485409,0,0,81.8661257606491,0.287412943966373,8.50690174102783,2.78928160667419,2.54018220491931,69.6172408794391,0,9.90069732666018,983.547294395976,"Cropland_Intense use","Cropland","Intense use","AD1_2008__Billeter 20","AD1_2008__Billeter 20 N-WEE","52.3607844567,6.82762913162","pit-fall traps","AD1_2008__Billeter 20 N-WEE 59",5.33271879326537,206,206,1,"Netherlands","2001","individuals"
5.44203049080998,12.6918437485409,0,0,81.8661257606491,0.287412943966373,8.50690174102783,2.78928160667419,2.54018220491931,69.6172408794391,0,9.90069732666018,983.547294395976,"Cropland_Intense use","Cropland","Intense use","AD1_2008__Billeter 20","AD1_2008__Billeter 20 N-WEE","52.3529976814,6.83078194051","pit-fall traps","AD1_2008__Billeter 20 N-WEE 60",5.23644196282995,187,187,1,"Netherlands","2001","individuals"
5.44203049080998,12.6918437485409,0,0,81.8661257606491,0.287412943966373,8.50690174102783,2.78928160667419,2.54018220491931,69.6172408794391,0,9.90069732666018,983.547294395976,"Cropland_Intense use","Cropland","Intense use","AD1_2008__Billeter 20","AD1_2008__Billeter 20 N-WEE","52.3564048116,6.83553196928","pit-fall traps","AD1_2008__Billeter 20 N-WEE 61",4.23410650459726,68,68,1,"Netherlands","2001","individuals"
5.44203049080998,12.6918437485409,0,0,81.8661257606491,0.287412943966373,8.50690174102783,2.78928160667419,2.54018220491931,69.6172408794391,0,9.90069732666018,983.547294395976,"Cropland_Intense use","Cropland","Intense use","AD1_2008__Billeter 20","AD1_2008__Billeter 20 N-WEE","52.3648087418,6.83851558613","pit-fall traps","AD1_2008__Billeter 20 N-WEE 62",5.62401750618734,276,276,1,"Netherlands","2001","individuals"
5.44203049080998,12.6918437485409,0,0,81.8661257606491,0.287412943966373,8.50690174102783,2.78928160667419,2.54018220491931,69.6172408794391,0,9.90069732666018,983.547294395976,"Cropland_Intense use","Cropland","Intense use","AD1_2008__Billeter 20","AD1_2008__Billeter 20 N-WEE","52.3744343811,6.84155511959","pit-fall traps","AD1_2008__Billeter 20 N-WEE 63",5.04342511691925,154,154,1,"Netherlands","2001","individuals"
5.44203049080998,12.6918437485409,0,0,81.8661257606491,0.287412943966373,8.50690174102783,2.78928160667419,2.54018220491931,69.6172408794391,0,9.90069732666018,983.547294395976,"Cropland_Intense use","Cropland","Intense use","AD1_2008__Billeter 20","AD1_2008__Billeter 20 N-WEE","52.3772331599,6.84858690534","pit-fall traps","AD1_2008__Billeter 20 N-WEE 64",5.83773044716594,342,342,1,"Netherlands","2001","individuals"
0,0,0,0,100,0,2.18371902513766,1.07781095758514,2.50983117684653,0,0,7.29241047197088,706.343083573918,"Pasture_Minimal use","Pasture","Minimal use","AD1_2008__Franzen 1","AD1_2008__Franzen 1 ","56.63574,14.237611","aerial transect","AD1_2008__Franzen 1  1",6.99393297522319,1089,1089,1,"Sweden","2005","individuals"
0,1.28494473081788,5.85791241203926,0,92.8571428571429,0,2.20015555238275,0.761175522542593,1.32287411866808,0.00380253201594485,0,7.29422149658205,707.191495457664,"Pasture_Minimal use","Pasture","Minimal use","AD1_2008__Franzen 1","AD1_2008__Franzen 1 ","56.60292,14.19898","aerial transect","AD1_2008__Franzen 1  2",6.02102334934953,411,411,1,"Sweden","2005","individuals"
0.0147735412845481,1.10155590254746,9.05316208159171,0,89.8305084745763,0,2.6594660282135,1.07745611667633,2.16484609635007,43.6822098339994,0,7.29422149658205,707.191495457664,"Pasture_Minimal use","Pasture","Minimal use","AD1_2008__Franzen 1","AD1_2008__Franzen 1 ","56.586339,14.179726","aerial transect","AD1_2008__Franzen 1  3",6.96696713861398,1060,1060,1,"Sweden","2005","individuals"
0,0.71979087672523,5.57391541698106,0,93.7062937062937,0,1.92803305229805,0.459590692913438,1.52016066871921,14.314710472279,0,7.29422149658205,707.191495457664,"Semi-natural vegetation_Minimal use","Semi-natural vegetation","Minimal use","AD1_2008__Franzen 1","AD1_2008__Franzen 1 ","56.609394,14.19188","aerial transect","AD1_2008__Franzen 1  4",7.24850407237061,1405,1405,1,"Sweden","2005","individuals"
0,0,0,0,100,0,2.10227084159851,1.05091261863708,1.99062560047822,0,0,7.29422149658205,707.191495457664,"Semi-natural vegetation_Minimal use","Semi-natural vegetation","Minimal use","AD1_2008__Franzen 1","AD1_2008__Franzen 1 ","56.618608,14.221661","aerial transect","AD1_2008__Franzen 1  5",7.83794891602528,2534,2534,1,"Sweden","2005","individuals"
0,13.9981645508834,6.00183544911658,0,80,0,1.85269641876221,0.597346544265747,2.81271178370655,48.8775944294192,0,7.22651316324874,718.184909084812,"Pasture_Minimal use","Pasture","Minimal use","AD1_2008__Franzen 1","AD1_2008__Franzen 1 ","56.660214,14.179031","aerial transect","AD1_2008__Franzen 1  6",7.59538727885397,1988,1988,1,"Sweden","2005","individuals"
0,0.587967910709069,6.81943949669834,0,92.5925925925926,0,1.92456845732266,0.354059519417263,2.65283696161716,13.4384779801331,0,7.29422149658205,707.191495457664,"Pasture_Minimal use","Pasture","Minimal use","AD1_2008__Franzen 1","AD1_2008__Franzen 1 ","56.607209,14.179097","aerial transect","AD1_2008__Franzen 1  7",6.84800527457636,941,941,1,"Sweden","2005","individuals"
0,9.10849874957878,2.65620713277416,0,88.2352941176471,0,1.71912984032947,0.339667594529342,1.79792250011255,0.00361324944115695,0,7.30585777067331,711.849723430457,"Pasture_Minimal use","Pasture","Minimal use","AD1_2008__Franzen 1","AD1_2008__Franzen 1 ","56.606489,14.152095","aerial transect","AD1_2008__Franzen 1  8",4.97673374242057,144,144,1,"Sweden","2005","individuals"
0,1.73627017413323,7.35463891677586,0,90.9090909090909,0,1.97736199653049,0.627001484881487,1.65241129229536,17.7784218408564,0,7.29422149658205,707.191495457664,"Pasture_Minimal use","Pasture","Minimal use","AD1_2008__Franzen 1","AD1_2008__Franzen 1 ","56.614515,14.198039","aerial transect","AD1_2008__Franzen 1  9",4.74493212836325,114,114,1,"Sweden","2005","individuals"
0,2.47591757700399,6.34761183476072,0,91.1764705882353,0,1.88564896583557,0.315749108791351,2.71167130873169,31.7400152996171,0,7.29422149658205,707.191495457664,"Pasture_Minimal use","Pasture","Minimal use","AD1_2008__Franzen 1","AD1_2008__Franzen 1 ","56.616667,14.183333","aerial transect","AD1_2008__Franzen 1  10",6.95844839329766,1051,1051,1,"Sweden","2005","individuals"
0,0.530759919272997,1.2710418825288,0,98.1981981981982,0,1.96769916820163,0.396515244844947,3.12972768064646,11.2904477922382,0,7.29422149658205,707.191495457664,"Pasture_Minimal use","Pasture","Minimal use","AD1_2008__Franzen 1","AD1_2008__Franzen 1 ","56.606039,14.170002","aerial transect","AD1_2008__Franzen 1  11",6.31173480915291,550,550,1,"Sweden","2005","individuals"
0,0,0,0,100,0,2.18689862600904,1.02572697977377,2.76790020466602,0,0,7.29422149658205,707.191495457664,"Pasture_Minimal use","Pasture","Minimal use","AD1_2008__Franzen 1","AD1_2008__Franzen 1 ","56.605577,14.214951","aerial transect","AD1_2008__Franzen 1  12",6.29156913955832,539,539,1,"Sweden","2005","individuals"
0,1.04008805410845,3.95991194589155,0,95,0,2.49216658646323,0.912774871725717,2.95000256965843,36.9225241444315,0,7.29422149658205,707.191495457664,"Pasture_Minimal use","Pasture","Minimal use","AD1_2008__Franzen 1","AD1_2008__Franzen 1 ","56.595848,14.168534","aerial transect","AD1_2008__Franzen 1  13",6.72503364216684,832,832,1,"Sweden","2005","individuals"
0,0,0,0,100,0,1.88564896583557,0.315749108791351,2.36335917035453,1.50798015925847,0,7.29422149658205,707.191495457664,"Pasture_Minimal use","Pasture","Minimal use","AD1_2008__Franzen 1","AD1_2008__Franzen 1 ","56.628682,14.169724","aerial transect","AD1_2008__Franzen 1  14",7.29301767977278,1469,1469,1,"Sweden","2005","individuals"
0,4.62858979643585,7.13611608591709,0,88.2352941176471,0,1.88043564523448,0.394080498611862,2.00296793220486,0.817947459288243,0,7.27767570221237,709.877941162954,"Pasture_Minimal use","Pasture","Minimal use","AD1_2008__Franzen 1","AD1_2008__Franzen 1 ","56.646284,14.185012","aerial transect","AD1_2008__Franzen 1  15",6.76619171466035,867,867,1,"Sweden","2005","individuals"
0,2.45464112974544,8.07167465972825,0,89.4736842105263,0,1.96040167879358,0.571771024296644,2.64484112601705,0,0,7.29368003633544,707.279409251441,"Pasture_Minimal use","Pasture","Minimal use","AD1_2008__Franzen 1","AD1_2008__Franzen 1 ","56.641539,14.196011","aerial transect","AD1_2008__Franzen 1  16",6.26909628370626,527,527,1,"Sweden","2005","individuals"
0,1.42016074468573,0.0976462045469017,0.571461806702792,97.9107312440646,0.00837608302367375,6.51851224899292,1.76051294803619,2.82306815897507,91.5790009637892,0,6.41359863281252,1011.52590510901,"Semi-natural vegetation_Minimal use","Semi-natural vegetation","Minimal use","AD1_2008__Goulson 1","AD1_2008__Goulson 1 ","49.469167,20.221944","systematic searching","AD1_2008__Goulson 1  1",3.36729582998647,28,28,1,"Poland","2006","individuals"
0.590059691578717,0.249324193861823,2.62088627314098,1.05100803690721,95.4887218045113,0.00219818100857014,6.4505615234375,1.79637694358826,2.51257240525192,98.1243222352504,0,6.41359863281252,1011.52590510901,"Pasture_Minimal use","Pasture","Minimal use","AD1_2008__Goulson 1","AD1_2008__Goulson 1 ","49.485556,20.173889","systematic searching","AD1_2008__Goulson 1  2",3.09104245335832,21,21,1,"Poland","2006","individuals"
0,0,12.3949579831933,0,87.6050420168067,0,4.16731745278424,1.65681221959489,2.32486647149941,100,0,6.60995257514696,970.68312397677,"Pasture_Minimal use","Pasture","Minimal use","AD1_2008__Goulson 1","AD1_2008__Goulson 1 ","49.526667,20.345556","systematic searching","AD1_2008__Goulson 1  3",3.43398720448515,30,30,1,"Poland","2006","individuals"
0,0,0,0,100,0.00060130996857701,2.5344225778151,1.59014688976788,2.2097527349662,100,0,6.35753499966951,1017.47962905633,"Semi-natural vegetation_Minimal use","Semi-natural vegetation","Minimal use","AD1_2008__Goulson 1","AD1_2008__Goulson 1 ","49.544444,20.233611","systematic searching","AD1_2008__Goulson 1  4",3.61091791264422,36,36,1,"Poland","2006","individuals"
0,0,100,0,0,0.00013569569269789,1.9564090752613,1.44511935158125,0.582572116711843,94.5559899783855,0,6.2351328939133,1030.47822203699,"Pasture_Minimal use","Pasture","Minimal use","AD1_2008__Goulson 1","AD1_2008__Goulson 1 ","49.548889,20.211944","systematic searching","AD1_2008__Goulson 1  5",4.00733318523247,54,54,1,"Poland","2006","individuals"
0,0,100,0,0,0,0.87613110637255,1.28813419626487,0.648540315020453,93.1798538093268,0,6.30075630421567,1033.71419654321,"Pasture_Minimal use","Pasture","Minimal use","AD1_2008__Goulson 1","AD1_2008__Goulson 1 ","49.557778,20.256944","systematic searching","AD1_2008__Goulson 1  6",3.3322045101752,27,27,1,"Poland","2006","individuals"
0,0,87.6508913922123,0,0,0,2.27224150327519,1.59470783301867,1.49939598871151,97.2295983443523,0,6.43002227503095,1004.37650764719,"Pasture_Minimal use","Pasture","Minimal use","AD1_2008__Goulson 1","AD1_2008__Goulson 1 ","49.545556,20.250556","systematic searching","AD1_2008__Goulson 1  7",3.85014760171006,46,46,1,"Poland","2006","individuals"
0.539732481608936,0,8.61519709585585,0,90.8450704225352,0.00648693859600582,2.59445103109788,1.70509001459291,1.7428190175018,73.1938147608305,0,6.55731608072921,979.978012153879,"Pasture_Minimal use","Pasture","Minimal use","AD1_2008__Goulson 1","AD1_2008__Goulson 1 ","49.516667,20.290278","systematic searching","AD1_2008__Goulson 1  8",3.3322045101752,27,27,1,"Poland","2006","individuals"
0,0,14.5833333333333,0,85.4166666666667,0.00446270001175237,3.23997316451582,1.50341637734996,2.78464545709533,95.5991497389933,0,6.36883951822921,1029.98863370158,"Pasture_Minimal use","Pasture","Minimal use","AD1_2008__Goulson 1","AD1_2008__Goulson 1 ","49.559722,20.306389","systematic searching","AD1_2008__Goulson 1  9",3.46573590279973,31,31,1,"Poland","2006","individuals"
0.73318958104628,0.382494763014007,3.51903678712588,0,95.3652788688138,0,4.99283604225993,1.73106285442252,2.25689585453598,87.5160338667009,0,6.73358561197921,948.851213150192,"Semi-natural vegetation_Minimal use","Semi-natural vegetation","Minimal use","AD1_2008__Goulson 1","AD1_2008__Goulson 1 ","49.515833,20.411667","systematic searching","AD1_2008__Goulson 1  10",3.66356164612965,38,38,1,"Poland","2006","individuals"
0.803043004661462,0.85409502673435,1.84140424265666,0,96.5014577259475,0.0245172885296261,6.07684372674788,1.80955615466162,2.267426181325,95.2955047766145,0,6.97286230924218,974.424254637439,"Semi-natural vegetation_Minimal use","Semi-natural vegetation","Minimal use","AD1_2008__Goulson 1","AD1_2008__Goulson 1 ","49.5525,20.4475","systematic searching","AD1_2008__Goulson 1  11",2.70805020110221,14,14,1,"Poland","2006","individuals"
0,0.153408696942293,4.16313806564763,0,95.6834532374101,0.00978777571685229,3.35469018614815,1.51521220489874,2.16368678597421,94.7097328984815,0,6.73358561197921,948.851213150192,"Pasture_Minimal use","Pasture","Minimal use","AD1_2008__Goulson 1","AD1_2008__Goulson 1 ","49.481944,20.405","systematic searching","AD1_2008__Goulson 1  12",3.29583686600433,26,26,1,"Poland","2006","individuals"
0.62857193836554,0.0926017409600832,1.38195055437426,0.427240138769747,97.4696356275304,0,1.4224392135053,2.33961375130593,1.98987806090331,95.5869778346557,0,6.67668775728624,906.783769660063,"Semi-natural vegetation_Minimal use","Semi-natural vegetation","Minimal use","AD1_2008__Goulson 1","AD1_2008__Goulson 1 ","49.4475,20.435833","systematic searching","AD1_2008__Goulson 1  13",1.79175946922805,5,5,1,"Poland","2006","individuals"
1.6911369731248,0,5.6337563444293,1.47567446101226,91.1994322214336,0.00466123412401943,4.08657544299251,1.56923837408385,2.29378564128764,89.7941949851006,0,6.40763432959006,1027.72643629918,"Semi-natural vegetation_Minimal use","Semi-natural vegetation","Minimal use","AD1_2008__Goulson 1","AD1_2008__Goulson 1 ","49.569722,20.34","systematic searching","AD1_2008__Goulson 1  14",3.61091791264422,36,36,1,"Poland","2006","individuals"
0,0,10,0,90,0,4.76979220625218,1.60939900155461,2.16823058253971,72.5643993662862,0,6.83417154947921,1002.85425991751,"Pasture_Minimal use","Pasture","Minimal use","AD1_2008__Goulson 1","AD1_2008__Goulson 1 ","49.605833,20.381111","systematic searching","AD1_2008__Goulson 1  15",3.58351893845611,35,35,1,"Poland","2006","individuals"
0,0,0,0,100,0,0.171504044394651,2.37019835700406,1.74213701659118,100,0,6.58677571614584,864.517273614183,"Semi-natural vegetation_Minimal use","Semi-natural vegetation","Minimal use","AD1_2008__Goulson 1","AD1_2008__Goulson 1 ","49.432222,20.486389","systematic searching","AD1_2008__Goulson 1  16",3.52636052461616,33,33,1,"Poland","2006","individuals"
0,0,0,0,100,0.00231124223047007,1.61275093786218,1.82148207021396,4.19251590268603,100,0,4.01418457031252,953.39430536842,"Pasture_Minimal use","Pasture","Minimal use","AD1_2008__Goulson 1","AD1_2008__Goulson 1 ","49.329167,20.106111","systematic searching","AD1_2008__Goulson 1  17",3.3322045101752,27,27,1,"Poland","2006","individuals"
3.16475006576944,0.262676585584747,9.96220439010819,5.24390933120842,81.3664596273292,0.00231231907923386,2.67739146516779,1.68924148892553,3.67363295666718,100,0,4.68878182527603,966.948968102533,"Pasture_Minimal use","Pasture","Minimal use","AD1_2008__Goulson 1","AD1_2008__Goulson 1 ","49.347056,20.135278","systematic searching","AD1_2008__Goulson 1  18",3.25809653802148,25,25,1,"Poland","2006","individuals"
0,0,0.697135302228195,1.86696726187437,97.4358974358974,0.00686026600702433,1.46252179478996,2.30475353449185,3.43984315071968,100,0,4.94941880664417,922.102092419502,"Pasture_Minimal use","Pasture","Minimal use","AD1_2008__Goulson 1","AD1_2008__Goulson 1 ","49.345722,20.186","systematic searching","AD1_2008__Goulson 1  19",3.3322045101752,27,27,1,"Poland","2006","individuals"
0,0,0,0,100,0.0003611849567237,3.63863015174866,1.49823987483978,1.91847975644899,92.5694462234405,0,6.40757649739584,961.538371106144,"Pasture_Minimal use","Pasture","Minimal use","AD1_2008__Goulson 1","AD1_2008__Goulson 1 ","49.374306,20.181556","systematic searching","AD1_2008__Goulson 1  20",3.36729582998647,28,28,1,"Poland","2006","individuals"
9.9719892956098,0,10.7157606182745,16.5215524116971,62.7906976744186,0.00287616131008251,1.13164985179901,1.97915506362915,3.07215271351487,100,0,3.82961425781252,978.738662262913,"Pasture_Minimal use","Pasture","Minimal use","AD1_2008__Goulson 1","AD1_2008__Goulson 1 ","49.325861,20.029722","systematic searching","AD1_2008__Goulson 1  21",3.3322045101752,27,27,1,"Poland","2006","individuals"
7.61379137610332,0,64.2717375910805,16.8231946369837,0,0.00212583436041074,0.493329918046895,1.78267308802549,2.26516556530988,61.5249776416785,0,3.8348481438111,978.019968812724,"Pasture_Minimal use","Pasture","Minimal use","AD1_2008__Goulson 1","AD1_2008__Goulson 1 ","49.297444,20.038083","systematic searching","AD1_2008__Goulson 1  22",3.80666248977032,44,44,1,"Poland","2006","individuals"
2.25838309226575,0,0.75865222731607,5.67861685433123,91.304347826087,0.00536495554231458,1.0523764532712,1.93966738687316,3.51538903779883,100,0,3.82961425781252,978.738662262913,"Pasture_Minimal use","Pasture","Minimal use","AD1_2008__Goulson 1","AD1_2008__Goulson 1 ","49.306278,20.007889","systematic searching","AD1_2008__Goulson 1  23",3.87120101090789,47,47,1,"Poland","2006","individuals"
0,0,0,0,100,0.00041402527736504,0.948802530765533,1.66202509403229,2.63676294237648,98.900670585814,0,4.02085774739584,992.252368887421,"Pasture_Minimal use","Pasture","Minimal use","AD1_2008__Goulson 1","AD1_2008__Goulson 1 ","49.284083,19.921278","systematic searching","AD1_2008__Goulson 1  24",3.80666248977032,44,44,1,"Poland","2006","individuals"
0.292878243915719,0,3.61746324532068,0.635113056218144,95.4545454545455,0.00842496639869949,2.67712545394897,1.63493514060974,3.06094074133468,100,0,4.31659342447921,990.384009142872,"Pasture_Minimal use","Pasture","Minimal use","AD1_2008__Goulson 1","AD1_2008__Goulson 1 ","49.311417,19.832556","systematic searching","AD1_2008__Goulson 1  25",3.04452243772342,20,20,1,"Poland","2006","individuals"
3.9480557188243,0,0,14.5450949661072,81.5068493150685,0.00667406699233917,2.1054702956559,1.39423048850413,3.32643163481247,100,0,4.19262634180717,991.167191980999,"Pasture_Minimal use","Pasture","Minimal use","AD1_2008__Goulson 1","AD1_2008__Goulson 1 ","49.334972,19.84825","systematic searching","AD1_2008__Goulson 1  26",3.43398720448515,30,30,1,"Poland","2006","individuals"
0,0,100,0,0,0,0.440495552609563,1.71757709764854,1.13917591284316,83.3389826940023,0,3.71523949736295,973.404096197388,"Pasture_Minimal use","Pasture","Minimal use","AD1_2008__Goulson 1","AD1_2008__Goulson 1 ","49.256111,20.002222","systematic searching","AD1_2008__Goulson 1  27",3.17805383034795,23,23,1,"Poland","2006","individuals"
0,0,96.5163977892066,0,0,0,1.75712415048262,1.98628503441995,1.63466922448993,70.3989386958369,0,2.7119450695914,926.609327954093,"Pasture_Minimal use","Pasture","Minimal use","AD1_2008__Goulson 1","AD1_2008__Goulson 1 ","49.241111,20.002222","systematic searching","AD1_2008__Goulson 1  28",2.56494935746154,12,12,1,"Poland","2006","individuals"
0,0,85.7607892372349,0,0,0.0396939897412975,3.86058020591736,1.63855957984924,3.11545737143858,92.824169688525,0,2.71145019531252,926.586246467195,"Pasture_Minimal use","Pasture","Minimal use","AD1_2008__Goulson 1","AD1_2008__Goulson 1 ","49.234444,19.975278","systematic searching","AD1_2008__Goulson 1  29",0,0,0,1,"Poland","2006","individuals"
0,0,100,0,0,0,1.65052795598139,1.67903050155742,1.54927110153296,35.6548792290488,0,3.44561538617083,960.828527703438,"Pasture_Minimal use","Pasture","Minimal use","AD1_2008__Goulson 1","AD1_2008__Goulson 1 ","49.252222,19.971389","systematic searching","AD1_2008__Goulson 1  30",2.30258509299405,9,9,1,"Poland","2006","individuals"
6.06416306378164,0,93.9358369362183,0,0,0,0.492831110954285,1.70023047924042,1.78415023257231,48.5502365687108,0,3.82961425781252,978.738662262913,"Pasture_Minimal use","Pasture","Minimal use","AD1_2008__Goulson 1","AD1_2008__Goulson 1 ","49.2675,19.978333","systematic searching","AD1_2008__Goulson 1  31",2.70805020110221,14,14,1,"Poland","2006","individuals"
0,0,0,0,100,0,3.06058806103496,1.6933549110897,1.40709941379238,65.762693495038,0,6.41359863281252,1011.52590510901,"Pasture_Minimal use","Pasture","Minimal use","AD1_2008__Goulson 1","AD1_2008__Goulson 1 ","49.504167,20.185833","systematic searching","AD1_2008__Goulson 1  32",3.73766961828337,41,41,1,"Poland","2006","individuals"
3.00995226552007,0,0,1.51091326771022,95.4791344667697,0.336183185005666,88.0792846679688,1.96875619888306,2.76469066188303,0,0,10.7931559244792,600.667898135725,"Semi-natural vegetation_Light use","Semi-natural vegetation","Light use","AD1_2011b_Hanley 1","AD1_2011b_Hanley 1 ","51.237783,-1.335766","aerial transect","AD1_2011b_Hanley 1  1",6.65929391968364,779,779,1,"United Kingdom","2011","individuals"
4.34009426036072,0,8.53317424504965,4.2714511816822,82.8552803129074,0.1442728980404,74.9231678371826,2.07390512986852,1.86493187664836,0,0,10.8016624685011,599.182749061191,"Semi-natural vegetation_Intense use","Semi-natural vegetation","Intense use","AD1_2011b_Hanley 1","AD1_2011b_Hanley 1 ","51.231701,-1.351968","aerial transect","AD1_2011b_Hanley 1  2",5.78996017089725,326,326,1,"United Kingdom","2011","individuals"
4.11976205782294,0,0,1.99550678889084,89.5895623810818,1.10039207353932,88.0792846679688,1.96875619888306,3.37006859573698,0,0,10.7931559244792,600.667898135725,"Semi-natural vegetation_Intense use","Semi-natural vegetation","Intense use","AD1_2011b_Hanley 1","AD1_2011b_Hanley 1 ","51.219032,-1.32447","aerial transect","AD1_2011b_Hanley 1  5",5.79909265446053,329,329,1,"United Kingdom","2011","individuals"
0,0,0,3.45903470584659,91.3348946135831,0.691666388575877,87.9967775990595,1.97051526636047,3.38503121032737,0,0,10.7691735572665,597.259526218728,"Semi-natural vegetation_Light use","Semi-natural vegetation","Light use","AD1_2011b_Hanley 1","AD1_2011b_Hanley 1 ","51.245407,-1.314698","aerial transect","AD1_2011b_Hanley 1  8",6.08449941307517,438,438,1,"United Kingdom","2011","individuals"
0,0,0,1.12124321204547,92.352559948153,0,59.5993778460131,1.91390519222373,2.95133470519885,100,0,11.7919555664063,945.931827416643,"Semi-natural vegetation_Intense use","Semi-natural vegetation","Intense use","AD1_2011__Hanley 1","AD1_2011__Hanley 1 Keyneden","50.28522,-3.706796","aerial transect","AD1_2011__Hanley 1 Keyneden 1",3.25809653802148,25,25,1,"United Kingdom","2007","individuals"
0.990897814569091,0,0,6.76924327890534,92.2398589065256,0,63.100461234141,1.9438779110659,2.53617905604381,100,0,11.7919555664063,945.931827416644,"Semi-natural vegetation_Intense use","Semi-natural vegetation","Intense use","AD1_2011__Hanley 1","AD1_2011__Hanley 1 Keyneden","50.277047,-3.712118","aerial transect","AD1_2011__Hanley 1 Keyneden 2",3.73766961828337,41,41,1,"United Kingdom","2007","individuals"
0,0,0,16.7452830188679,83.2547169811321,0,60.7337633303688,1.93900585819992,4.26860554214737,100,0,11.7919555664063,945.931827416643,"Semi-natural vegetation_Intense use","Semi-natural vegetation","Intense use","AD1_2011__Hanley 1","AD1_2011__Hanley 1 Malston","50.294734,-3.732409","aerial transect","AD1_2011__Hanley 1 Malston 3",2.19722457733622,8,8,1,"United Kingdom","2007","individuals"
0,0,0,10.499718242807,82.5259515570934,0,63.6817932128906,1.94885468482971,2.85487015704206,100,0,11.7919555664063,945.931827416644,"Semi-natural vegetation_Intense use","Semi-natural vegetation","Intense use","AD1_2011__Hanley 1","AD1_2011__Hanley 1 Malston","50.285829,-3.72647","aerial transect","AD1_2011__Hanley 1 Malston 4",2.56494935746154,12,12,1,"United Kingdom","2007","individuals"
5.63428617950937,0.467300559218147,0.132175372965324,4.75582122164049,89.0104166666667,0.403676590993691,28.353906524807,1.99564710594768,2.99761858869688,0,0,10.7548461914063,1072.46884889901,"Semi-natural vegetation_Intense use","Semi-natural vegetation","Intense use","AD1_2011__Hanley 1","AD1_2011__Hanley 1 Moorhill","50.892121,-4.102861","aerial transect","AD1_2011__Hanley 1 Moorhill 5",3.13549421592915,22,22,1,"United Kingdom","2007","individuals"
1.35247381985964,0,0.637423128111342,5.00695839794096,93.0031446540881,0.411004423201016,29.1458716930631,1.97804388806559,2.89220676893215,0,0,10.7548461914063,1072.46884889901,"Semi-natural vegetation_Intense use","Semi-natural vegetation","Intense use","AD1_2011__Hanley 1","AD1_2011__Hanley 1 Moorhill","50.898232,-4.113091","aerial transect","AD1_2011__Hanley 1 Moorhill 6",2.39789527279837,10,10,1,"United Kingdom","2007","individuals"
0,0,0.343027218542222,6.11477329296673,93.542199488491,0.392810560138275,26.8071161774127,1.96062230205453,2.84085070123816,0,0,10.7548461914063,1072.46884889901,"Semi-natural vegetation_Intense use","Semi-natural vegetation","Intense use","AD1_2011__Hanley 1","AD1_2011__Hanley 1 Pinkhill","50.902828,-4.10761","aerial transect","AD1_2011__Hanley 1 Pinkhill 7",2.56494935746154,12,12,1,"United Kingdom","2007","individuals"
0,0,0.860024599374937,4.69553095618062,94.4444444444444,0.325869177299571,25.7745323181152,1.93983089923859,2.81455191754068,0,0,10.7548461914063,1072.46884889901,"Semi-natural vegetation_Intense use","Semi-natural vegetation","Intense use","AD1_2011__Hanley 1","AD1_2011__Hanley 1 Pinkhill","50.909888,-4.115042","aerial transect","AD1_2011__Hanley 1 Pinkhill 8",3.71357206670431,40,40,1,"United Kingdom","2007","individuals"
0,0,0,1.42695199798979,91.8439716312057,0,59.5739564948625,1.91368756044301,2.89535547739706,100,0,11.09267578125,949.22546565067,"Semi-natural vegetation_Intense use","Semi-natural vegetation","Intense use","AD1_2011__Hanley 1","AD1_2011__Hanley 1 Sherford","50.284321,-3.706764","aerial transect","AD1_2011__Hanley 1 Sherford 9",3.09104245335832,21,21,1,"United Kingdom","2008","individuals"
0,0,0,15.0403521643434,84.9596478356566,0,63.6817932128906,1.94885468482971,2.61295157879004,100,0,11.09267578125,949.22546565067,"Semi-natural vegetation_Intense use","Semi-natural vegetation","Intense use","AD1_2011__Hanley 1","AD1_2011__Hanley 1 Sherford","50.28056,-3.717858","aerial transect","AD1_2011__Hanley 1 Sherford 10",3.2188758248682,24,24,1,"United Kingdom","2008","individuals"
0,0,0,4.81841064365337,95.1815893563466,0,34.5914385246019,1.59343936320315,3.1466653440338,79.5828607033593,0,10.6935805579783,962.189287918575,"Semi-natural vegetation_Intense use","Semi-natural vegetation","Intense use","AD1_2011__Hanley 1","AD1_2011__Hanley 1 Scobbiscombe/Oekenbury","50.31183,-3.904383","aerial transect","AD1_2011__Hanley 1 Scobbiscombe/Oekenbury 11",3.25809653802148,25,25,1,"United Kingdom","2008","individuals"
0,0,0,7.28689994153818,85.1151315789474,0,18.670840281056,1.3670597076416,3.20536349545761,0.00042269396220445,0,10.710423449614,966.208609294244,"Semi-natural vegetation_Intense use","Semi-natural vegetation","Intense use","AD1_2011__Hanley 1","AD1_2011__Hanley 1 Scobbiscombe/Oekenbury","50.301643,-3.922232","aerial transect","AD1_2011__Hanley 1 Scobbiscombe/Oekenbury 12",2.19722457733622,8,8,1,"United Kingdom","2008","individuals"
2.77827532643572,0.151284225379627,0.851270101018414,2.3098219052399,93.9093484419263,0.254958581274506,24.0246310483149,1.99057322478435,2.22322935798965,0,0,10.0549153645833,1122.7428978309,"Semi-natural vegetation_Intense use","Semi-natural vegetation","Intense use","AD1_2011__Hanley 1","AD1_2011__Hanley 1 Moorhill","50.887883,-4.088452","aerial transect","AD1_2011__Hanley 1 Moorhill 13",2.70805020110221,14,14,1,"United Kingdom","2008","individuals"
5.46493493199291,1.8088950397978,3.98585568233809,5.29733188973085,83.4429824561403,0.200486131076056,23.6678352355957,1.99005508422852,2.00006735896574,0,0,10.0549153645833,1122.7428978309,"Semi-natural vegetation_Intense use","Semi-natural vegetation","Intense use","AD1_2011__Hanley 1","AD1_2011__Hanley 1 Moorhill","50.870885,-4.083427","aerial transect","AD1_2011__Hanley 1 Moorhill 14",0,0,0,1,"United Kingdom","2008","individuals"
0,0,0.860024599374937,4.69553095618062,94.4444444444444,0.325869177299571,25.7745323181152,1.93983089923859,2.81455191754068,0,0,10.0549153645833,1122.7428978309,"Semi-natural vegetation_Intense use","Semi-natural vegetation","Intense use","AD1_2011__Hanley 1","AD1_2011__Hanley 1 Pinkhill","50.909888,-4.115042","aerial transect","AD1_2011__Hanley 1 Pinkhill 15",0,0,0,1,"United Kingdom","2008","individuals"
1.52844817186637,0,0,5.27628555594428,93.1952662721893,0.460946602342144,28.050060111024,1.98089897496847,2.92756657114829,0,0,10.0549153645833,1122.7428978309,"Semi-natural vegetation_Intense use","Semi-natural vegetation","Intense use","AD1_2011__Hanley 1","AD1_2011__Hanley 1 Pinkhill","50.897461,-4.105946","aerial transect","AD1_2011__Hanley 1 Pinkhill 16",2.30258509299405,9,9,1,"United Kingdom","2008","individuals"
0,0,0,5.93193414981744,85.1297405189621,0,63.6817932128906,1.94885468482971,3.13055169963232,100,0,11.0409739176433,1001.18303834461,"Semi-natural vegetation_Intense use","Semi-natural vegetation","Intense use","AD1_2011__Hanley 1","AD1_2011__Hanley 1 Sherford","50.287731,-3.71952","aerial transect","AD1_2011__Hanley 1 Sherford 17",2.07944154167984,7,7,1,"United Kingdom","2009","individuals"
1.69487413035322,0,0,1.78470226904164,96.5204236006051,0,59.3940376267202,1.91214727789369,2.60349897285548,100,0,11.0409739176433,1001.18303834461,"Semi-natural vegetation_Intense use","Semi-natural vegetation","Intense use","AD1_2011__Hanley 1","AD1_2011__Hanley 1 Sherford","50.278028,-3.706539","aerial transect","AD1_2011__Hanley 1 Sherford 18",3.09104245335832,21,21,1,"United Kingdom","2009","individuals"
0,0,0,4.27395198507794,95.4154727793696,0,22.9890118347461,1.38823291627931,3.29809544445374,28.1030539728568,0,10.6702092347086,993.161556565164,"Semi-natural vegetation_Intense use","Semi-natural vegetation","Intense use","AD1_2011__Hanley 1","AD1_2011__Hanley 1 Kingston","50.303603,-3.912481","aerial transect","AD1_2011__Hanley 1 Kingston 19",2.30258509299405,9,9,1,"United Kingdom","2009","individuals"
0,0,0,10.2506359892359,77.7564717162033,0,16.556412610317,1.3670597076416,2.98320395657385,0,0,10.6526564814372,993.888636787397,"Semi-natural vegetation_Intense use","Semi-natural vegetation","Intense use","AD1_2011__Hanley 1","AD1_2011__Hanley 1 Kingston","50.300651,-3.927809","aerial transect","AD1_2011__Hanley 1 Kingston 20",4.02535169073515,55,55,1,"United Kingdom","2009","individuals"
1.91949251210082,0,1.8450489152981,5.60574899746716,73.7339055793991,0,30.9681276331223,1.9958567160183,3.18207378786428,0,0,10.6891783197909,1055.3229547118,"Semi-natural vegetation_Intense use","Semi-natural vegetation","Intense use","AD1_2011__Hanley 1","AD1_2011__Hanley 1 Holwood/A38","50.417961,-4.256343","aerial transect","AD1_2011__Hanley 1 Holwood/A38 21",2.89037175789616,17,17,1,"United Kingdom","2009","individuals"
0,0.346725695781141,0.524979905329353,12.9565331179579,86.1717612809316,0,42.3305206372307,1.93667317951861,3.66517961285017,0,0,10.6477038196585,1059.62201149288,"Semi-natural vegetation_Intense use","Semi-natural vegetation","Intense use","AD1_2011__Hanley 1","AD1_2011__Hanley 1 Holwood/A38","50.444823,-4.308329","aerial transect","AD1_2011__Hanley 1 Holwood/A38 22",3.25809653802148,25,25,1,"United Kingdom","2009","individuals"
0,0.260770842732652,0,3.68533117844155,96.0538979788258,0,36.0491111351803,1.94076474522248,3.32705516802053,0,0,10.5997766449246,1060.09680876162,"Semi-natural vegetation_Intense use","Semi-natural vegetation","Intense use","AD1_2011__Hanley 1","AD1_2011__Hanley 1 Holwood/Howtown","50.446871,-4.295751","aerial transect","AD1_2011__Hanley 1 Holwood/Howtown 23",3.25809653802148,25,25,1,"United Kingdom","2009","individuals"
0,0,4.3367454103621,8.05781633513965,76.0895170789164,0,41.9650772395006,1.951259815436,3.46312913345596,0,0,10.5934087978574,1060.15989273041,"Semi-natural vegetation_Intense use","Semi-natural vegetation","Intense use","AD1_2011__Hanley 1","AD1_2011__Hanley 1 Holwood/Howtown","50.447126,-4.328161","aerial transect","AD1_2011__Hanley 1 Holwood/Howtown 24",4.04305126783455,56,56,1,"United Kingdom","2009","individuals"
0,0,0,19.1204588910134,80.8795411089866,0,46.0231094360352,1.89428949356079,3.30011474845972,0,0,10.7048736572266,1059.05565049034,"Semi-natural vegetation_Intense use","Semi-natural vegetation","Intense use","AD1_2011__Hanley 1","AD1_2011__Hanley 1 Quitheock.Wisewandra","50.438197,-4.324906","aerial transect","AD1_2011__Hanley 1 Quitheock.Wisewandra 25",2.94443897916644,18,18,1,"United Kingdom","2009","individuals"
0,0,0,5.8080808080808,94.1919191919192,0,38.7987310992137,1.94375612543506,3.43890333646211,0,0,10.6125901505607,1065.71522308401,"Semi-natural vegetation_Intense use","Semi-natural vegetation","Intense use","AD1_2011__Hanley 1","AD1_2011__Hanley 1 Quitheock.Wisewandra","50.443978,-4.350543","aerial transect","AD1_2011__Hanley 1 Quitheock.Wisewandra 26",3.40119738166216,29,29,1,"United Kingdom","2009","individuals"
0,0,0,11.2235780148259,87.0582836163378,0,63.6817932128906,1.94885468482971,2.97380157762568,100,0,10.052267964681,799.556881072931,"Semi-natural vegetation_Intense use","Semi-natural vegetation","Intense use","AD1_2011__Hanley 1","AD1_2011__Hanley 1 Sherford","50.284804,-3.734856","aerial transect","AD1_2011__Hanley 1 Sherford 27",3.68887945411394,39,39,1,"United Kingdom","2010","individuals"
1.40789606455905,0,0,2.69857661071017,95.8333333333333,0,62.2683696406898,1.93675438825378,2.44833490127316,100,0,10.052267964681,799.556881072931,"Semi-natural vegetation_Intense use","Semi-natural vegetation","Intense use","AD1_2011__Hanley 1","AD1_2011__Hanley 1 Sherford","50.272573,-3.710554","aerial transect","AD1_2011__Hanley 1 Sherford 28",3.95124371858143,51,51,1,"United Kingdom","2010","individuals"
0,0,0,0.364298724954466,99.6357012750455,0,44.4104614257812,2.11140155792236,3.40999493840643,100,0,9.59505847370939,786.503832660749,"Semi-natural vegetation_Intense use","Semi-natural vegetation","Intense use","AD1_2011__Hanley 1","AD1_2011__Hanley 1 Aveton","50.337568,-3.87028","aerial transect","AD1_2011__Hanley 1 Aveton 29",2.30258509299405,9,9,1,"United Kingdom","2010","individuals"
0,0.12269046622969,0,3.67157597559156,96.2057335581787,0,32.3047409057617,2.0474545955658,3.0008275138852,100,0,9.94614817301436,800.583239644766,"Semi-natural vegetation_Intense use","Semi-natural vegetation","Intense use","AD1_2011__Hanley 1","AD1_2011__Hanley 1 Aveton","50.316732,-3.823108","aerial transect","AD1_2011__Hanley 1 Aveton 30",3.13549421592915,22,22,1,"United Kingdom","2010","individuals"
0,0.371257608531562,2.1921334528417,2.19296070074692,88.6182276354473,0,30.8675175905099,2.23891027784348,2.47367442008542,0,0,9.35125885009768,797.634953749366,"Semi-natural vegetation_Intense use","Semi-natural vegetation","Intense use","AD1_2011__Hanley 1","AD1_2011__Hanley 1 Yealmpton","50.364323,-3.992257","aerial transect","AD1_2011__Hanley 1 Yealmpton 31",3.52636052461616,33,33,1,"United Kingdom","2010","individuals"
4.15920319821808,0.096770195199278,0.595583068633346,7.0203647202153,88.128078817734,0,29.6664086443156,2.00632420350273,2.68739574444404,0,0,9.35125885009768,797.634953749366,"Semi-natural vegetation_Intense use","Semi-natural vegetation","Intense use","AD1_2011__Hanley 1","AD1_2011__Hanley 1 Yealmpton","50.352591,-3.994577","aerial transect","AD1_2011__Hanley 1 Yealmpton 32",4.47733681447821,87,87,1,"United Kingdom","2010","individuals"
0,0,0,9.67261904761905,90.327380952381,0,41.922446118603,1.9312839258849,3.1000572501291,0,0,9.66638364088215,845.863215741065,"Semi-natural vegetation_Intense use","Semi-natural vegetation","Intense use","AD1_2011__Hanley 1","AD1_2011__Hanley 1 Trematon/Blunts","50.44412,-4.343508","aerial transect","AD1_2011__Hanley 1 Trematon/Blunts 33",3.13549421592915,22,22,1,"United Kingdom","2010","individuals"
0,0.345172519973874,6.71562852875443,2.37658552114465,90.562613430127,0,34.4923210144043,2.01029992103577,2.64242344079025,0,0,9.73358306884768,843.151586246677,"Semi-natural vegetation_Intense use","Semi-natural vegetation","Intense use","AD1_2011__Hanley 1","AD1_2011__Hanley 1 Trematon/Blunts","50.411479,-4.265888","aerial transect","AD1_2011__Hanley 1 Trematon/Blunts 34",4.21950770517611,67,67,1,"United Kingdom","2010","individuals"
0,0.171276059219886,0,1.29931217607423,98.5294117647059,0.190790804978702,20.4579849243164,1.9610732793808,2.07249264197675,0,0,9.17752990722659,1144.47510766331,"Pasture_Light use","Pasture","Light use","AD1_2011__Power 1","AD1_2011__Power 1 1","52.3796649582,-7.52261322329","aerial transect","AD1_2011__Power 1 1 1",4.8283137373023,124,124,1,"Ireland","2009","individuals"
0.386928809456175,1.41156427610737,0,3.28625267714831,94.9152542372881,0.311349809156285,16.2245273590088,1.81749451160431,2.60157414548265,0,0,9.21317443847659,1167.20044391695,"Pasture_Intense use","Pasture","Intense use","AD1_2011__Power 1","AD1_2011__Power 1 1","52.3874536355,-7.58330384731","aerial transect","AD1_2011__Power 1 1 2",3.93182563272433,50,50,1,"Ireland","2009","individuals"
0,0,0,0,100,0,10.8113237595905,1.7017008837144,2.49886534754579,100,0,10.1693402105699,1300.11093373154,"Pasture_Light use","Pasture","Light use","AD1_2011__Power 1","AD1_2011__Power 1 2","52.2428859161,-7.25792017323","aerial transect","AD1_2011__Power 1 2 3",4.30406509320417,73,73,1,"Ireland","2009","individuals"
0,0,0,0,100,0,10.6260672991188,1.71138272293211,2.54153927957897,100,0,10.2580425733109,1317.90277777058,"Pasture_Intense use","Pasture","Intense use","AD1_2011__Power 1","AD1_2011__Power 1 2","52.240163336,-7.249546421","aerial transect","AD1_2011__Power 1 2 4",4.35670882668959,77,77,1,"Ireland","2009","individuals"
0,0,0.46141113195589,13.0001273295826,86.5384615384615,0.056275994602541,6.53520671244057,1.58082129540755,3.04238924417923,0,0,9.3687535218789,1141.77451007839,"Pasture_Light use","Pasture","Light use","AD1_2011__Power 1","AD1_2011__Power 1 3","53.5474940134,-7.24189416599","aerial transect","AD1_2011__Power 1 3 5",4.23410650459726,68,68,1,"Ireland","2009","individuals"
0,0,0,0,100,0.202436397955234,7.77387327859656,1.54344644084803,2.52895572008445,0,0,9.35193480567848,1138.6873636581,"Pasture_Intense use","Pasture","Intense use","AD1_2011__Power 1","AD1_2011__Power 1 3","53.5507731562,-7.21661924577","aerial transect","AD1_2011__Power 1 3 6",3.63758615972639,37,37,1,"Ireland","2009","individuals"
0,0,0,0,100,0.10802803704806,29.3518695831299,1.68800616264343,2.22159118647662,0,0,9.06099344889327,1078.8590220036,"Pasture_Light use","Pasture","Light use","AD1_2011__Power 1","AD1_2011__Power 1 4","52.9123109671,-7.03386047446","aerial transect","AD1_2011__Power 1 4 7",4.96284463025991,142,142,1,"Ireland","2009","individuals"
0,3.47523205237167,2.51365396841402,94.0111139792143,0,0.0432001816476218,15.3006582260132,2.07704257965088,2.10093676301951,0,0,9.06099344889327,1078.8590220036,"Pasture_Intense use","Pasture","Intense use","AD1_2011__Power 1","AD1_2011__Power 1 4","52.8904409565,-7.03355912664","aerial transect","AD1_2011__Power 1 4 8",3.55534806148941,34,34,1,"Ireland","2009","individuals"
0,0,0,0,100,0.0811173921001621,8.92067241668701,1.96157383918762,3.04702147087638,0,0,9.28495178222659,1188.92410921399,"Pasture_Light use","Pasture","Light use","AD1_2011__Power 1","AD1_2011__Power 1 5","52.4789786167,-7.6739892039","aerial transect","AD1_2011__Power 1 5 9",3.71357206670431,40,40,1,"Ireland","2009","individuals"
0,0,0,0,100,0.0785548750147979,8.92067241668701,1.96157383918762,2.86472225297361,0,0,9.28495178222659,1188.92410921399,"Pasture_Intense use","Pasture","Intense use","AD1_2011__Power 1","AD1_2011__Power 1 5","52.4701361529,-7.67470214097","aerial transect","AD1_2011__Power 1 5 10",3.49650756146648,32,32,1,"Ireland","2009","individuals"
0,0,0,0,100,0.0204866964060208,5.08345643469174,1.70376413810124,2.95255475707788,80.9391313386722,0,9.35624084472659,1176.71787517611,"Pasture_Light use","Pasture","Light use","AD1_2011__Power 1","AD1_2011__Power 1 6","53.49004249,-7.38978029072","aerial transect","AD1_2011__Power 1 6 11",4.48863636973214,88,88,1,"Ireland","2009","individuals"
0,0,0,0,100,0.153527592243287,10.3011908753575,1.58480016895933,2.65810761770817,100,0,9.35624084472659,1176.71787517611,"Pasture_Intense use","Pasture","Intense use","AD1_2011__Power 1","AD1_2011__Power 1 6","53.5249974007,-7.39615542165","aerial transect","AD1_2011__Power 1 6 12",4.04305126783455,56,56,1,"Ireland","2009","individuals"
0,0,0,0,100,0.309645271965522,16.2550652770481,1.62580130758409,2.47202412063871,0,0,9.23286844889327,1225.05688422825,"Pasture_Light use","Pasture","Light use","AD1_2011__Power 1","AD1_2011__Power 1 7","53.0597974836,-7.80643751797","aerial transect","AD1_2011__Power 1 7 13",4.47733681447821,87,87,1,"Ireland","2009","individuals"
0,0.0208661664614904,0,3.25782235812867,96.7213114754098,0.0528060443180484,10.8999807388123,1.52023800686638,3.31518343855725,0,0,9.11361462078358,1228.10398721741,"Pasture_Intense use","Pasture","Intense use","AD1_2011__Power 1","AD1_2011__Power 1 7","53.070171803,-7.75007654038","aerial transect","AD1_2011__Power 1 7 14",4.0943445622221,59,59,1,"Ireland","2009","individuals"
0,3.58828704622909,0,21.4117129537709,75,0.0555363943855157,4.26468629789872,2.03692752020366,2.70278547943678,0,0,9.60591532389327,1284.54939031508,"Pasture_Light use","Pasture","Light use","AD1_2011__Power 1","AD1_2011__Power 1 8","52.5330587,-8.60310302752","aerial transect","AD1_2011__Power 1 8 15",5.04985600724954,155,155,1,"Ireland","2009","individuals"
0,1.94971505666979,0,98.0502849433302,0,0.102000064730555,4.31878896501851,2.06466525238174,2.53851049443578,0,0,9.60591532389327,1284.54939031508,"Pasture_Intense use","Pasture","Intense use","AD1_2011__Power 1","AD1_2011__Power 1 8","52.5383027548,-8.6145696262","aerial transect","AD1_2011__Power 1 8 16",3.25809653802148,25,25,1,"Ireland","2009","individuals"
0,16.6511661865118,0,83.3488338134882,0,0.228336658936002,4.44683171619679,1.82591544782546,2.91277581471174,0,0,9.5911774257898,1284.75769385349,"Pasture_Light use","Pasture","Light use","AD1_2011__Power 1","AD1_2011__Power 1 9","52.533307336,-8.55409858212","aerial transect","AD1_2011__Power 1 9 17",4.9272536851572,137,137,1,"Ireland","2009","individuals"
0,0.140796389068055,1.40395366317638,90.8628269951991,0,0.148736569486487,5.1960921277693,1.55059046338236,2.46737951315648,0,0,9.5606679280599,1285.18891113345,"Pasture_Intense use","Pasture","Intense use","AD1_2011__Power 1","AD1_2011__Power 1 9","52.5109042041,-8.50699938973","aerial transect","AD1_2011__Power 1 9 18",3.78418963391826,43,43,1,"Ireland","2009","individuals"
0,0,0,38.7096774193548,61.2903225806452,0.131273331555576,13.5237399550734,1.91737143843882,3.19024329387435,100,0,9.96512756347659,1276.41723060515,"Pasture_Light use","Pasture","Light use","AD1_2011__Power 1","AD1_2011__Power 1 10","51.8308233168,-8.7042741072","aerial transect","AD1_2011__Power 1 10 19",4.38202663467388,79,79,1,"Ireland","2009","individuals"
0,0,0,89.7478556224398,0,0.153580209313165,13.5391341791973,1.917363399232,2.55853628364148,100,0,9.96512756347659,1276.41723060515,"Pasture_Intense use","Pasture","Intense use","AD1_2011__Power 1","AD1_2011__Power 1 10","51.8218505899,-8.70449675721","aerial transect","AD1_2011__Power 1 10 20",4.55387689160054,94,94,1,"Ireland","2009","individuals"
0.00742571197648183,0.975652450795478,0,0,99.016921837228,0.681381489846662,32.8850517272949,1.68569839000702,4.04504266416104,0,100,8.4288319905599,666.933053813409,"Semi-natural vegetation_Light use","Semi-natural vegetation","Light use","AD1_2011__Samnegard 1","AD1_2011__Samnegard 1 ","55.6861193326,13.1219874198","pan traps","AD1_2011__Samnegard 1  1",2.33537491581671,9.33333333333,4.666666666665,0.5,"Sweden","2009","effort-corrected individuals"
0,0.351242341899654,0,0,99.5004029008864,0,27.075786875131,1.85912633463279,4.05366629900344,0,100,8.8541249593099,654.28630419774,"Semi-natural vegetation_Light use","Semi-natural vegetation","Light use","AD1_2011__Samnegard 1","AD1_2011__Samnegard 1 ","55.4385183852,13.0993149715","pan traps","AD1_2011__Samnegard 1  2",1.54756250871601,3.7,3.7,1,"Sweden","2009","effort-corrected individuals"
0,0.0642157649702995,0,0,99.9357842350297,0,33.0123659026291,1.59155559565368,4.47807002022676,0,100,8.71953965479338,666.716415329172,"Semi-natural vegetation_Light use","Semi-natural vegetation","Light use","AD1_2011__Samnegard 1","AD1_2011__Samnegard 1 ","55.3986786761,13.3388742361","pan traps","AD1_2011__Samnegard 1  3",1.98100146886645,6.249999999999,6.249999999999,1,"Sweden","2009","effort-corrected individuals"
0,0.146938775510208,0,0,99.8530612244898,0,28.8284625279304,1.99709504956506,4.09914448446298,0,100,8.6842030843099,602.337358111981,"Semi-natural vegetation_Light use","Semi-natural vegetation","Light use","AD1_2011__Samnegard 1","AD1_2011__Samnegard 1 ","55.4333708291,14.0477515003","pan traps","AD1_2011__Samnegard 1  4",2.09323486381154,7.111111111106,7.111111111106,1,"Sweden","2009","effort-corrected individuals"
0,0.0787153652392902,0,0,99.9212846347607,0.363135876581113,34.0132527433904,1.77270745445523,2.17730849262407,0,100,8.19510065549393,687.997450018858,"Semi-natural vegetation_Light use","Semi-natural vegetation","Light use","AD1_2011__Samnegard 1","AD1_2011__Samnegard 1 ","55.755962536,13.2366892798","pan traps","AD1_2011__Samnegard 1  5",1.6094379124341,4,2,0.5,"Sweden","2009","effort-corrected individuals"
0.452836284521663,0.910881641191597,0,0,98.6362820742867,0.514583826324811,36.8929885827865,1.76071098083512,3.96276339848584,0,100,8.39772273972865,654.45633888098,"Semi-natural vegetation_Light use","Semi-natural vegetation","Light use","AD1_2011__Samnegard 1","AD1_2011__Samnegard 1 ","55.6438034135,13.2440418882","pan traps","AD1_2011__Samnegard 1  6",1.38629436112014,3.000000000001,3.000000000001,1,"Sweden","2009","effort-corrected individuals"
0,0,0,0,99.9355254674404,0,31.4087745506778,1.71184530916035,2.95030080699594,0,0,8.43501688639327,610.226923308801,"Semi-natural vegetation_Light use","Semi-natural vegetation","Light use","AD1_2011__Samnegard 1","AD1_2011__Samnegard 1 ","55.4726281561,13.6901437203","pan traps","AD1_2011__Samnegard 1  7",1.69459572077396,4.444444444442,2.222222222221,0.5,"Sweden","2009","effort-corrected individuals"
0.508352503290826,0,0,0.808168913360387,98.6834785833488,0,37.6469234756054,1.7711333577564,3.36410010628434,0,100,8.45062943753358,582.340669762067,"Semi-natural vegetation_Light use","Semi-natural vegetation","Light use","AD1_2011__Samnegard 1","AD1_2011__Samnegard 1 ","55.5219848164,13.9646234835","pan traps","AD1_2011__Samnegard 1  8",2.08389589202918,7.035714285714,7.035714285714,1,"Sweden","2009","effort-corrected individuals"
0,0.374579189439795,0,0,99.4957135653051,0,37.3177035067982,1.70174056337799,3.60710670743675,0,100,8.45047912597659,582.269886217546,"Semi-natural vegetation_Light use","Semi-natural vegetation","Light use","AD1_2011__Samnegard 1","AD1_2011__Samnegard 1 ","55.4776851255,14.0062187103","pan traps","AD1_2011__Samnegard 1  9",3.09557760852371,21.1,10.55,0.5,"Sweden","2009","effort-corrected individuals"
0,25.0040370273489,0,24.9959629726511,50,0.0643270895567406,7.43279898732021,2.61237386884199,2.4686972250721,100,0,9.07244005721726,702.848890778,"Pasture_Minimal use","Pasture","Minimal use","AD1_2012__Osgathorpe 1","AD1_2012__Osgathorpe 1 ","51.2527286082,-2.79237030037","aerial transect","AD1_2012__Osgathorpe 1  1",2.56494935746154,12,12,1,"United Kingdom","2010","individuals"
0,25.7699719929521,0,26.2300280070479,48,0.072955606932286,8.76920372329976,2.49646565103867,2.50329081319101,100,0,9.09901090556339,702.75233811511,"Pasture_Minimal use","Pasture","Minimal use","AD1_2012__Osgathorpe 1","AD1_2012__Osgathorpe 1 ","51.249141827,-2.79087583282","aerial transect","AD1_2012__Osgathorpe 1  2",2.99573227355399,19,19,1,"United Kingdom","2010","individuals"
0,25.7233917397795,0,26.2766082602205,48,0.0729026834537898,8.37692747907912,2.52881574961542,2.48924400085042,100,0,9.09227502590984,702.776814831434,"Pasture_Minimal use","Pasture","Minimal use","AD1_2012__Osgathorpe 1","AD1_2012__Osgathorpe 1 ","51.2500409449,-2.79089125653","aerial transect","AD1_2012__Osgathorpe 1  3",3.04452243772342,20,20,1,"United Kingdom","2010","individuals"
0,15.1645497283004,0,15.7878312240805,69.047619047619,0.0861505289151587,11.0822606846057,2.30572287442859,2.38540650076202,100,0,9.14335005645262,702.59121931932,"Semi-natural vegetation_Intense use","Semi-natural vegetation","Intense use","AD1_2012__Osgathorpe 1","AD1_2012__Osgathorpe 1 ","51.2419585469,-2.78932003819","aerial transect","AD1_2012__Osgathorpe 1  4",3.71357206670431,40,40,1,"United Kingdom","2010","individuals"
0,28.0254853937157,0,29.1173717491414,42.8571428571429,0.0789951169553756,8.76316424452452,2.49003302667643,2.42724524233231,100,0,9.10554396180588,702.728598414789,"Pasture_Minimal use","Pasture","Minimal use","AD1_2012__Osgathorpe 1","AD1_2012__Osgathorpe 1 ","51.2482620322,-2.78799515101","aerial transect","AD1_2012__Osgathorpe 1  5",2.07944154167984,7,7,1,"United Kingdom","2010","individuals"
0,0,0,0,100,0.0560109938963573,5.13911638738938,2.78188761737926,2.08977692505746,100,0,9.0415533879619,702.961126191999,"Semi-natural vegetation_Intense use","Semi-natural vegetation","Intense use","AD1_2012__Osgathorpe 1","AD1_2012__Osgathorpe 1 ","51.2581523296,-2.78816423223","aerial transect","AD1_2012__Osgathorpe 1  6",2.56494935746154,12,12,1,"United Kingdom","2010","individuals"
0,0,0,0,100,0.0906651567332355,6.35497395745683,2.6796815066808,2.19737797018914,100,0,9.06581373696304,702.872969379382,"Pasture_Minimal use","Pasture","Minimal use","AD1_2012__Osgathorpe 1","AD1_2012__Osgathorpe 1 ","51.2536759989,-2.78522176795","aerial transect","AD1_2012__Osgathorpe 1  7",2.63905732961526,13,13,1,"United Kingdom","2010","individuals"
0.186982347343299,0.577825253413087,0,0.614502744071201,98.6206896551724,0.0382414895794214,4.89152050018311,2.79627513885498,2.37687762851461,97.9892375861327,0,9.03989817301436,702.96714088181,"Pasture_Intense use","Pasture","Intense use","AD1_2012__Osgathorpe 1","AD1_2012__Osgathorpe 1 ","51.2689609926,-2.78548224633","aerial transect","AD1_2012__Osgathorpe 1  8",2.39789527279837,10,10,1,"United Kingdom","2010","individuals"
0.216442560437077,0.515473390903073,0,0.566785347361153,98.7012987012987,0.0321672397659065,4.89152050018311,2.79627513885498,2.4777178000944,96.7932837519548,0,9.03989817301436,702.96714088181,"Pasture_Minimal use","Pasture","Minimal use","AD1_2012__Osgathorpe 1","AD1_2012__Osgathorpe 1 ","51.2698601086,-2.7854975757","aerial transect","AD1_2012__Osgathorpe 1  9",0.693147180559945,1,1,1,"United Kingdom","2010","individuals"
0.252212298962075,0.466666764734663,0,0.538982571523386,98.7421383647799,0.0322735152590483,4.89152050018311,2.79627513885498,2.58372609352189,95.5974215062252,0,9.03989817301436,702.96714088181,"Pasture_Minimal use","Pasture","Minimal use","AD1_2012__Osgathorpe 1","AD1_2012__Osgathorpe 1 ","51.2707592245,-2.78551290587","aerial transect","AD1_2012__Osgathorpe 1  10",1.09861228866811,2,2,1,"United Kingdom","2010","individuals"
0,0,0,0,100,0.0850188129917359,7.06982475287125,2.62272919959804,2.23435953259322,100,0,9.07853034825818,702.826759989773,"Pasture_Intense use","Pasture","Intense use","AD1_2012__Osgathorpe 1","AD1_2012__Osgathorpe 1 ","51.2518873631,-2.7837583945","aerial transect","AD1_2012__Osgathorpe 1  11",1.38629436111989,3,3,1,"United Kingdom","2010","individuals"
0,0,0,0,100,0.147632456782897,11.187782011287,2.29723260750489,2.22755816349792,100,0,9.14536692301436,702.583890466485,"Semi-natural vegetation_Intense use","Semi-natural vegetation","Intense use","AD1_2012__Osgathorpe 1","AD1_2012__Osgathorpe 1 ","51.2374629481,-2.78924310297","aerial transect","AD1_2012__Osgathorpe 1  12",1.09861228866811,2,2,1,"United Kingdom","2010","individuals"
0,16.3695822818088,0,16.9637510515246,66.6666666666667,0.0707093516840567,9.68250668907913,2.41812141997462,2.46953786305936,100,0,9.11848359315731,702.681578618976,"Pasture_Light use","Pasture","Light use","AD1_2012__Osgathorpe 1","AD1_2012__Osgathorpe 1 ","51.2464541422,-2.78939699327","aerial transect","AD1_2012__Osgathorpe 1  13",4.07753744390572,58,58,1,"United Kingdom","2010","individuals"
0,0,0,0,100,0.0606580527152224,6.006974139682,2.71761443400093,2.24230996500297,100,0,9.0544368873662,702.914310367429,"Pasture_Intense use","Pasture","Intense use","AD1_2012__Osgathorpe 1","AD1_2012__Osgathorpe 1 ","51.2554453221,-2.78955096298","aerial transect","AD1_2012__Osgathorpe 1  14",3.36729582998647,28,28,1,"United Kingdom","2010","individuals"
0,0,0,0,100,0.0697608348870943,4.89152050018311,2.79627513885498,2.04191776606308,100,0,9.03989817301436,702.96714088181,"Semi-natural vegetation_Intense use","Semi-natural vegetation","Intense use","AD1_2012__Osgathorpe 1","AD1_2012__Osgathorpe 1 ","51.2599890158,-2.78246300441","aerial transect","AD1_2012__Osgathorpe 1  15",3.63758615972639,37,37,1,"United Kingdom","2010","individuals"
0,0,0,0,100,0.140376733363492,10.8305311203003,2.32311296463013,2.4026063287576,100,0,9.14536692301436,702.583890466485,"Semi-natural vegetation_Intense use","Semi-natural vegetation","Intense use","AD1_2012__Osgathorpe 1","AD1_2012__Osgathorpe 1 ","51.2402274905,-2.77926259545","aerial transect","AD1_2012__Osgathorpe 1  16",0.693147180559945,1,1,1,"United Kingdom","2010","individuals"
0.0602240812754293,1.18511257492024,0,1.42133001047099,97.3333333333333,0.0535575441110889,4.89152050018311,2.79627513885498,2.13696158661711,100,0,9.03989817301436,702.96714088181,"Pasture_Minimal use","Pasture","Minimal use","AD1_2012__Osgathorpe 1","AD1_2012__Osgathorpe 1 ","51.2627150272,-2.7782095585","aerial transect","AD1_2012__Osgathorpe 1  17",3.40119738166216,29,29,1,"United Kingdom","2010","individuals"
0,0,0,0,100,0.142164435235259,10.8305311203003,2.32311296463013,2.45427132954119,100,0,9.14536692301436,702.583890466485,"Semi-natural vegetation_Intense use","Semi-natural vegetation","Intense use","AD1_2012__Osgathorpe 1","AD1_2012__Osgathorpe 1 ","51.2375586513,-2.7749201197","aerial transect","AD1_2012__Osgathorpe 1  18",3.58351893845611,35,35,1,"United Kingdom","2010","individuals"
0.162618251278654,1.69091246113647,0,2.69192383303942,95.4545454545455,0.0641026897695312,5.66427668941844,2.73470949736484,2.49381309557784,100,0,9.05353859790633,702.917574555244,"Pasture_Intense use","Pasture","Intense use","AD1_2012__Osgathorpe 1","AD1_2012__Osgathorpe 1 ","51.2555977034,-2.76662521526","aerial transect","AD1_2012__Osgathorpe 1  19",3.58351893845611,35,35,1,"United Kingdom","2010","individuals"
0.144913809940612,1.47397680680769,0,2.46274203631294,95.9183673469388,0.0608786003708379,5.38497231351776,2.75696173333896,2.51646832026669,100,0,9.04858049649389,702.935591213501,"Semi-natural vegetation_Intense use","Semi-natural vegetation","Intense use","AD1_2012__Osgathorpe 1","AD1_2012__Osgathorpe 1 ","51.2564968255,-2.76664016951","aerial transect","AD1_2012__Osgathorpe 1  20",0.693147180559945,1,1,1,"United Kingdom","2010","individuals"
0,0,0,0,100,0.081345331480586,7.78666388948173,2.56461988257483,2.42401884807722,100,0,9.08947696930036,702.883882614551,"Semi-natural vegetation_Intense use","Semi-natural vegetation","Intense use","AD1_2012__Osgathorpe 1","AD1_2012__Osgathorpe 1 ","51.2502216964,-2.76367010876","aerial transect","AD1_2012__Osgathorpe 1  21",3.52636052461616,33,33,1,"United Kingdom","2010","individuals"
0,0,0,0,100,0.0878211690831004,9.23545504198201,2.44092614648251,2.3663162782351,100,0,9.10027667258434,703.842844649132,"Semi-natural vegetation_Intense use","Semi-natural vegetation","Intense use","AD1_2012__Osgathorpe 1","AD1_2012__Osgathorpe 1 ","51.2466438567,-2.7607453646","aerial transect","AD1_2012__Osgathorpe 1  22",3.25809653802148,25,25,1,"United Kingdom","2010","individuals"
0,36.7137218013175,0,4.00910541159009,0,0,2.64486322563572,1.00529718399048,3.17102146257796,0,0,9.73733218107156,1545.39187302151,"Cropland_Light use","Cropland","Light use","AD1_2012__Osgathorpe 2","AD1_2012__Osgathorpe 2 ","57.6022549492,-7.53374357057","aerial transect","AD1_2012__Osgathorpe 2  1",1.09861228866811,2,2,1,"United Kingdom","2009","individuals"
0,21.033585157637,0,0.764346838495128,0,0,3.8442437416076,1.00529718399048,3.27615612912797,0,0,9.73650264560603,1546.41358819191,"Semi-natural vegetation_Intense use","Semi-natural vegetation","Intense use","AD1_2012__Osgathorpe 2","AD1_2012__Osgathorpe 2 ","57.6076193364,-7.53456116015","aerial transect","AD1_2012__Osgathorpe 2  2",2.30258509299405,9,9,1,"United Kingdom","2009","individuals"
0,33.9763017551434,0,5.35016189812504,0,0,3.15178372442433,1.00529718399048,3.27490695981035,0,0,9.736791305229,1545.88825718815,"Semi-natural vegetation_Intense use","Semi-natural vegetation","Intense use","AD1_2012__Osgathorpe 2","AD1_2012__Osgathorpe 2 ","57.6041162119,-7.5323505301","aerial transect","AD1_2012__Osgathorpe 2  4",3.95124371858143,51,51,1,"United Kingdom","2009","individuals"
0,25.5469483564744,0,2.34098737664766,42.8571428571429,0,0.0700086349573302,1.00529718399048,2.33595216829428,0,0,9.73801828082295,1543.96399126317,"Pasture_Light use","Pasture","Light use","AD1_2012__Osgathorpe 2","AD1_2012__Osgathorpe 2 ","57.5918914059,-7.52378432179","aerial transect","AD1_2012__Osgathorpe 2  5",2.07944154167984,7,7,1,"United Kingdom","2009","individuals"
0,57.8601732041199,0,22.0362116880287,0,0,2.81543671427395,1.00529718399048,3.12456513652696,0,0,9.73528956564949,1546.61406397395,"Semi-natural vegetation_Intense use","Semi-natural vegetation","Intense use","AD1_2012__Osgathorpe 2","AD1_2012__Osgathorpe 2 ","57.6028393543,-7.52041968825","aerial transect","AD1_2012__Osgathorpe 2  6",0.693147180559945,1,1,1,"United Kingdom","2009","individuals"
0,54.8617984960209,0,26.0374048387577,0,0,3.07216474355742,1.00529718399048,3.15246771157663,0,0,9.73491557714994,1546.92440685355,"Semi-natural vegetation_Intense use","Semi-natural vegetation","Intense use","AD1_2012__Osgathorpe 2","AD1_2012__Osgathorpe 2 ","57.6038063944,-7.51889004722","aerial transect","AD1_2012__Osgathorpe 2  7",1.6094379124341,4,4,1,"United Kingdom","2009","individuals"
0,50.4981710038968,0,7.52838883304277,0,0,1.7224875044942,1.00529718399048,3.06571085834743,0,0,9.7368540896985,1545.32484142823,"Pasture_Light use","Pasture","Light use","AD1_2012__Osgathorpe 2","AD1_2012__Osgathorpe 2 ","57.598971022,-7.52653744248","aerial transect","AD1_2012__Osgathorpe 2  8",4.79579054559674,120,120,1,"United Kingdom","2009","individuals"
0,59.3357856136687,0,30.0746036617566,0,0,2.62508377634048,1.01881571929216,3.02660415366028,0,0,9.73484330984839,1546.81513058631,"Semi-natural vegetation_Intense use","Semi-natural vegetation","Intense use","AD1_2012__Osgathorpe 2","AD1_2012__Osgathorpe 2 ","57.6021640519,-7.51528730866","aerial transect","AD1_2012__Osgathorpe 2  9",3.25809653802148,25,25,1,"United Kingdom","2009","individuals"
0,55.6289602400394,0,31.1076004078247,0,0,2.86405916919598,1.0176195325661,3.07191360515102,0,0,9.73467218200573,1546.99789529109,"Semi-natural vegetation_Intense use","Semi-natural vegetation","Intense use","AD1_2012__Osgathorpe 2","AD1_2012__Osgathorpe 2 ","57.6030581451,-7.51542310002","aerial transect","AD1_2012__Osgathorpe 2  10",2.63905732961526,13,13,1,"United Kingdom","2009","individuals"
0,43.9196914894196,0,36.6361194807476,0,0,3.52394313096181,1.03328095152712,3.21010639997779,0,0,9.73398564714758,1547.65580662977,"Pasture_Intense use","Pasture","Intense use","AD1_2012__Osgathorpe 2","AD1_2012__Osgathorpe 2 ","57.6058133168,-7.51416485521","aerial transect","AD1_2012__Osgathorpe 2  11",0.693147180559945,1,1,1,"United Kingdom","2009","individuals"
0,27.0218664828025,0,43.7568287427131,0,0,4.01283669202216,1.01919217957249,3.45722297166244,0,0,9.73314144683971,1548.65041126371,"Semi-natural vegetation_Intense use","Semi-natural vegetation","Intense use","AD1_2012__Osgathorpe 2","AD1_2012__Osgathorpe 2 ","57.6111778784,-7.51497967276","aerial transect","AD1_2012__Osgathorpe 2  12",2.56494935746154,12,12,1,"United Kingdom","2009","individuals"
0,41.159490320171,0,40.8093077083442,0,0,3.68948922103187,1.05844058370849,3.24857276438282,0,0,9.7336353991644,1547.94991014107,"Semi-natural vegetation_Intense use","Semi-natural vegetation","Intense use","AD1_2012__Osgathorpe 2","AD1_2012__Osgathorpe 2 ","57.6067802859,-7.51263492264","aerial transect","AD1_2012__Osgathorpe 2  14",3.2188758248682,24,24,1,"United Kingdom","2009","individuals"
0,23.3964123117695,0,55.139188611537,0,0,3.95524164473992,1.06541592004129,3.44211695264305,0,0,9.73234054323492,1549.3741800288,"Pasture_Intense use","Pasture","Intense use","AD1_2012__Osgathorpe 2","AD1_2012__Osgathorpe 2 ","57.614005922,-7.51205510247","aerial transect","AD1_2012__Osgathorpe 2  15",2.19722457733622,8,8,1,"United Kingdom","2009","individuals"
0,40.7403188924423,0,59.2478867716557,0,0,3.53666245502096,1.32475668186621,3.25019835155983,0,0,9.73252148016237,1548.66106020683,"Semi-natural vegetation_Intense use","Semi-natural vegetation","Intense use","AD1_2012__Osgathorpe 2","AD1_2012__Osgathorpe 2 ","57.6072897951,-7.50097469027","aerial transect","AD1_2012__Osgathorpe 2  16",2.30258509299405,9,9,1,"United Kingdom","2009","individuals"
0,47.475669959142,0,48.5903933501657,0,0,3.20624248456865,1.06951900974998,2.92572757645097,0,0,9.7344942361584,1546.71839873487,"Semi-natural vegetation_Intense use","Semi-natural vegetation","Intense use","AD1_2012__Osgathorpe 2","AD1_2012__Osgathorpe 2 ","57.597672469,-7.49448905703","aerial transect","AD1_2012__Osgathorpe 2  17",0.693147180559945,1,1,1,"United Kingdom","2009","individuals"
0,29.5385379251961,0.0578039110983798,65.4123801345824,0,0,3.52254712426058,1.41268118261261,3.28005457912826,0,0,9.72960980018208,1551.64671640809,"Semi-natural vegetation_Intense use","Semi-natural vegetation","Intense use","AD1_2012__Osgathorpe 2","AD1_2012__Osgathorpe 2 ","57.6218137329,-7.49814381056","aerial transect","AD1_2012__Osgathorpe 2  18",2.39789527279837,10,10,1,"United Kingdom","2009","individuals"
0,27.1761449757486,0.0129092484283908,62.8083955830704,0,0,3.53168243472805,1.40534950671243,3.26240290120893,0,0,9.72940168300358,1551.9294039454,"Pasture_Light use","Pasture","Light use","AD1_2012__Osgathorpe 2","AD1_2012__Osgathorpe 2 ","57.6236019651,-7.49841476476","aerial transect","AD1_2012__Osgathorpe 2  19",4.85203026391962,127,127,1,"United Kingdom","2009","individuals"
0,33.446865334377,6.53473336891741,49.576153177992,0,0,3.29654780336042,1.59406021516074,3.4639265619683,0,0,9.72778804365863,1553.439310483,"Semi-natural vegetation_Intense use","Semi-natural vegetation","Intense use","AD1_2012__Osgathorpe 2","AD1_2012__Osgathorpe 2 ","57.6302240288,-7.49102919098","aerial transect","AD1_2012__Osgathorpe 2  20",3.17805383034795,23,23,1,"United Kingdom","2009","individuals"
0,45.3949253416953,0,54.6050746583047,0,0,3.50433647378199,1.44836516986371,2.9371258912956,0,0,9.73263519266716,1548.33438971848,"Pasture_Intense use","Pasture","Intense use","AD1_2012__Osgathorpe 2","AD1_2012__Osgathorpe 2 ","57.6034726147,-7.4853069965","aerial transect","AD1_2012__Osgathorpe 2  21",1.6094379124341,4,4,1,"United Kingdom","2009","individuals"
0,45.6188286366271,0,54.3811713633729,0,0,3.40639487438996,1.52330263599903,2.93388235637062,0,0,9.73233144606865,1548.59863839456,"Pasture_Intense use","Pasture","Intense use","AD1_2012__Osgathorpe 2","AD1_2012__Osgathorpe 2 ","57.6044392453,-7.48377636955","aerial transect","AD1_2012__Osgathorpe 2  22",1.09861228866811,2,2,1,"United Kingdom","2009","individuals"
0,48.8194996508397,0,51.1805003491603,0,0,3.63399220751629,1.3558467951815,2.89307306738138,0,0,9.73295356517848,1548.03736932778,"Semi-natural vegetation_Intense use","Semi-natural vegetation","Intense use","AD1_2012__Osgathorpe 2","AD1_2012__Osgathorpe 2 ","57.6018292856,-7.48170575246","aerial transect","AD1_2012__Osgathorpe 2  23",1.6094379124341,4,4,1,"United Kingdom","2009","individuals"
0,0,100,0,0,0,25.5775203704834,1.86108064651489,0.904520599750426,0,11.884118147681,8.99418538411459,943.502727663144,"Semi-natural vegetation_Minimal use","Semi-natural vegetation","Minimal use","CM1_2002__Zaitsev 1","CM1_2002__Zaitsev 1 ","50.936406,13.484319","soil core","CM1_2002__Zaitsev 1  1",10.8207578045238,50048,50048,1,"Germany","2000","individuals/m2"
0.0388072078210923,0,14.2469070778932,0,85.7142857142857,0.00255933665052516,25.5775203704834,1.86108064651489,1.08244546306593,0,4.63748293352515,8.99418538411459,943.502727663144,"Semi-natural vegetation_Minimal use","Semi-natural vegetation","Minimal use","CM1_2002__Zaitsev 1","CM1_2002__Zaitsev 1 ","50.931306,13.484281","soil core","CM1_2002__Zaitsev 1  2",11.8141479508633,135150,135150,1,"Germany","2000","individuals/m2"
0,0,100,0,0,0,25.872009030699,1.85675262042512,0.853725167494111,0,6.2475168483716,8.99418538411459,943.502727663144,"Semi-natural vegetation_Minimal use","Semi-natural vegetation","Minimal use","CM1_2002__Zaitsev 1","CM1_2002__Zaitsev 1 ","50.935236,13.487881","soil core","CM1_2002__Zaitsev 1  3",11.0807107551193,64906,64906,1,"Germany","2000","individuals/m2"
0,0,100,0,0,0,25.5775203704834,1.86108064651489,0.914246989037191,0,14.2788894495568,8.99418538411459,943.502727663144,"Natural vegetation","Natural vegetation","Minimal use","CM1_2002__Zaitsev 1","CM1_2002__Zaitsev 1 ","50.936897,13.482442","soil core","CM1_2002__Zaitsev 1  4",10.9570850413698,57358,57358,1,"Germany","2000","individuals/m2"
1.11827512314264,0.348473597393407,1.46572695483407,0.638952896058448,96.4285714285714,0.00193382407159918,4.16114044189453,2.07781410217285,2.54507611890381,93.152860902753,0,10.0890747070313,777.767163002864,"Semi-natural vegetation_Intense use","Semi-natural vegetation","Intense use","DB1_2004__Weller 1","DB1_2004__Weller 1 ","53.6125166667,9.93058333333","pit-fall traps","DB1_2004__Weller 1  1",5.95842469302978,386,386,1,"Germany","2000","individuals"
0.855375129028793,0.817794186302148,2.32045357311065,1.6186220095176,94.3877551020408,0.0602461519807962,2.77456646770132,2.15969507503098,2.67153065919845,0,0,9.98186440258454,767.930547442223,"Semi-natural vegetation_Light use","Semi-natural vegetation","Light use","DB1_2004__Weller 1","DB1_2004__Weller 1 ","53.6535027778,9.96256944444","pit-fall traps","DB1_2004__Weller 1  3",5.00394630594546,148,148,1,"Germany","2000","individuals"
5.39734631809307,0,0.68000174820527,0,93.9226519337017,0.0174642985873487,17.6592761522426,2.2524912363869,1.62105524553197,0,0,10.1255330403646,765.537858242169,"Natural vegetation","Natural vegetation","Light use","DB1_2004__Weller 1","DB1_2004__Weller 1 ","53.49355,10.2341472222","pit-fall traps","DB1_2004__Weller 1  6",5.6021188208797,270,270,1,"Germany","2000","individuals"
0,0,0,0,100,0,0.00573212263266558,1.73172330856323,2.12191004169179,48.2372375024406,0,10.0436645507813,775.231436127797,"Natural vegetation","Natural vegetation","Light use","DB1_2004__Weller 1","DB1_2004__Weller 1 ","53.59495,10.0086444444","pit-fall traps","DB1_2004__Weller 1  7",5.31811999384422,203,203,1,"Germany","2000","individuals"
1.28905170651888,0.199623247296792,0.464857291898866,0.301369715069791,97.7450980392157,0.0407522623998009,7.35279560089111,2.33166241645813,2.089168277387,0,0,9.91166585286459,764.963604742661,"Semi-natural vegetation_Light use","Semi-natural vegetation","Light use","DB1_2004__Weller 1","DB1_2004__Weller 1 ","53.68485,10.1198861111","pit-fall traps","DB1_2004__Weller 1  9",5.89715386763674,363,363,1,"Germany","2000","individuals"
1.84149736480819,0.214183289637758,2.48661580733063,0.690261677758308,94.7674418604651,0.013638215148257,17.7079296112061,1.89528143405914,2.96306237513883,0,0,8.65661773681643,767.286229529418,"Semi-natural vegetation_Light use","Semi-natural vegetation","Light use","DB1_2007__Elek 1","DB1_2007__Elek 1 ","55.4354305556,11.5728138889","pit-fall traps","DB1_2007__Elek 1  2",7.41577697541539,1661,1661,1,"Denmark","2004","individuals"
2.09936942034805,2.67526499617902,13.6238403213185,0,81.6015252621544,0.0647268776645664,19.3495630974092,2.00489432060487,2.23062663681258,0,0,8.73357755398422,776.099579101167,"Semi-natural vegetation_Minimal use","Semi-natural vegetation","Minimal use","DB1_2007__Elek 1","DB1_2007__Elek 1 ","55.4385305556,11.53435","pit-fall traps","DB1_2007__Elek 1  3",8.67607551647643,5860,5860,1,"Denmark","2004","individuals"
0,0,100,0,0,0,12.2427636603489,2.32232394899108,0.0029504476898398,0,0,13.3801717122396,587.895512435352,"Semi-natural vegetation_Minimal use","Semi-natural vegetation","Minimal use","HP1_2010__Krauss 3","HP1_2010__Krauss 3 ","41.3637951814,1.11019595962","line/belt transects","HP1_2010__Krauss 3  1",4.11087386417331,60,60,1,"Spain","2007","individuals"
0,0,9.30232558139535,0,90.6976744186046,0,5.52805538100517,2.12637064680377,1.19024958842343,25.7978585705964,0,13.6365580957783,550.959947498307,"Semi-natural vegetation_Minimal use","Semi-natural vegetation","Minimal use","HP1_2010__Krauss 3","HP1_2010__Krauss 3 ","41.3435424067,1.10223626915","line/belt transects","HP1_2010__Krauss 3  2",4.76217393479776,116,116,1,"Spain","2007","individuals"
0,0,0,0,100,0,5.4758513547095,2.19416094585403,1.19520205216536,11.8494034082158,0,13.6526305754844,548.644512061789,"Semi-natural vegetation_Minimal use","Semi-natural vegetation","Minimal use","HP1_2010__Krauss 3","HP1_2010__Krauss 3 ","41.3422127784,1.12552072159","line/belt transects","HP1_2010__Krauss 3  3",4.06044301054642,57,57,1,"Spain","2007","individuals"
0,0,13.3333333333333,0,86.6666666666667,0.357315357380104,3.49700617790222,1.39631998538971,1.38937829504385,35.8325543201649,0,13.6609334309896,547.448385128519,"Semi-natural vegetation_Minimal use","Semi-natural vegetation","Minimal use","HP1_2010__Krauss 3","HP1_2010__Krauss 3 ","41.2865149778,1.07760717677","line/belt transects","HP1_2010__Krauss 3  4",4.57471097850338,96,96,1,"Spain","2007","individuals"
0,0,100,0,0,0,3.21255130666575,1.55771455865725,1.0088999411969,80.6564736591607,0,13.2196922590492,528.457604415812,"Semi-natural vegetation_Minimal use","Semi-natural vegetation","Minimal use","HP1_2010__Krauss 3","HP1_2010__Krauss 3 ","41.2726005417,1.04667618339","line/belt transects","HP1_2010__Krauss 3  5",5.27811465923052,195,195,1,"Spain","2007","individuals"
0,0,98.8877785247497,0,0,0,3.07578420639038,1.63531374931335,0.942115347501486,40.2433741196352,0,13.0081013997396,519.350848597242,"Semi-natural vegetation_Minimal use","Semi-natural vegetation","Minimal use","HP1_2010__Krauss 3","HP1_2010__Krauss 3 ","41.2734791769,1.02480169513","line/belt transects","HP1_2010__Krauss 3  6",4.67282883446191,106,106,1,"Spain","2007","individuals"
0,0,23.8095238095238,0,76.1904761904762,0.00075098985728128,3.30669403671445,1.94515224220991,0.256868481691431,70.0036016430594,0,13.0081013997396,519.350848597242,"Semi-natural vegetation_Minimal use","Semi-natural vegetation","Minimal use","HP1_2010__Krauss 3","HP1_2010__Krauss 3 ","41.2987591615,1.01312248364","line/belt transects","HP1_2010__Krauss 3  7",3.46573590279973,31,31,1,"Spain","2007","individuals"
0,0,0,0,100,0,3.67979163332603,1.73999187872898,1.1135114133664,57.7840110607181,0,13.3010643454706,512.324395173039,"Semi-natural vegetation_Minimal use","Semi-natural vegetation","Minimal use","HP1_2010__Krauss 3","HP1_2010__Krauss 3 ","41.2532867586,0.994163805581","line/belt transects","HP1_2010__Krauss 3  8",4.53259949315326,92,92,1,"Spain","2007","individuals"
0,0,1.37614678899082,0,98.6238532110092,0,3.65136013129178,1.81933103824345,3.42583585151708,29.2469987610048,0,13.0081013997396,519.350848597242,"Semi-natural vegetation_Minimal use","Semi-natural vegetation","Minimal use","HP1_2010__Krauss 3","HP1_2010__Krauss 3 ","41.2928074204,0.9862893349","line/belt transects","HP1_2010__Krauss 3  9",4.79579054559674,120,120,1,"Spain","2007","individuals"
0,0,14.2857142857143,0,85.7142857142857,0.113024164944262,7.84063065761306,2.20707616712383,1.77230439408999,82.4285395999443,0,13.0081013997396,519.350848597242,"Semi-natural vegetation_Minimal use","Semi-natural vegetation","Minimal use","HP1_2010__Krauss 3","HP1_2010__Krauss 3 ","41.3029836888,0.966220340453","line/belt transects","HP1_2010__Krauss 3  10",6.19440539110467,489,489,1,"Spain","2007","individuals"
0,0,100,0,0,0,5.21367933112396,2.13565618303912,0.186475429153717,8.69438288749838,0,12.9013514108249,490.895362026726,"Semi-natural vegetation_Minimal use","Semi-natural vegetation","Minimal use","HP1_2010__Krauss 3","HP1_2010__Krauss 3 ","41.2845040175,0.943569433622","line/belt transects","HP1_2010__Krauss 3  11",5.65948221575962,286,286,1,"Spain","2007","individuals"
0,0,0,0,100,0,6.52925641168697,2.48729080583259,1.88550942599235,55.5857053260814,0,12.879032389323,484.945959848119,"Semi-natural vegetation_Minimal use","Semi-natural vegetation","Minimal use","HP1_2010__Krauss 3","HP1_2010__Krauss 3 ","41.2930057639,0.89667919115","line/belt transects","HP1_2010__Krauss 3  12",5.52545293913178,250,250,1,"Spain","2007","individuals"
0,0,100,0,0,0,7.52353494131196,2.64929331848961,1.92273605367112,62.1072652215415,0,12.879032389323,484.945959848119,"Semi-natural vegetation_Minimal use","Semi-natural vegetation","Minimal use","HP1_2010__Krauss 3","HP1_2010__Krauss 3 ","41.2965046559,0.883644400564","line/belt transects","HP1_2010__Krauss 3  13",4.15888308335967,63,63,1,"Spain","2007","individuals"
0,0,42.8571428571429,0,57.1428571428571,0,6.21300486168434,2.6469706069514,1.39069430451604,83.6903670976755,0,13.1415026924254,473.277891932417,"Semi-natural vegetation_Minimal use","Semi-natural vegetation","Minimal use","HP1_2010__Krauss 3","HP1_2010__Krauss 3 ","41.2775368301,0.853059493552","line/belt transects","HP1_2010__Krauss 3  14",4.38202663467388,79,79,1,"Spain","2007","individuals"
0,0,42.8571428571429,0,57.1428571428571,0,5.51172893537042,2.71987283857131,1.30279572513546,89.6045590754221,0,13.5390426202034,455.605329277943,"Semi-natural vegetation_Minimal use","Semi-natural vegetation","Minimal use","HP1_2010__Krauss 3","HP1_2010__Krauss 3 ","41.2848166993,0.843065120849","line/belt transects","HP1_2010__Krauss 3  15",4.72738781871234,112,112,1,"Spain","2007","individuals"
0,0,100,0,0,0,5.50018610489627,2.91065333205064,2.18775551649933,48.1497747219823,0,13.6560506184896,450.403760740301,"Semi-natural vegetation_Minimal use","Semi-natural vegetation","Minimal use","HP1_2010__Krauss 3","HP1_2010__Krauss 3 ","41.2722477104,0.78874099718","line/belt transects","HP1_2010__Krauss 3  16",5.6021188208797,270,270,1,"Spain","2007","individuals"
0,0,100,0,0,0,5.50169897079468,2.91195344924927,2.81035208581906,41.369182819554,0,13.6560506184896,450.403760740301,"Semi-natural vegetation_Minimal use","Semi-natural vegetation","Minimal use","HP1_2010__Krauss 3","HP1_2010__Krauss 3 ","41.27069975,0.777117700552","line/belt transects","HP1_2010__Krauss 3  17",4.70953020131233,110,110,1,"Spain","2007","individuals"
0,0,57.1428571428571,0,42.8571428571429,0.0749451011350855,2.70728325843811,1.45075273513794,1.50610887830482,50.0863278622757,0,14.8759399414063,498.096413415624,"Semi-natural vegetation_Minimal use","Semi-natural vegetation","Minimal use","HP1_2010__Krauss 3","HP1_2010__Krauss 3 ","41.1101236748,0.86574169495","line/belt transects","HP1_2010__Krauss 3  18",5.63835466933375,280,280,1,"Spain","2007","individuals"
0,0,60.6978513536569,0,0,0,2.67306733131409,1.52878832817078,0.804321163097059,41.3029057033716,0,14.8759399414063,498.096413415624,"Semi-natural vegetation_Minimal use","Semi-natural vegetation","Minimal use","HP1_2010__Krauss 3","HP1_2010__Krauss 3 ","41.0818104954,0.870908048526","line/belt transects","HP1_2010__Krauss 3  19",5.87493073085203,355,355,1,"Spain","2007","individuals"
0,0,90.3382275944986,0,0,0,4.16987824646755,2.36421508656175,2.93066717650829,47.8952263209004,0,13.9471967012281,611.782114646199,"Semi-natural vegetation_Minimal use","Semi-natural vegetation","Minimal use","HP1_2010__Krauss 3","HP1_2010__Krauss 3 ","40.9366506263,0.36116105438","line/belt transects","HP1_2010__Krauss 3  20",3.73766961828337,41,41,1,"Spain","2007","individuals"
0,0,84.7344792840963,0,0,0,4.1450633779082,2.36734075712996,2.04456878673884,63.6729768230381,0,13.9562469407043,610.727600330544,"Semi-natural vegetation_Minimal use","Semi-natural vegetation","Minimal use","HP1_2010__Krauss 3","HP1_2010__Krauss 3 ","40.941689041,0.376698918528","line/belt transects","HP1_2010__Krauss 3  21",5.27299955856375,194,194,1,"Spain","2007","individuals"
0,0,100,0,0,0,3.44437670176138,2.83806618578912,0.966769730416003,21.0291255190733,0,13.1795650761164,622.30334599239,"Semi-natural vegetation_Minimal use","Semi-natural vegetation","Minimal use","HP1_2010__Krauss 3","HP1_2010__Krauss 3 ","40.8329792332,0.343494363015","line/belt transects","HP1_2010__Krauss 3  22",5.97635090929793,393,393,1,"Spain","2007","individuals"
0,0,100,0,0,0,4.53432750701904,3.00962162017822,2.35957542742893,46.5594992766252,0,14.0634399414063,622.158561251126,"Semi-natural vegetation_Minimal use","Semi-natural vegetation","Minimal use","HP1_2010__Krauss 3","HP1_2010__Krauss 3 ","40.8284195052,0.370510751013","line/belt transects","HP1_2010__Krauss 3  23",3.97029191355212,52,52,1,"Spain","2007","individuals"
0,0,100,0,0,0,4.74367570877075,2.81780648231506,0.341119745750499,11.58855073739,0,13.0017537434896,622.33247270342,"Semi-natural vegetation_Minimal use","Semi-natural vegetation","Minimal use","HP1_2010__Krauss 3","HP1_2010__Krauss 3 ","40.7905971959,0.325026747197","line/belt transects","HP1_2010__Krauss 3  24",4.49980967033027,89,89,1,"Spain","2007","individuals"
0,0,100,0,0,0,4.15800364162369,2.58740608812758,0.700513842488694,72.528114253555,0,13.0017537434896,622.33247270342,"Semi-natural vegetation_Minimal use","Semi-natural vegetation","Minimal use","HP1_2010__Krauss 3","HP1_2010__Krauss 3 ","40.7802938606,0.306102539757","line/belt transects","HP1_2010__Krauss 3  25",4.33073334028633,75,75,1,"Spain","2007","individuals"
0,0,100,0,0,0,4.74367570877075,2.81780648231506,0.704265207813509,30.8806634344436,0,13.0017537434896,622.33247270342,"Semi-natural vegetation_Minimal use","Semi-natural vegetation","Minimal use","HP1_2010__Krauss 3","HP1_2010__Krauss 3 ","40.7655863411,0.314645990478","line/belt transects","HP1_2010__Krauss 3  26",3.55534806148941,34,34,1,"Spain","2007","individuals"
0,0,100,0,0,0,3.2866051197052,2.41738080978394,0.305480714435281,52.7393235214962,0,13.5424438476563,626.188110909425,"Semi-natural vegetation_Minimal use","Semi-natural vegetation","Minimal use","HP1_2010__Krauss 3","HP1_2010__Krauss 3 ","40.7368743251,0.283225880508","line/belt transects","HP1_2010__Krauss 3  27",3.52636052461616,33,33,1,"Spain","2007","individuals"
0,0,100,0,0,0,3.2866051197052,2.41738080978394,1.03240904401138,64.274674423565,0,13.5424438476563,626.188110909425,"Semi-natural vegetation_Minimal use","Semi-natural vegetation","Minimal use","HP1_2010__Krauss 3","HP1_2010__Krauss 3 ","40.7335889891,0.271874017046","line/belt transects","HP1_2010__Krauss 3  28",3.04452243772342,20,20,1,"Spain","2007","individuals"
0,0,100,0,0,0,3.2866051197052,2.41738080978394,0.057856137437916,25.8869013438383,0,13.5424438476563,626.188110909425,"Semi-natural vegetation_Minimal use","Semi-natural vegetation","Minimal use","HP1_2010__Krauss 3","HP1_2010__Krauss 3 ","40.7104636907,0.266379585704","line/belt transects","HP1_2010__Krauss 3  29",5.65248918026865,284,284,1,"Spain","2007","individuals"
0,0,0,0,100,0,2.87409826191926,1.60679840559495,1.08113644663437,8.42246338473577,0,13.8143559055369,578.057971747226,"Natural vegetation","Natural vegetation","Minimal use","HP1_2013__Mico 1","HP1_2013__Mico 1 ","39.453873,-4.565276","window traps","HP1_2013__Mico 1  1",7.04141166379481,1142,1142,1,"Spain","2004","individuals"
0,0,5.46697038724373,0,94.5330296127563,0,4.20337849035093,1.62928354205564,1.22841872532796,0,0,13.9451881378483,575.475877112068,"Natural vegetation","Natural vegetation","Minimal use","HP1_2013__Mico 1","HP1_2013__Mico 1 ","39.451746,-4.595802","window traps","HP1_2013__Mico 1  2",7.55642796944025,1912,956,0.5,"Spain","2004","individuals"
0,0,100,0,0,0,2.28726314890754,2.03479160463464,0.374457981780655,0.00098153990405693,0,14.1701268513997,566.306929686107,"Natural vegetation","Natural vegetation","Minimal use","HP1_2013__Mico 1","HP1_2013__Mico 1 ","39.376293,-4.489975","window traps","HP1_2013__Mico 1  3",7.82204400818562,2494,1247,0.5,"Spain","2004","individuals"
0,0,0,0,100,0,2.89276242256165,1.8907607793808,1.12642097322639,1.36141051226512,0,14.2430435180664,567.395891644992,"Natural vegetation","Natural vegetation","Minimal use","HP1_2013__Mico 1","HP1_2013__Mico 1 ","39.363454,-4.419354","window traps","HP1_2013__Mico 1  4",7.7341213033283,2284,1142,0.5,"Spain","2004","individuals"
0,0,0,0,100,0,7.41393754590976,1.6576936562801,1.25073153443772,14.6940177528919,0,14.3440927965441,561.230869946095,"Natural vegetation","Natural vegetation","Minimal use","HP1_2013__Mico 1","HP1_2013__Mico 1 ","39.353243,-4.398135","window traps","HP1_2013__Mico 1  5",7.07242190053737,1178,1178,1,"Spain","2004","individuals"
0.0170157230825382,0.586649646792661,0.509808071967052,0.528616566926236,96.3507625272331,0.189088559222774,14.5191802793908,1.79667455905086,2.56501621899822,0,0,4.80845286051436,704.757912666537,"Pasture_Light use","Pasture","Light use","HW1_2011__Berg 1","HW1_2011__Berg 1 1","59.4046488871,16.890310156","line/belt transects","HW1_2011__Berg 1 1 1",4.29045944114839,72,72,1,"Sweden","2010","individuals"
0,1.81084190144997e-15,2.27682928544297e-15,1.32812070751429e-15,96.2075848303393,0.163604840354372,12.7934698433045,1.75315870419767,2.6883075560966,0,0,4.80845286051436,704.757912666537,"Pasture_Light use","Pasture","Light use","HW1_2011__Berg 1","HW1_2011__Berg 1 1","59.3966382687,16.891744221","line/belt transects","HW1_2011__Berg 1 1 2",4.18965474202643,65,65,1,"Sweden","2010","individuals"
0,0.493716843518568,1.79688290031898,0.918284531905049,95.9038991729027,0.131242825953797,13.1380290410503,1.79446523150988,2.52382055196202,0,0,4.81048179081374,704.512495233586,"Semi-natural vegetation_Intense use","Semi-natural vegetation","Intense use","HW1_2011__Berg 1","HW1_2011__Berg 1 1","59.4235617089,16.935063141","line/belt transects","HW1_2011__Berg 1 1 3",3.87120101090789,47,47,1,"Sweden","2010","individuals"
0,2.17451060872664,2.1450435018168,0,95.6804458894566,0.193009680044886,13.29749584198,1.80188548564911,3.24393009513998,0,0,4.80845286051436,704.757912666537,"Semi-natural vegetation_Intense use","Semi-natural vegetation","Intense use","HW1_2011__Berg 1","HW1_2011__Berg 1 1","59.4125481797,16.9181419285","line/belt transects","HW1_2011__Berg 1 1 4",4.62497281328427,101,101,1,"Sweden","2010","individuals"
0,0.404434158330126,1.08128012738417,0,98.5142857142857,0.189426477809313,13.29749584198,1.80188548564911,2.3798041297681,0,0,4.80845286051436,704.757912666537,"Semi-natural vegetation_Minimal use","Semi-natural vegetation","Minimal use","HW1_2011__Berg 1","HW1_2011__Berg 1 1","59.4279817479,16.9242510169","line/belt transects","HW1_2011__Berg 1 1 5",4.49980967033027,89,89,1,"Sweden","2010","individuals"
0,0.198354263519368,0.704873297427839,0.543143787250496,93.7653411880216,0.0971679566766484,12.710945428722,1.77459232427338,2.53736995656955,0,0,4.81597647774165,703.847863254295,"Semi-natural vegetation_Minimal use","Semi-natural vegetation","Minimal use","HW1_2011__Berg 1","HW1_2011__Berg 1 1","59.4235287695,16.9388673465","line/belt transects","HW1_2011__Berg 1 1 6",4.21950770517611,67,67,1,"Sweden","2010","individuals"
0,0.948339103505722,1.40618938885451,0.42793590747412,96.81652490887,0.206749360160971,13.2842084570733,1.76797879122264,2.66585200732303,0,0,4.80845286051436,704.757912666537,"Semi-natural vegetation_Minimal use","Semi-natural vegetation","Minimal use","HW1_2011__Berg 1","HW1_2011__Berg 1 1","59.3979674091,16.9034932226","line/belt transects","HW1_2011__Berg 1 1 7",3.04452243772342,20,20,1,"Sweden","2010","individuals"
0,0,0,0,95.8795562599049,0.0525142336155085,12.0192346249647,1.73320365463884,3.83188990721395,0,0,4.80845286051436,704.757912666537,"Semi-natural vegetation_Minimal use","Semi-natural vegetation","Minimal use","HW1_2011__Berg 1","HW1_2011__Berg 1 1","59.3808766166,16.8936157957","line/belt transects","HW1_2011__Berg 1 1 8",3.04452243772342,20,20,1,"Sweden","2010","individuals"
0,0.0767427437273428,7.6702366450431,0,92.2530206112296,0.0714842433726874,19.736344349813,1.88158673741979,2.82141556723133,0,0,4.61037343343099,688.352591008879,"Pasture_Light use","Pasture","Light use","HW1_2011__Berg 1","HW1_2011__Berg 1 2","59.6235987217,16.8925731757","line/belt transects","HW1_2011__Berg 1 2 9",4.04305126783455,56,56,1,"Sweden","2010","individuals"
0,0.144724373703464,1.19414041980965,0,98.6611352064869,0.0511470248697116,19.9596824645996,1.94161188602448,2.59546580900105,0,0,4.61037343343099,688.352591008879,"Pasture_Light use","Pasture","Light use","HW1_2011__Berg 1","HW1_2011__Berg 1 2","59.6179652164,16.8724045966","line/belt transects","HW1_2011__Berg 1 2 10",4.85981240436167,128,128,1,"Sweden","2010","individuals"
0,0.0301844277811868,2.33795335478072,0,97.6318622174381,0.0449608345853809,19.9041756633219,1.74747994092239,3.62006521021452,0,0,4.56648027175976,685.899761265144,"Semi-natural vegetation_Intense use","Semi-natural vegetation","Intense use","HW1_2011__Berg 1","HW1_2011__Berg 1 2","59.6477736529,16.9340374759","line/belt transects","HW1_2011__Berg 1 2 11",3.52636052461616,33,33,1,"Sweden","2010","individuals"
0,0.224508211811987,5.56859523646387,0,94.2068965517241,0,19.6058564012636,1.84651633078419,2.41704540487335,0,0,4.61037343343099,688.352591008879,"Semi-natural vegetation_Intense use","Semi-natural vegetation","Intense use","HW1_2011__Berg 1","HW1_2011__Berg 1 2","59.6111045789,16.8966872276","line/belt transects","HW1_2011__Berg 1 2 12",3.91202300542815,49,49,1,"Sweden","2010","individuals"
0.219493403703747,0.160551475190675,5.41877168915292,0,94.2011834319527,0.040144168014913,23.3012888901389,1.9046924494014,2.79502514760779,0,0,4.6255039517066,684.411310195877,"Semi-natural vegetation_Minimal use","Semi-natural vegetation","Minimal use","HW1_2011__Berg 1","HW1_2011__Berg 1 2","59.6363654691,16.9596626099","line/belt transects","HW1_2011__Berg 1 2 13",3.13549421592915,22,22,1,"Sweden","2010","individuals"
0,0.340722663144071,24.3414807266864,0,75.3177966101695,0.0825114290121718,19.9596824645996,1.94161188602448,2.84748722862617,0,0,4.61037343343099,688.352591008879,"Semi-natural vegetation_Minimal use","Semi-natural vegetation","Minimal use","HW1_2011__Berg 1","HW1_2011__Berg 1 2","59.6350089774,16.8805146883","line/belt transects","HW1_2011__Berg 1 2 14",5.33753807970132,207,207,1,"Sweden","2010","individuals"
0,0.302321884045109,7.15552506796526,0,92.5421530479896,0.121369143189693,20.018148649836,1.8132241625223,3.68188621493481,0,0,4.53003255622457,684.035604099278,"Semi-natural vegetation_Minimal use","Semi-natural vegetation","Minimal use","HW1_2011__Berg 1","HW1_2011__Berg 1 2","59.6517848966,16.904587399","line/belt transects","HW1_2011__Berg 1 2 15",3.25809653802148,25,25,1,"Sweden","2010","individuals"
0,0.196812307821746,8.88890197789254,0,90.9142857142857,0.0723733203948742,19.7727356044102,1.89136738085004,2.81424415012909,0,0,4.61037343343099,688.352591008879,"Semi-natural vegetation_Minimal use","Semi-natural vegetation","Minimal use","HW1_2011__Berg 1","HW1_2011__Berg 1 2","59.6279716363,16.8913496661","line/belt transects","HW1_2011__Berg 1 2 16",3.17805383034795,23,23,1,"Sweden","2010","individuals"
0,0.850577535473812,2.24171551876025,0,96.9077069457659,0.125946206557934,15.0080992303069,1.03558680967353,3.17261080402495,0,0,4.33937733968099,682.43443837855,"Pasture_Light use","Pasture","Light use","HW1_2011__Berg 1","HW1_2011__Berg 1 3","59.8658321745,16.5134581352","line/belt transects","HW1_2011__Berg 1 3 17",3.3322045101752,27,27,1,"Sweden","2010","individuals"
0,2.50430199356511,4.78221300808341,0,92.7134849983515,0.181693994697711,17.2292199063581,1.05176280768344,4.23174760672221,0,0,4.36313469527553,683.638916123414,"Pasture_Light use","Pasture","Light use","HW1_2011__Berg 1","HW1_2011__Berg 1 3","59.8529984346,16.5197162355","line/belt transects","HW1_2011__Berg 1 3 18",3.63758615972639,37,37,1,"Sweden","2010","individuals"
0,2.39970056928417,3.86925797469966,0,93.7310414560162,0.201062592123934,10.2333724920877,1.24682304626747,4.11492771378949,0,0,4.33937733968099,682.43443837855,"Semi-natural vegetation_Intense use","Semi-natural vegetation","Intense use","HW1_2011__Berg 1","HW1_2011__Berg 1 3","59.8605517777,16.496998538","line/belt transects","HW1_2011__Berg 1 3 19",3.97029191355212,52,52,1,"Sweden","2010","individuals"
0,0.189626781527562,4.15537970355674,0,95.6549935149157,0.160935984573666,14.8930809932709,1.14666113523602,2.40634331725035,0,0,4.40330830721194,687.764845965553,"Semi-natural vegetation_Intense use","Semi-natural vegetation","Intense use","HW1_2011__Berg 1","HW1_2011__Berg 1 3","59.8391597405,16.4513611938","line/belt transects","HW1_2011__Berg 1 3 20",3.97029191355212,52,52,1,"Sweden","2010","individuals"
0,1.16149501278779,3.75067154544254,0,95.0878334417697,0.045255857107624,6.1060380935669,1.28728437423706,3.52141623343316,0,0,4.33937733968099,682.43443837855,"Semi-natural vegetation_Minimal use","Semi-natural vegetation","Minimal use","HW1_2011__Berg 1","HW1_2011__Berg 1 3","59.9166520704,16.5222973504","line/belt transects","HW1_2011__Berg 1 3 21",4.14313472639153,62,62,1,"Sweden","2010","individuals"
0,1.00264358054928,1.36602433689912,0,97.6313320825516,0.252316096225184,13.9023107924471,0.799602114353129,3.85386440221496,0,0,4.33937733968099,682.43443837855,"Semi-natural vegetation_Minimal use","Semi-natural vegetation","Minimal use","HW1_2011__Berg 1","HW1_2011__Berg 1 3","59.9197748969,16.4868580414","line/belt transects","HW1_2011__Berg 1 3 22",3.61091791264422,36,36,1,"Sweden","2010","individuals"
0,0.447373297319578,2.31612284663928,0,97.2365038560411,0.0833715607986576,15.2014491890323,1.02703291332176,2.85746905537235,0,0,4.33937733968099,682.43443837855,"Semi-natural vegetation_Minimal use","Semi-natural vegetation","Minimal use","HW1_2011__Berg 1","HW1_2011__Berg 1 3","59.8717062714,16.514439778","line/belt transects","HW1_2011__Berg 1 3 23",3.76120011569356,42,42,1,"Sweden","2010","individuals"
0.077313054139439,0.623009165391157,6.54349403488636,0,92.756183745583,0.0504941289139962,15.3242887164659,1.13225577291586,4.7796124670258,0,0,4.36553680713508,683.760701153907,"Semi-natural vegetation_Minimal use","Semi-natural vegetation","Minimal use","HW1_2011__Berg 1","HW1_2011__Berg 1 3","59.8525617014,16.5040591179","line/belt transects","HW1_2011__Berg 1 3 24",3.61091791264422,36,36,1,"Sweden","2010","individuals"
0,0.129027840639496,3.5459785720835,1.84058111725302,94.484412470024,0.133800375297223,19.4832800494429,1.47782547388508,4.25047919063104,0,0,4.37271975295659,678.536450584717,"Pasture_Light use","Pasture","Light use","HW1_2011__Berg 1","HW1_2011__Berg 1 4","59.8487296846,16.9191517881","line/belt transects","HW1_2011__Berg 1 4 25",2.19722457733622,8,8,1,"Sweden","2010","individuals"
0,0.519199243597602,2.4989858816254,1.18349554704591,95.7983193277311,0.0358409908643519,20.0807498523628,1.72719890747934,3.16027909961794,0,0,4.38310461069153,678.936607521766,"Pasture_Light use","Pasture","Light use","HW1_2011__Berg 1","HW1_2011__Berg 1 4","59.844148749,16.9237261837","line/belt transects","HW1_2011__Berg 1 4 26",2.99573227355399,19,19,1,"Sweden","2010","individuals"
0,1.49773028553226,12.1349227756922,0,86.3673469387755,0.175214810522803,18.2859973907471,0.978100657463074,3.2462161417414,0,0,4.35190989176436,677.734589786269,"Semi-natural vegetation_Intense use","Semi-natural vegetation","Intense use","HW1_2011__Berg 1","HW1_2011__Berg 1 4","59.8707785493,16.9210132004","line/belt transects","HW1_2011__Berg 1 4 27",3.98898404656427,53,53,1,"Sweden","2010","individuals"
0,0.11797860881512,16.6961806832203,0,83.1858407079646,0,19.1011599650235,1.77571463667914,1.57887834678374,0,0,4.34663828282604,677.857230466055,"Semi-natural vegetation_Intense use","Semi-natural vegetation","Intense use","HW1_2011__Berg 1","HW1_2011__Berg 1 4","59.8429431135,16.9584169427","line/belt transects","HW1_2011__Berg 1 4 28",4.12713438504509,61,61,1,"Sweden","2010","individuals"
1.38558950878951,1.98943362265832,16.1704314140067,0,80.4545454545455,0.0965754928927622,5.01839819833321,1.47310385679405,2.48742139001329,0,0,4.40122629801436,678.541927249171,"Semi-natural vegetation_Minimal use","Semi-natural vegetation","Minimal use","HW1_2011__Berg 1","HW1_2011__Berg 1 4","59.8961481406,17.1898352884","line/belt transects","HW1_2011__Berg 1 4 29",4.60517018598809,99,99,1,"Sweden","2010","individuals"
2.2915413171499,0.565627207503342,10.9846393849513,0,86.1581920903955,0.00869165734219406,5.0547527802678,1.4438821516469,2.84499879873399,0,0,4.40122629801436,678.541927249171,"Semi-natural vegetation_Minimal use","Semi-natural vegetation","Minimal use","HW1_2011__Berg 1","HW1_2011__Berg 1 4","59.8915324058,17.1891252736","line/belt transects","HW1_2011__Berg 1 4 30",4.53259949315326,92,92,1,"Sweden","2010","individuals"
0,0.664544613244306,10.3586197159956,1.23620750460005,87.7406281661601,0.0122951175610749,18.4092241394522,1.15498714428072,3.30939248858164,0,0,4.35798428897593,677.973419508345,"Semi-natural vegetation_Minimal use","Semi-natural vegetation","Minimal use","HW1_2011__Berg 1","HW1_2011__Berg 1 4","59.8545627907,16.9351746135","line/belt transects","HW1_2011__Berg 1 4 31",4.36944785246702,78,78,1,"Sweden","2010","individuals"
0,0.102145301414757,6.67751571553441,0,93.2203389830508,0.00245432956139649,19.809148398498,1.80964046337332,1.20106969916188,0,0,4.36139731677364,678.319083875492,"Semi-natural vegetation_Minimal use","Semi-natural vegetation","Minimal use","HW1_2011__Berg 1","HW1_2011__Berg 1 4","59.8388683211,16.950107199","line/belt transects","HW1_2011__Berg 1 4 32",4.44265125649032,84,84,1,"Sweden","2010","individuals"
0,0.301142579296557,3.95526767711371,0,95.7435897435897,0.0644458637212558,13.0512678823765,1.71814651658275,3.48181525205536,0,0,4.48035635227634,678.270535016962,"Pasture_Light use","Pasture","Light use","HW1_2011__Berg 1","HW1_2011__Berg 1 5","59.8526016566,17.3357981146","line/belt transects","HW1_2011__Berg 1 5 33",3.55534806148941,34,34,1,"Sweden","2010","individuals"
0,0.447324134421218,3.53423496029798,0,96.0184409052808,0.187942244820059,13.4745378494263,1.67448627948761,3.61392337982898,0,0,4.52345937093099,673.490135581233,"Pasture_Light use","Pasture","Light use","HW1_2011__Berg 1","HW1_2011__Berg 1 5","59.8305736741,17.3254968695","line/belt transects","HW1_2011__Berg 1 5 34",3.40119738166216,29,29,1,"Sweden","2010","individuals"
0,0.22739800347419,6.14824817688192,0,93.6243538196439,0.0400997699290085,12.8905729581748,1.73954336887554,3.68936179947103,0,0,4.46318257904481,679.85696743294,"Semi-natural vegetation_Intense use","Semi-natural vegetation","Intense use","HW1_2011__Berg 1","HW1_2011__Berg 1 5","59.8564918278,17.3285701977","line/belt transects","HW1_2011__Berg 1 5 35",4.57471097850338,96,96,1,"Sweden","2010","individuals"
0,0.308926590894648,9.343583061615,0,90.3474903474903,0.0458726837267038,16.2485312065895,1.66228575492948,2.4461024402729,0,0,4.5422309787444,672.364329754772,"Semi-natural vegetation_Intense use","Semi-natural vegetation","Intense use","HW1_2011__Berg 1","HW1_2011__Berg 1 5","59.8423107068,17.3719325168","line/belt transects","HW1_2011__Berg 1 5 36",3.09104245335832,21,21,1,"Sweden","2010","individuals"
5.95035138689784,1.64552011553914,12.6519028034135,0.156266098189892,79.5959595959596,0.0263964075598714,17.3260801613535,1.83164814039198,3.06697488779253,0,0,4.60256093343099,670.831626863219,"Semi-natural vegetation_Minimal use","Semi-natural vegetation","Minimal use","HW1_2011__Berg 1","HW1_2011__Berg 1 5","59.8385242867,17.5133155344","line/belt transects","HW1_2011__Berg 1 5 37",4.47733681447821,87,87,1,"Sweden","2010","individuals"
0.577426879000572,0.570183099288111,9.66769784201083,0,89.1846921797005,0.110727508135177,16.6098232269287,1.78430473804474,2.83389399238941,0,0,4.60256093343099,670.831626863219,"Semi-natural vegetation_Minimal use","Semi-natural vegetation","Minimal use","HW1_2011__Berg 1","HW1_2011__Berg 1 5","59.8200052208,17.4725221813","line/belt transects","HW1_2011__Berg 1 5 38",3.89182029811063,48,48,1,"Sweden","2010","individuals"
0,0.0345485189195794,3.67487961091041,0,96.29057187017,0.0526194367159469,14.9113650192854,1.65412059150418,2.80822641043123,0,0,4.52514304122315,675.666700682318,"Semi-natural vegetation_Minimal use","Semi-natural vegetation","Minimal use","HW1_2011__Berg 1","HW1_2011__Berg 1 5","59.8482487489,17.3746201994","line/belt transects","HW1_2011__Berg 1 5 39",3.91202300542815,49,49,1,"Sweden","2010","individuals"
0,0.0416325832550672,4.15906753343105,0,95.7992998833139,0.062130092942776,13.6016314506929,1.67398330077514,3.33436371058827,0,0,4.52434381241092,673.427975496615,"Semi-natural vegetation_Minimal use","Semi-natural vegetation","Minimal use","HW1_2011__Berg 1","HW1_2011__Berg 1 5","59.8359893788,17.3353750055","line/belt transects","HW1_2011__Berg 1 5 40",4.35670882668959,77,77,1,"Sweden","2010","individuals"
1.38654818459747,2.23633441692816,7.35842580968933,0,89.018691588785,0.114310085806077,14.9263515318731,1.96937080886908,2.87032723766082,86.4631149173167,0,4.67169257119603,659.065125282058,"Pasture_Light use","Pasture","Light use","HW1_2011__Berg 1","HW1_2011__Berg 1 6","59.8425353024,17.8592103558","line/belt transects","HW1_2011__Berg 1 6 41",5.3890717298165,218,218,1,"Sweden","2010","individuals"
0,2.01057853658775,1.55424367404584,0.745255308746258,95.6899224806202,0.119596715469159,20.1423473358154,2.18301153182983,3.12810823746115,99.0140240624585,0,4.66392161051436,661.873071105219,"Pasture_Light use","Pasture","Light use","HW1_2011__Berg 1","HW1_2011__Berg 1 6","59.8318374656,17.8234857822","line/belt transects","HW1_2011__Berg 1 6 42",4.87519732320115,130,130,1,"Sweden","2010","individuals"
0.942788158849515,1.05596102649466,15.9862633042478,0,82.014987510408,0.0472311110096515,16.9530291202841,2.07286647827848,3.563777301763,81.4386298161995,0,4.62285873938225,671.760202129086,"Semi-natural vegetation_Intense use","Semi-natural vegetation","Intense use","HW1_2011__Berg 1","HW1_2011__Berg 1 6","59.8527009672,17.8060091657","line/belt transects","HW1_2011__Berg 1 6 43",4.07753744390572,58,58,1,"Sweden","2010","individuals"
0,0.573755530402423,2.44348584890793,0,96.9827586206897,0.20546818743315,19.2158728433996,2.14511558369048,2.22311869415558,68.7584200989598,0,4.6657033932417,661.279396924943,"Semi-natural vegetation_Intense use","Semi-natural vegetation","Intense use","HW1_2011__Berg 1","HW1_2011__Berg 1 6","59.8222457924,17.8393994564","line/belt transects","HW1_2011__Berg 1 6 44",3.52636052461616,33,33,1,"Sweden","2010","individuals"
0,2.66448905993161,21.4734419745512,0,75.8620689655172,0,11.4461998452216,1.93300267448679,2.37305994622719,12.7683945468641,0,4.62656404669879,669.601352603994,"Semi-natural vegetation_Minimal use","Semi-natural vegetation","Minimal use","HW1_2011__Berg 1","HW1_2011__Berg 1 6","59.8555608364,17.8947651407","line/belt transects","HW1_2011__Berg 1 6 45",5.08140436498446,160,160,1,"Sweden","2010","individuals"
0.875427961188907,2.33236320605531,4.81392173987279,0,91.978287092883,0.136128603325003,17.5298879543457,2.07890984705637,2.88567351736109,45.8701055373854,54.1298944626146,4.66660177622856,663.296437530735,"Semi-natural vegetation_Minimal use","Semi-natural vegetation","Minimal use","HW1_2011__Berg 1","HW1_2011__Berg 1 6","59.8319293012,17.7542164733","line/belt transects","HW1_2011__Berg 1 6 46",4.46590811865458,86,86,1,"Sweden","2010","individuals"
0.00033891972778971,1.43382040682537,14.1755967710078,0,84.390243902439,0.0064236144878696,12.0517894470271,1.92998917555611,2.24276970788704,20.0046452569795,0,4.6253562466731,669.889165458017,"Semi-natural vegetation_Minimal use","Semi-natural vegetation","Minimal use","HW1_2011__Berg 1","HW1_2011__Berg 1 6","59.8559488259,17.8923797958","line/belt transects","HW1_2011__Berg 1 6 47",4.7361984483945,113,113,1,"Sweden","2010","individuals"
0,0.306228483119365,31.6382159613251,0,68.0555555555556,0.0360559908355398,8.28619138107373,1.87253158002696,3.42962800251398,59.7997895792293,0,4.78228264617446,646.658015779386,"Pasture_Light use","Pasture","Light use","HW1_2011__Berg 1","HW1_2011__Berg 1 7","59.8490007545,18.2574997708","line/belt transects","HW1_2011__Berg 1 7 48",2.94443897916644,18,18,1,"Sweden","2010","individuals"
0,0.418653472138095,23.071225064614,2.82591093693214,73.6842105263158,0.0210374925222516,7.60146772671153,1.99974165096558,3.66555182616418,90.0992228212744,0,4.75484907918744,645.943743956431,"Pasture_Light use","Pasture","Light use","HW1_2011__Berg 1","HW1_2011__Berg 1 7","59.8424454433,18.2142092704","line/belt transects","HW1_2011__Berg 1 7 49",3.78418963391826,43,43,1,"Sweden","2010","individuals"
0,5.87724523931744,28.333281076472,0,65.7894736842105,0.0817801166193126,8.05777192204115,1.84569706169731,3.47787038951565,90.5692339875414,0,4.80131306120466,644.962908204239,"Semi-natural vegetation_Intense use","Semi-natural vegetation","Intense use","HW1_2011__Berg 1","HW1_2011__Berg 1 7","59.8483291802,18.2751730252","line/belt transects","HW1_2011__Berg 1 7 50",2.07944154167984,7,7,1,"Sweden","2010","individuals"
0,0.235767794458324,32.2086766499861,0,67.5555555555556,0.0203810268366533,8.675166682778,1.90100479181359,3.41895281995313,49.9327555809297,0,4.76636605486234,647.778832094112,"Semi-natural vegetation_Intense use","Semi-natural vegetation","Intense use","HW1_2011__Berg 1","HW1_2011__Berg 1 7","59.8489516993,18.2509638493","line/belt transects","HW1_2011__Berg 1 7 51",3.66356164612965,38,38,1,"Sweden","2010","individuals"
0,0.318604329585861,99.6813956704141,0,0,0,6.33131123878879,1.80353862727325,1.49283569216706,0,0,4.77308059229785,651.258971247013,"Semi-natural vegetation_Minimal use","Semi-natural vegetation","Minimal use","HW1_2011__Berg 1","HW1_2011__Berg 1 7","59.8786861601,18.2667601166","line/belt transects","HW1_2011__Berg 1 7 52",3.95124371858143,51,51,1,"Sweden","2010","individuals"
0,2.15447959306345,13.9131736838922,0,83.9323467230444,0.041365662333327,12.4821128845215,1.91675937175751,2.53730590574979,34.0609020918648,0,4.68947499593099,657.229496748187,"Semi-natural vegetation_Minimal use","Semi-natural vegetation","Minimal use","HW1_2011__Berg 1","HW1_2011__Berg 1 7","59.883744888,18.2273455856","line/belt transects","HW1_2011__Berg 1 7 53",3.3322045101752,27,27,1,"Sweden","2010","individuals"
0,2.47735419733366,31.5182307916288,0,66.0044150110375,0.061808123911119,8.71415907089802,1.88675258248841,3.53158354377686,54.995625270551,0,4.8067639028365,642.390541081504,"Semi-natural vegetation_Minimal use","Semi-natural vegetation","Minimal use","HW1_2011__Berg 1","HW1_2011__Berg 1 7","59.8431492255,18.2606918467","line/belt transects","HW1_2011__Berg 1 7 54",3.73766961828337,41,41,1,"Sweden","2010","individuals"
0,0,19.5488721804511,0,80.4511278195489,0,8.94943019817246,1.88792032558186,3.52040914759579,45.1426847349181,0,4.81131610511991,641.602274763527,"Semi-natural vegetation_Minimal use","Semi-natural vegetation","Minimal use","HW1_2011__Berg 1","HW1_2011__Berg 1 7","59.8112802803,18.2616098245","line/belt transects","HW1_2011__Berg 1 7 55",3.17805383034795,23,23,1,"Sweden","2010","individuals"
0,9.66709687952446,7.41592564205784,2.60338862824349,80.3135888501742,0,15.107063293457,1.78453385829926,3.40446198807959,95.4923413570784,0,5.06333567301436,629.14008134976,"Pasture_Light use","Pasture","Light use","HW1_2011__Berg 1","HW1_2011__Berg 1 8","59.8365781039,18.7225885037","line/belt transects","HW1_2011__Berg 1 8 56",5.01063529409626,149,149,1,"Sweden","2010","individuals"
0,6.2946412599697,5.08717692184848,0,88.6181818181818,0,14.0539528537267,1.72157356869969,2.48782904514469,100,0,5.06333567301436,629.14008134976,"Pasture_Light use","Pasture","Light use","HW1_2011__Berg 1","HW1_2011__Berg 1 8","59.8286379794,18.6920650044","line/belt transects","HW1_2011__Berg 1 8 57",4.77068462446567,117,117,1,"Sweden","2010","individuals"
0,5.07012479647994,10.2248463166749,3.31199406097453,81.3930348258706,0,14.8888753489562,1.77148947505639,2.61329859083674,96.0099549247888,0,5.06333567301436,629.14008134976,"Semi-natural vegetation_Intense use","Semi-natural vegetation","Intense use","HW1_2011__Berg 1","HW1_2011__Berg 1 8","59.8295622902,18.7100570606","line/belt transects","HW1_2011__Berg 1 8 58",5.22035582507832,184,184,1,"Sweden","2010","individuals"
0,3.57845483702946,9.7943262280593,0,86.6272189349112,0,12.2684750365436,1.64400947801607,2.86644816076728,94.1930125437263,0,5.06333567301436,629.14008134976,"Semi-natural vegetation_Intense use","Semi-natural vegetation","Intense use","HW1_2011__Berg 1","HW1_2011__Berg 1 8","59.8008785057,18.7147803101","line/belt transects","HW1_2011__Berg 1 8 59",3.52636052461616,33,33,1,"Sweden","2010","individuals"
0.279012683660326,3.08303590696624,11.2509489740753,0.771617819913497,84.6153846153846,0,9.01636766341841,1.35802145800256,2.24394022214095,40.0932682598893,0,5.13056901073842,639.529287296952,"Semi-natural vegetation_Minimal use","Semi-natural vegetation","Minimal use","HW1_2011__Berg 1","HW1_2011__Berg 1 8","59.7930788962,18.7668345298","line/belt transects","HW1_2011__Berg 1 8 60",5.57972982598622,264,264,1,"Sweden","2010","individuals"
0.0359777257488951,1.32177724980866,3.58782307261626,1.01186876033682,94.0425531914894,0,9.09240918568844,1.39221078829561,2.00209179801423,47.3823592809922,0,5.11895489869039,637.734621048847,"Semi-natural vegetation_Minimal use","Semi-natural vegetation","Minimal use","HW1_2011__Berg 1","HW1_2011__Berg 1 8","59.7937754276,18.7594288711","line/belt transects","HW1_2011__Berg 1 8 61",5.15329159449778,172,172,1,"Sweden","2010","individuals"
0,2.64811627294698,20.7389805012466,0,76.6129032258064,0,14.7103235598437,1.76081474244817,2.63751130538324,71.9308479716023,0,5.06333567301436,629.14008134976,"Semi-natural vegetation_Minimal use","Semi-natural vegetation","Minimal use","HW1_2011__Berg 1","HW1_2011__Berg 1 8","59.8157767946,18.7059321582","line/belt transects","HW1_2011__Berg 1 8 62",4.88280192258637,131,131,1,"Sweden","2010","individuals"
0,1.47445709056681,3.39247349505662,0.782786928500858,94.3502824858757,0,8.8174537951215,1.35345820355094,2.2074641703735,42.1340860646943,0,5.12249412426209,638.281518534569,"Semi-natural vegetation_Minimal use","Semi-natural vegetation","Minimal use","HW1_2011__Berg 1","HW1_2011__Berg 1 8","59.7916783058,18.7612214851","line/belt transects","HW1_2011__Berg 1 8 63",4.07753744390572,58,58,1,"Sweden","2010","individuals"
0,0.0568048031293373,15.9793329721389,0,83.9638622247318,0.0442771251847032,11.9259582059353,1.79849773506191,2.37761319632155,70.289116925918,0,4.55263449303613,684.841212320597,"Pasture_Light use","Pasture","Light use","HW1_2011__Berg 1","HW1_2011__Berg 1 9","60.0429792193,17.8645707233","line/belt transects","HW1_2011__Berg 1 9 64",5.01727983681492,150,150,1,"Sweden","2010","individuals"
0,0.492157147034798,17.6896610347834,0,81.8181818181818,0.177082578631525,11.6608544305944,1.78536573159744,3.06536187707171,89.1358266066336,0,4.55356976374292,686.608053825666,"Pasture_Light use","Pasture","Light use","HW1_2011__Berg 1","HW1_2011__Berg 1 9","60.0248190096,17.8568568758","line/belt transects","HW1_2011__Berg 1 9 65",4.63472898822964,102,102,1,"Sweden","2010","individuals"
0,0.318604329519996,99.68139567048,0,0,0,3.09242901218289,1.69401293082244,1.43118402002749,0,0,4.54852447509768,679.834223003127,"Semi-natural vegetation_Intense use","Semi-natural vegetation","Intense use","HW1_2011__Berg 1","HW1_2011__Berg 1 9","60.0797072754,17.8109735354","line/belt transects","HW1_2011__Berg 1 9 66",4.17438726989564,64,64,1,"Sweden","2010","individuals"
0,0,46.1538461538462,0,53.8461538461538,0.0143741379756975,3.42461308272144,1.68493464749084,1.62414242972596,1.4956821201135,0,4.55179500731825,678.632704780838,"Semi-natural vegetation_Intense use","Semi-natural vegetation","Intense use","HW1_2011__Berg 1","HW1_2011__Berg 1 9","60.0580066883,17.8426997542","line/belt transects","HW1_2011__Berg 1 9 67",4.85203026391962,127,127,1,"Sweden","2010","individuals"
0,0,9.0497737556561,0,90.9502262443439,0.0385355610831884,19.9129178031493,1.95607082686707,1.94672569853629,17.4601391497174,0,4.5510680304677,694.800133251434,"Semi-natural vegetation_Minimal use","Semi-natural vegetation","Minimal use","HW1_2011__Berg 1","HW1_2011__Berg 1 9","60.0003171802,17.657503937","line/belt transects","HW1_2011__Berg 1 9 68",4.87519732320115,130,130,1,"Sweden","2010","individuals"
0.394234536504056,0.112036280540922,3.86995387270029,0,95.6237753102547,0.0668170041999526,20.0623413620085,1.91106912491278,2.1570948776296,50.5404763912013,0,4.54811067879243,695.276137060798,"Semi-natural vegetation_Minimal use","Semi-natural vegetation","Minimal use","HW1_2011__Berg 1","HW1_2011__Berg 1 9","59.9844701426,17.6517990215","line/belt transects","HW1_2011__Berg 1 9 69",5.46806014113513,236,236,1,"Sweden","2010","individuals"
0,0.199155610471236,62.3008443895288,0,37.5,0,6.89066887635498,1.64214757974616,1.95707136761527,2.90811097605024,0,4.54852447509768,679.834223003127,"Semi-natural vegetation_Minimal use","Semi-natural vegetation","Minimal use","HW1_2011__Berg 1","HW1_2011__Berg 1 9","60.0804112376,17.7874934027","line/belt transects","HW1_2011__Berg 1 9 70",5.40717177146012,222,222,1,"Sweden","2010","individuals"
0,0.635184932302495,99.3648150676975,0,0,0,3.86148222757434,1.67261242765967,1.7285710782224,0,0,4.55365135119848,677.455595935636,"Semi-natural vegetation_Minimal use","Semi-natural vegetation","Minimal use","HW1_2011__Berg 1","HW1_2011__Berg 1 9","60.0705728603,17.8475885036","line/belt transects","HW1_2011__Berg 1 9 71",4.45434729625351,85,85,1,"Sweden","2010","individuals"
0,3.37120679698368,16.7280487861429,0,79.9007444168735,0,5.62098979949951,1.09538555145264,2.76966108137309,86.4383829988806,0,5.00571848551436,649.622200638987,"Pasture_Light use","Pasture","Light use","HW1_2011__Berg 1","HW1_2011__Berg 1 10","60.063861786,18.7210410897","line/belt transects","HW1_2011__Berg 1 10 72",4.0943445622221,59,59,1,"Sweden","2010","individuals"
0,8.06723235435069,43.9645804066931,0.00070756415941468,47.9674796747967,0,4.54122894931464,1.53091686379528,3.15595433248765,60.4740396196988,0,4.95119374593099,644.572271616198,"Pasture_Light use","Pasture","Light use","HW1_2011__Berg 1","HW1_2011__Berg 1 10","60.0304792059,18.7075259235","line/belt transects","HW1_2011__Berg 1 10 73",4.36944785246702,78,78,1,"Sweden","2010","individuals"
0,0.874051490798039,32.4592818425353,0,66.6666666666667,0,4.95937024711425,1.0448325659784,1.88638746541755,42.2091494800324,0,5.00571848551436,649.622200638987,"Semi-natural vegetation_Intense use","Semi-natural vegetation","Intense use","HW1_2011__Berg 1","HW1_2011__Berg 1 10","60.0627973949,18.6975365917","line/belt transects","HW1_2011__Berg 1 10 74",4.94875989037817,140,140,1,"Sweden","2010","individuals"
0,1.72301588887795,28.6091573067943,0.437057573558527,69.2307692307692,0,4.85491891568711,1.31661967323744,2.48024352204872,48.3182863069893,0,4.97495492320774,646.772965460173,"Semi-natural vegetation_Intense use","Semi-natural vegetation","Intense use","HW1_2011__Berg 1","HW1_2011__Berg 1 10","60.049084426,18.6978810677","line/belt transects","HW1_2011__Berg 1 10 75",4.30406509320417,73,73,1,"Sweden","2010","individuals"
0,2.90566815113078,16.2751117441213,0,75.095785440613,0,5.08463326365773,1.13873735956349,2.67139628742987,64.2957228556867,0,5.0001432474825,648.316038410923,"Semi-natural vegetation_Minimal use","Semi-natural vegetation","Minimal use","HW1_2011__Berg 1","HW1_2011__Berg 1 10","60.0545002737,18.7511462086","line/belt transects","HW1_2011__Berg 1 10 76",4.84418708645859,126,126,1,"Sweden","2010","individuals"
0,5.43777416792829,39.0744209540229,0,55.4878048780488,0,5.40299364761142,1.14227345850415,2.57915009274796,48.8284521005427,0,4.99921668484542,649.020022028885,"Semi-natural vegetation_Minimal use","Semi-natural vegetation","Minimal use","HW1_2011__Berg 1","HW1_2011__Berg 1 10","60.0557930146,18.713862432","line/belt transects","HW1_2011__Berg 1 10 77",5.19295685089021,179,179,1,"Sweden","2010","individuals"
0,2.64279524746216,20.5830112041508,0,76.7741935483871,0,5.09725451365798,1.20793947285546,2.25147138942608,62.1715034532485,0,4.99091637380509,647.786343218872,"Semi-natural vegetation_Minimal use","Semi-natural vegetation","Minimal use","HW1_2011__Berg 1","HW1_2011__Berg 1 10","60.0524227487,18.7440099865","line/belt transects","HW1_2011__Berg 1 10 78",4.21950770517611,67,67,1,"Sweden","2010","individuals"
0,11.8823458925666,36.5047508816269,0,51.6129032258064,0,4.42977073329735,1.51262322995689,2.77574649121284,90.0523244084205,0,4.95498943124305,644.775201232579,"Semi-natural vegetation_Minimal use","Semi-natural vegetation","Minimal use","HW1_2011__Berg 1","HW1_2011__Berg 1 10","60.0420994463,18.7348686544","line/belt transects","HW1_2011__Berg 1 10 79",3.46573590279973,31,31,1,"Sweden","2010","individuals"
0,3.58804629154324,12.343411021356,8.90032737149674,75.168215315604,0.0868791467867765,22.8825197853136,1.58197596487928,3.03052684270578,0,0,4.38348541259768,667.595064849593,"Pasture_Light use","Pasture","Light use","HW1_2011__Berg 1","HW1_2011__Berg 1 11","60.3156464266,17.3950253382","line/belt transects","HW1_2011__Berg 1 11 80",3.55534806148941,34,34,1,"Sweden","2010","individuals"
0,2.29260547845654,8.36227388888752,0.686855250891672,88.6582653817643,0.217826400085936,18.9734908201485,1.5727992789706,2.79480135453208,0,0,4.38348541259768,667.595064849593,"Pasture_Light use","Pasture","Light use","HW1_2011__Berg 1","HW1_2011__Berg 1 11","60.3033152862,17.3849653336","line/belt transects","HW1_2011__Berg 1 11 81",3.17805383034795,23,23,1,"Sweden","2010","individuals"
0,1.93438256549597,21.9568646860261,10.2999292190661,65.8088235294118,0.107575883603867,19.7509114130649,1.55518334308994,2.36522838659898,0,0,4.38348541259768,667.595064849593,"Semi-natural vegetation_Intense use","Semi-natural vegetation","Intense use","HW1_2011__Berg 1","HW1_2011__Berg 1 11","60.3147576978,17.3859881045","line/belt transects","HW1_2011__Berg 1 11 82",2.30258509299405,9,9,1,"Sweden","2010","individuals"
0,0.56012990158126,18.0222455773459,0,81.4176245210728,0.0243207721657295,17.0990189314872,1.62176132779896,2.50074457753144,0,0,4.38348541259768,667.595064849593,"Semi-natural vegetation_Intense use","Semi-natural vegetation","Intense use","HW1_2011__Berg 1","HW1_2011__Berg 1 11","60.27649134,17.3820095158","line/belt transects","HW1_2011__Berg 1 11 83",1.79175946922805,5,5,1,"Sweden","2010","individuals"
1.337883650133,0,16.0534206976931,0,82.6086956521739,0.057069318366076,12.7229931118173,1.73672512759814,1.79814891967975,31.6800193827025,0,4.34751536051436,671.257710666396,"Semi-natural vegetation_Minimal use","Semi-natural vegetation","Minimal use","HW1_2011__Berg 1","HW1_2011__Berg 1 11","60.2922602505,17.5046942211","line/belt transects","HW1_2011__Berg 1 11 84",2.63905732961526,13,13,1,"Sweden","2010","individuals"
0,3.56259729556603,21.6966619636932,0,74.7407407407407,0.0931766995456813,24.5476663349325,1.74769565686269,3.01944667831372,0,0,4.38942870194738,668.037708070325,"Semi-natural vegetation_Minimal use","Semi-natural vegetation","Minimal use","HW1_2011__Berg 1","HW1_2011__Berg 1 11","60.2568554973,17.4077834273","line/belt transects","HW1_2011__Berg 1 11 85",3.3322045101752,27,27,1,"Sweden","2010","individuals"
0,0,35.1851851851852,0,64.8148148148148,0.00527942439323145,22.4226815547446,1.7021347420166,1.29235938102075,0,0,4.38348541259768,667.595064849593,"Semi-natural vegetation_Minimal use","Semi-natural vegetation","Minimal use","HW1_2011__Berg 1","HW1_2011__Berg 1 11","60.2872626368,17.4001573043","line/belt transects","HW1_2011__Berg 1 11 86",2.56494935746154,12,12,1,"Sweden","2010","individuals"
0,0.230730485512352,19.5712497125074,0,80.1980198019802,0,17.0981578826904,1.62174832820892,1.93643122393538,0,0,4.38348541259768,667.595064849593,"Semi-natural vegetation_Minimal use","Semi-natural vegetation","Minimal use","HW1_2011__Berg 1","HW1_2011__Berg 1 11","60.2777185938,17.3723616424","line/belt transects","HW1_2011__Berg 1 11 87",3.04452243772342,20,20,1,"Sweden","2010","individuals"
0,0.612064047337907,7.94116616194325,0,91.4467697907188,0.0794881773246716,9.65616231879715,1.67952100417048,2.77213542318857,0,0,4.92319895426436,647.999337525107,"Pasture_Light use","Pasture","Light use","HW1_2011__Berg 1","HW1_2011__Berg 1 12","60.3061927749,18.2757775298","line/belt transects","HW1_2011__Berg 1 12 88",3.95124371858143,51,51,1,"Sweden","2010","individuals"
0,12.2337122992529,26.0340042361802,0,61.7322834645669,0.0649937203336927,10.2560092592169,1.71066873953537,2.52826109327491,0,0,4.92319895426436,647.999337525107,"Pasture_Light use","Pasture","Light use","HW1_2011__Berg 1","HW1_2011__Berg 1 12","60.2722272508,18.3005504878","line/belt transects","HW1_2011__Berg 1 12 89",3.78418963391826,43,43,1,"Sweden","2010","individuals"
0.0753188745170343,0.453409725472483,26.3369430418015,0,73.134328358209,0.0274421984169923,9.82439923513194,1.70497644603567,3.22356644638447,0,0,4.92319895426436,647.999337525107,"Semi-natural vegetation_Intense use","Semi-natural vegetation","Intense use","HW1_2011__Berg 1","HW1_2011__Berg 1 12","60.3021238508,18.2893309713","line/belt transects","HW1_2011__Berg 1 12 90",4.14313472639153,62,62,1,"Sweden","2010","individuals"
0,14.4398288552593,48.893504478074,0,36.6666666666667,0,9.04510498046875,1.65913152694702,3.85963144277381,21.4807478365925,0,4.92319895426436,647.999337525107,"Semi-natural vegetation_Intense use","Semi-natural vegetation","Intense use","HW1_2011__Berg 1","HW1_2011__Berg 1 12","60.2884499878,18.3254631681","line/belt transects","HW1_2011__Berg 1 12 91",3.40119738166216,29,29,1,"Sweden","2010","individuals"
1.71399586233657,0.473239084439665,14.8073983269268,0,83.005366726297,0.0153009288105971,10.5691067848157,1.72517351606134,3.82958184310383,0,0,4.92319895426436,647.999337525107,"Semi-natural vegetation_Minimal use","Semi-natural vegetation","Minimal use","HW1_2011__Berg 1","HW1_2011__Berg 1 12","60.2925335476,18.296056153","line/belt transects","HW1_2011__Berg 1 12 92",3.95124371858143,51,51,1,"Sweden","2010","individuals"
1.24868166399888,1.10280979625317,25.7966566878961,0,71.8518518518519,0.0178677965817223,9.61406502025276,1.68334699553463,2.81555228008347,0,0,4.92319895426436,647.999337525107,"Semi-natural vegetation_Minimal use","Semi-natural vegetation","Minimal use","HW1_2011__Berg 1","HW1_2011__Berg 1 12","60.2834902898,18.3080456653","line/belt transects","HW1_2011__Berg 1 12 93",4.7361984483945,113,113,1,"Sweden","2010","individuals"
1.19710720912755,0.602600677928169,15.1042067036916,0,83.0960854092527,0.0039834267638089,10.7488188308037,1.73322781995474,4.01807558281697,0,0,4.92319895426436,647.999337525107,"Semi-natural vegetation_Minimal use","Semi-natural vegetation","Minimal use","HW1_2011__Berg 1","HW1_2011__Berg 1 12","60.2957104252,18.2894412734","line/belt transects","HW1_2011__Berg 1 12 94",3.36729582998647,28,28,1,"Sweden","2010","individuals"
0,1.10168648191865,47.5377693003943,0,51.3605442176871,0.0447969263900833,9.04510498046875,1.65913152694702,2.66621155829875,30.1089909784145,0,4.92319895426436,647.999337525107,"Semi-natural vegetation_Minimal use","Semi-natural vegetation","Minimal use","HW1_2011__Berg 1","HW1_2011__Berg 1 12","60.274506792,18.3229802681","line/belt transects","HW1_2011__Berg 1 12 95",3.04452243772342,20,20,1,"Sweden","2010","individuals"
1.01346598744275e-15,3.0421244182698e-15,5.97067037774091e-16,0,92.14463840399,0,12.0135116399422,1.42927477926904,2.41442092119731,0,0,7.39661051432296,618.86481574038,"Pasture_Minimal use","Pasture","Minimal use","HW1_2012__Jonsell 1","HW1_2012__Jonsell 1 ","59.4817003149,16.2921759018","window trap","HW1_2012__Jonsell 1  1",6.87626461189077,968,968,1,"Sweden","2007","individuals"
0,7.24105448203699,18.3679913759329,1.79381712771515,72.5971370143149,0.105028194817812,14.0798931121826,1.87903618812561,1.7048641990008,2.95758495357564,59.6253353936171,7.04748942057296,606.964366626926,"Semi-natural vegetation_Light use","Semi-natural vegetation","Light use","HW1_2012__Jonsell 1","HW1_2012__Jonsell 1 ","59.9134517835,17.9270639528","window trap","HW1_2012__Jonsell 1  2",6.87729607149743,969,969,1,"Sweden","2007","individuals"
0,1.33530257410834,17.6983723892884,0,80.9663250366032,0,11.5923621854841,1.7013014578931,3.00293441778538,0,0,7.34599202473959,634.722581016831,"Pasture_Minimal use","Pasture","Minimal use","HW1_2012__Jonsell 1","HW1_2012__Jonsell 1 ","59.3188069175,16.7078234182","window trap","HW1_2012__Jonsell 1  4",6.24027584517077,512,512,1,"Sweden","2007","individuals"
0,0,0,0,94.131455399061,0.142401645865534,13.769333029637,1.77524736939144,2.76698912803852,0,0,7.40344645182296,614.477027324028,"Semi-natural vegetation_Light use","Semi-natural vegetation","Light use","HW1_2012__Jonsell 1","HW1_2012__Jonsell 1 ","59.4009552107,16.8842944091","window trap","HW1_2012__Jonsell 1  5",6.3919171133926,596,596,1,"Sweden","2007","individuals"
0,0,0,0,64.7058823529412,0,7.50573210121339,1.41353095056701,3.49115726137852,0,0,7.51437624645013,662.212704180279,"Semi-natural vegetation_Light use","Semi-natural vegetation","Light use","HW1_2012__Jonsell 1","HW1_2012__Jonsell 1 ","59.548136404,16.6449857418","window trap","HW1_2012__Jonsell 1  6",6.44730586254121,630,630,1,"Sweden","2006","individuals"
0,0,0,0,94.0185341196293,0,13.7867437413474,1.60465704537965,3.15410075850639,0,0,7.38993733723959,617.200087814126,"Pasture_Minimal use","Pasture","Minimal use","HW1_2012__Jonsell 1","HW1_2012__Jonsell 1 ","59.4962996735,16.223536441","window trap","HW1_2012__Jonsell 1  8",7.06987412845857,1175,1175,1,"Sweden","2007","individuals"
0,2.18656407622563,3.09235767592712,0,94.7210782478472,0,13.9261057551263,1.55081403380503,3.10188377722173,0,0,7.40100504557296,620.037451211829,"Pasture_Minimal use","Pasture","Minimal use","HW1_2012__Jonsell 1","HW1_2012__Jonsell 1 ","59.4948296379,16.3753335351","window trap","HW1_2012__Jonsell 1  9",6.70196036600254,813,813,1,"Sweden","2007","individuals"
0,0,0,0,87.5,0,8.5331142767354,1.43195881300704,3.52950751624131,0,0,7.40502406219532,634.761215662046,"Pasture_Minimal use","Pasture","Minimal use","HW1_2012__Jonsell 1","HW1_2012__Jonsell 1 ","59.2525397819,17.1986347277","window trap","HW1_2012__Jonsell 1  11",6.67076632084587,788,788,1,"Sweden","2007","individuals"
0,0,8.66202412321183,0,0,0,2.97159905505993,1.08458372390231,1.65447337920803,0,0,7.36000397520342,622.13486108519,"Semi-natural vegetation_Light use","Semi-natural vegetation","Light use","HW1_2012__Jonsell 1","HW1_2012__Jonsell 1 ","59.4847819683,16.5834105013","window trap","HW1_2012__Jonsell 1  12",6.37161184723186,584,584,1,"Sweden","2007","individuals"
0,0,0,0,100,0,10.0773285448097,1.59843880272103,3.43778023312423,0,0,7.40100504557296,620.037451211829,"Semi-natural vegetation_Light use","Semi-natural vegetation","Light use","HW1_2012__Jonsell 1","HW1_2012__Jonsell 1 ","59.4830270449,16.405134732","window trap","HW1_2012__Jonsell 1  13",6.52356230614951,680,680,1,"Sweden","2007","individuals"
0,3.91240563049807,2.33759436950193,0,93.75,0.00801461092010671,5.38661384582519,1.45649766921997,2.98291336927014,0,0,7.28375651041671,747.488143970259,"Semi-natural vegetation_Light use","Semi-natural vegetation","Light use","HW1_2012__Jonsell 1","HW1_2012__Jonsell 1 ","60.1326769398,17.329236156","window trap","HW1_2012__Jonsell 1  14",6.3456363608286,569,569,1,"Sweden","2008","individuals"
0,0,0,0,75,0.0300655062458786,12.9143021352126,1.72674714145367,3.95962096579762,0,0,7.3928613160358,618.393726242542,"Semi-natural vegetation_Light use","Semi-natural vegetation","Light use","HW1_2012__Jonsell 1","HW1_2012__Jonsell 1 ","59.3959122548,16.8418880315","window trap","HW1_2012__Jonsell 1  15",5.93753620508243,378,378,1,"Sweden","2007","individuals"
0,6.43939393939394,0,0,93.5606060606061,0,7.53973805465697,1.11730807023477,2.51547475795085,11.6815415641266,0,7.1313828389679,632.898629623017,"Pasture_Minimal use","Pasture","Minimal use","HW1_2012__Jonsell 1","HW1_2012__Jonsell 1 ","59.5517052861,15.743259298","window trap","HW1_2012__Jonsell 1  16",6.03787091992214,418,418,1,"Sweden","2007","individuals"
0,6.12396196116971,9.67026186554509,0,84.2057761732852,0.0452738060152677,11.679507840087,1.7756554228629,2.36191731031458,65.6931669819166,0,7.01195868992288,609.456983923532,"Semi-natural vegetation_Light use","Semi-natural vegetation","Light use","HW1_2012__Jonsell 1","HW1_2012__Jonsell 1 ","59.9538076444,17.9851400728","window trap","HW1_2012__Jonsell 1  17",6.16120732169508,473,473,1,"Sweden","2007","individuals"
0,7.23748532003776,1.40103861149463,0.522332043461608,90.839144025006,0.185886588340318,17.7715312982472,1.70397595937762,2.85578749169194,54.0899110430369,0,7.40938737607331,616.301306860671,"Semi-natural vegetation_Light use","Semi-natural vegetation","Light use","HW1_2012__Jonsell 1","HW1_2012__Jonsell 1 ","59.439285749,16.0518832594","window trap","HW1_2012__Jonsell 1  18",6.92853781816467,1020,1020,1,"Sweden","2007","individuals"
0,6.78269583958247,0.0842569501171133,0,93.1330472103004,0.429194421075884,22.0793441736689,2.13215017347749,2.7189001374501,0,0,7.30792506390038,648.893100896042,"Pasture_Minimal use","Pasture","Minimal use","HW1_2012__Jonsell 1","HW1_2012__Jonsell 1 ","60.0550566778,17.5788182697","window trap","HW1_2012__Jonsell 1  21",6.3750248198281,586,586,1,"Sweden","2006","individuals"
0,0,0,0,79.6875,0.0205420591226468,6.91763544082642,1.73195290565491,3.79169310700873,0,0,7.39378619611758,613.045673099587,"Semi-natural vegetation_Light use","Semi-natural vegetation","Light use","HW1_2012__Jonsell 1","HW1_2012__Jonsell 1 ","59.4616877218,16.9215013197","window trap","HW1_2012__Jonsell 1  22",6.85751406254539,950,950,1,"Sweden","2007","individuals"
0,8.70142620357192,41.1479701073576,0,18.9189189189189,0,7.94153118133545,1.47174799442291,4.46459616028363,0,0,7.37225052166397,623.042139046913,"Semi-natural vegetation_Light use","Semi-natural vegetation","Light use","HW1_2012__Jonsell 1","HW1_2012__Jonsell 1 ","59.4710381158,16.6289616095","window trap","HW1_2012__Jonsell 1  26",5.81413053182507,334,334,1,"Sweden","2007","individuals"
0,0,0,0,88.1720430107527,0,12.3175421268478,1.67266898703588,2.8819933779957,0,0,7.48297526041671,756.525717093609,"Pasture_Minimal use","Pasture","Minimal use","HW1_2012__Jonsell 1","HW1_2012__Jonsell 1 ","59.7613539407,17.588145322","window trap","HW1_2012__Jonsell 1  27",6.35262939631957,573,573,1,"Sweden","2008","individuals"
0,2.93815999363032,0,2.50946668371797,94.5523733226517,0.0572251729190739,19.1681938171387,2.26880788803101,2.36684974467557,0,0,11.1365804036458,454.483799170703,"Pasture_Light use","Pasture","Light use","HW1_2012__Korosi 1","HW1_2012__Korosi 1 1","47.127189824,19.1756450081","sweep netting","HW1_2012__Korosi 1 1 1",7.61726781362835,2032,2032,1,"Hungary","2003","individuals"
0,3.60121764109087,3.03129018697631,0,93.3674921719328,0.0237929078796357,12.3089513778687,2.2736976146698,2.22102609811251,0,100,11.1004475911458,455.657563637942,"Pasture_Minimal use","Pasture","Minimal use","HW1_2012__Korosi 1","HW1_2012__Korosi 1 1","47.1164901082,19.1308942242","sweep netting","HW1_2012__Korosi 1 1 2",6.64898455002478,771,771,1,"Hungary","2003","individuals"
0,2.17035107110513,6.7461274841996,0,91.0835214446953,0.0107220987685106,38.9689025942985,2.29147828444295,2.78646530385657,0,38.5495607599189,11.1667217780587,455.307143841039,"Pasture_Light use","Pasture","Light use","HW1_2012__Korosi 1","HW1_2012__Korosi 1 2","46.9615546865,19.1559621505","sweep netting","HW1_2012__Korosi 1 2 3",6.89162589705225,983,983,1,"Hungary","2003","individuals"
0,6.2271637781101,9.72141600016552,0.0720286613710878,83.9793915603533,0.109938339596531,42.632717257194,2.30737429477399,3.34278354168748,0,0,11.1659375172294,453.804973121476,"Pasture_Minimal use","Pasture","Minimal use","HW1_2012__Korosi 1","HW1_2012__Korosi 1 2","46.9530980415,19.1820756688","sweep netting","HW1_2012__Korosi 1 2 4",6.25766758788264,521,521,1,"Hungary","2003","individuals"
0,1.63157942943079,3.99552023462295,0,94.3729003359463,0.0231631209779637,42.774189728336,2.30986261780978,2.71682217630383,0,23.8545450963809,11.1653894249787,454.698828442051,"Pasture_Light use","Pasture","Light use","HW1_2012__Korosi 1","HW1_2012__Korosi 1 3","46.9547528705,19.1570257864","sweep netting","HW1_2012__Korosi 1 3 5",7.29505641646263,1472,1472,1,"Hungary","2003","individuals"
0,4.18992564125626,4.08014260085183,0.810699272394368,90.9192324854975,0.128061702956271,41.8291343773102,2.30407513414208,3.38015599590583,0,0,11.1676289297132,454.283442770454,"Pasture_Minimal use","Pasture","Minimal use","HW1_2012__Korosi 1","HW1_2012__Korosi 1 3","46.955845328,19.1938674931","sweep netting","HW1_2012__Korosi 1 3 6",5.77455154554441,321,321,1,"Hungary","2003","individuals"
0,1.86938599684939,4.15235919411799,0,93.9782548090326,0.020282300314423,45.3873454603145,2.3226010184817,2.72978122318063,0,20.0667859562265,11.1643987537735,454.417851982968,"Pasture_Light use","Pasture","Light use","HW1_2012__Korosi 1","HW1_2012__Korosi 1 4","46.9530345416,19.1571668105","sweep netting","HW1_2012__Korosi 1 4 7",6.64509096950564,768,768,1,"Hungary","2003","individuals"
0,7.02378194622988,16.7156725761334,0.00098335682429249,76.2595621208124,0.0572395964620299,35.4332694009336,2.27106101040989,3.1606452588407,0,0,11.1688069661458,454.616687726229,"Pasture_Minimal use","Pasture","Minimal use","HW1_2012__Korosi 1","HW1_2012__Korosi 1 4","46.9597473577,19.1883859357","sweep netting","HW1_2012__Korosi 1 4 8",7.7484600238997,2317,2317,1,"Hungary","2003","individuals"
0,1.61520101555208,4.55531240884735,0,93.8294865756006,0.0513080587835158,41.1741081076636,2.29993629143827,3.01028763242732,0,0.831001221555083,11.1664886232339,453.960870928222,"Pasture_Light use","Pasture","Light use","HW1_2012__Korosi 1","HW1_2012__Korosi 1 5","46.9539360787,19.1643155621","sweep netting","HW1_2012__Korosi 1 5 9",6.96790920180188,1061,1061,1,"Hungary","2003","individuals"
0,6.02984656876182,20.8983272981876,0,73.0718261330506,0.0799737986366632,35.0315132141113,2.2686128616333,2.52930639219448,0,0,11.1688069661458,454.616687726229,"Pasture_Minimal use","Pasture","Minimal use","HW1_2012__Korosi 1","HW1_2012__Korosi 1 5","46.9646901327,19.1850086545","sweep netting","HW1_2012__Korosi 1 5 10",5.71702770140622,303,303,1,"Hungary","2003","individuals"
0,1.83736971032601,0.0696908035331983,0.56643771935633,97.5265017667845,0.0365822805656171,20.2743892669678,2.53424572944641,3.12474557258036,100,0,11.1997314453125,447.734608780593,"Pasture_Light use","Pasture","Light use","HW1_2012__Korosi 1","HW1_2012__Korosi 1 6","46.7611627423,19.1815193513","sweep netting","HW1_2012__Korosi 1 6 11",8.04173471148754,3107,3107,1,"Hungary","2003","individuals"
0,0.880206386723699,0,0.395001205209866,98.7247924080664,0.0732132372570824,20.5403082486641,2.54255604691603,3.2793160942994,100,0,11.201773683559,446.912892721747,"Pasture_Minimal use","Pasture","Minimal use","HW1_2012__Korosi 1","HW1_2012__Korosi 1 6","46.7557948087,19.1792416035","sweep netting","HW1_2012__Korosi 1 6 12",7.49776170062257,1803,1803,1,"Hungary","2003","individuals"
0,1.56433328387209,0.0307352995077121,0.644356354413952,97.7605750622062,0.051355082998992,20.2743892669678,2.53424572944641,3.33285507099728,100,0,11.1997314453125,447.734608780593,"Pasture_Light use","Pasture","Light use","HW1_2012__Korosi 1","HW1_2012__Korosi 1 7","46.7597914609,19.1770914522","sweep netting","HW1_2012__Korosi 1 7 13",6.97634807044775,1070,1070,1,"Hungary","2003","individuals"
0,1.58682922053023,0,0.75019414970348,97.6629766297663,0.0844540680067865,21.1284095085107,2.56093498377278,3.1380506959101,100,0,11.2062927423212,445.094601852777,"Pasture_Minimal use","Pasture","Minimal use","HW1_2012__Korosi 1","HW1_2012__Korosi 1 7","46.7516402671,19.1778572164","sweep netting","HW1_2012__Korosi 1 7 14",7.20637729147225,1347,1347,1,"Hungary","2003","individuals"
0,11.2085929051741,1.61743693569401,8.33579588527301,78.8381742738589,0.00668406477393704,6.32480382919312,2.82875847816467,3.12084633905288,0,0,11.1896402994792,448.086820077151,"Pasture_Light use","Pasture","Light use","HW1_2012__Korosi 1","HW1_2012__Korosi 1 8","46.930151343,19.3184458319","sweep netting","HW1_2012__Korosi 1 8 15",7.028201432058,1127,1127,1,"Hungary","2003","individuals"
0,7.46719447573874,4.04851021727186,4.48602991236667,83.9982653946227,0.00525617093914412,6.32480382919312,2.82875847816467,3.16749699968172,0,0,11.1896402994792,448.086820077151,"Pasture_Minimal use","Pasture","Minimal use","HW1_2012__Korosi 1","HW1_2012__Korosi 1 8","46.9388403579,19.3188574215","sweep netting","HW1_2012__Korosi 1 8 16",7.0343879299155,1134,1134,1,"Hungary","2003","individuals"
0,9.93773423083131,1.57784055988908,6.22453820362989,82.2598870056497,0.00600138074702508,6.32480382919312,2.82875847816467,3.12049196910445,0,0,11.1896402994792,448.086820077151,"Pasture_Light use","Pasture","Light use","HW1_2012__Korosi 1","HW1_2012__Korosi 1 9","46.9313599607,19.320894526","sweep netting","HW1_2012__Korosi 1 9 17",6.90073066404517,992,992,1,"Hungary","2003","individuals"
0,6.58395628388201,4.10195567203229,4.36969112364088,84.9443969204448,0.00995231310632299,6.32480382919312,2.82875847816467,3.18025584462966,0,0,11.1896402994792,448.086820077151,"Pasture_Minimal use","Pasture","Minimal use","HW1_2012__Korosi 1","HW1_2012__Korosi 1 9","46.9399942358,19.3178387715","sweep netting","HW1_2012__Korosi 1 9 18",6.1463292576689,466,466,1,"Hungary","2003","individuals"
0,11.6972976100553,0.732127292588243,7.44372520306471,80.1268498942918,0.00725526422238796,6.32480382919312,2.82875847816467,2.87851841780687,0,0,11.1896402994792,448.086820077151,"Pasture_Light use","Pasture","Light use","HW1_2012__Korosi 1","HW1_2012__Korosi 1 10","46.9261261278,19.3201588167","sweep netting","HW1_2012__Korosi 1 10 19",6.86589107488344,958,958,1,"Hungary","2003","individuals"
0,4.72215418442852,7.051509949573,0.762992757494077,87.4633431085044,0.00057458213588863,6.32480382919312,2.82875847816467,3.00231162839803,0,0,11.1896402994792,448.086820077151,"Pasture_Minimal use","Pasture","Minimal use","HW1_2012__Korosi 1","HW1_2012__Korosi 1 10","46.9400150465,19.3278866695","sweep netting","HW1_2012__Korosi 1 10 20",6.57368016696065,715,715,1,"Hungary","2003","individuals"
0,1.26903659663784,6.14699208246936,6.86389018499017,85.7200811359026,0.0275720128436485,4.70980358123779,2.89751362800598,2.85132379824113,0,0,11.1424397786458,451.95148838684,"Pasture_Light use","Pasture","Light use","HW1_2012__Korosi 1","HW1_2012__Korosi 1 11","47.0751734501,19.3327683083","sweep netting","HW1_2012__Korosi 1 11 21",5.8636311755981,351,351,1,"Hungary","2003","individuals"
0,5.47984450323048,7.54261782261541,0,86.9775376741541,0.015479225618535,15.9204797744751,2.89099431037903,4.09464229540015,0,0,11.1424397786458,451.95148838684,"Pasture_Minimal use","Pasture","Minimal use","HW1_2012__Korosi 1","HW1_2012__Korosi 1 11","47.0897881619,19.2781592968","sweep netting","HW1_2012__Korosi 1 11 22",6.33682573114644,564,564,1,"Hungary","2003","individuals"
0,2.80583310597044,4.20974719353968,11.2259973504488,81.7584223500411,0.0284264909229899,4.77459192904432,2.88076878452055,2.99019771781932,0,0,11.1415077109796,451.864432716924,"Pasture_Light use","Pasture","Light use","HW1_2012__Korosi 1","HW1_2012__Korosi 1 12","47.07104756,19.3386844751","sweep netting","HW1_2012__Korosi 1 12 23",5.92692602597041,374,374,1,"Hungary","2003","individuals"
0,5.88861424054897,10.4229914828215,0,83.6883942766296,0.015150697254312,15.3829641471132,2.87646510979197,3.65085035855222,0,0,11.1424397786458,451.95148838684,"Pasture_Minimal use","Pasture","Minimal use","HW1_2012__Korosi 1","HW1_2012__Korosi 1 12","47.092931771,19.2805701285","sweep netting","HW1_2012__Korosi 1 12 24",7.78945456608667,2414,2414,1,"Hungary","2003","individuals"
0,1.97669291705868,2.1451510131571,5.47005359733859,90.4081024724456,0.0747127650025456,5.28773590418537,2.74814438767905,3.3732117207272,0,0,11.13414862385,451.177089637428,"Pasture_Light use","Pasture","Light use","HW1_2012__Korosi 1","HW1_2012__Korosi 1 13","47.0636094881,19.3451606088","sweep netting","HW1_2012__Korosi 1 13 25",5.90263333340137,365,365,1,"Hungary","2003","individuals"
0.0600374717934958,3.82329384803037,9.21989654850467,0,86.8967721316715,0,13.0777077333247,2.89264746078297,3.40356789057762,0,0,11.1424397786458,451.95148838684,"Pasture_Minimal use","Pasture","Minimal use","HW1_2012__Korosi 1","HW1_2012__Korosi 1 13","47.0597620254,19.2947744716","sweep netting","HW1_2012__Korosi 1 13 26",5.39362754635236,219,219,1,"Hungary","2003","individuals"
0,2.97041655376482,3.90191643604904,10.7117648695134,82.4159021406728,0.0437996170084608,5.0097488492641,2.81999140776243,3.1246738180918,0,0,11.1381341044552,451.549335877242,"Pasture_Light use","Pasture","Light use","HW1_2012__Korosi 1","HW1_2012__Korosi 1 14","47.0669188837,19.3420719198","sweep netting","HW1_2012__Korosi 1 14 27",6.0913098820777,441,441,1,"Hungary","2003","individuals"
1.69587054053382,4.93612984123416,10.8337530428896,0,82.5342465753425,0,15.8362822457921,2.89104327356585,3.66050176728674,0,0,11.1424397786458,451.95148838684,"Pasture_Minimal use","Pasture","Minimal use","HW1_2012__Korosi 1","HW1_2012__Korosi 1 14","47.0629437907,19.2875749586","sweep netting","HW1_2012__Korosi 1 14 28",5.56068163101553,259,259,1,"Hungary","2003","individuals"
0,0.954801964300518,0.728227488714904,0,98.3169705469846,0.076488962569719,39.3872833251953,2.40432858467102,2.14565452876193,0,0,11.0695231119792,449.080580263399,"Pasture_Light use","Pasture","Light use","HW1_2012__Korosi 1","HW1_2012__Korosi 1 15","47.5160889543,20.3221374971","sweep netting","HW1_2012__Korosi 1 15 29",5.05624580534831,156,156,1,"Hungary","2003","individuals"
0,0.150699381639,0.0793178696548445,0,99.7699827487062,0.0996117230590337,40.1235342157402,2.39536911674841,2.30112745958201,0,0,11.0695231119792,449.080580263399,"Pasture_Minimal use","Pasture","Minimal use","HW1_2012__Korosi 1","HW1_2012__Korosi 1 15","47.5211092691,20.3106248519","sweep netting","HW1_2012__Korosi 1 15 30",5.29330482472449,198,198,1,"Hungary","2003","individuals"
0,0.865115009311304,0.66427105142717,0,98.4706139392615,0.153308832156403,39.2398896451874,2.37829478064628,3.77266312753207,0,0,11.0738956885067,448.929240975352,"Pasture_Light use","Pasture","Light use","HW1_2012__Korosi 1","HW1_2012__Korosi 1 16","47.5198858854,20.3430915937","sweep netting","HW1_2012__Korosi 1 16 31",4.87519732320115,130,130,1,"Hungary","2003","individuals"
0,0.745889821343961,0.520721474337098,0,98.7333887043189,0.184616896826072,39.3407604303839,2.39611135360577,3.44450051750881,0,0,11.0709072520851,449.032673776944,"Pasture_Minimal use","Pasture","Minimal use","HW1_2012__Korosi 1","HW1_2012__Korosi 1 16","47.5222189541,20.3396027524","sweep netting","HW1_2012__Korosi 1 16 32",5.26785815906333,193,193,1,"Hungary","2003","individuals"
0.155304436482294,1.03143332875295,1.51282006580967,0,97.3004421689551,0.0730360631714645,48.6744261205712,2.18338280108529,2.22468196989844,0,15.7876521949244,11.0822808901758,448.639020680124,"Pasture_Light use","Pasture","Light use","HW1_2012__Korosi 1","HW1_2012__Korosi 1 17","47.5015555847,20.350767996","sweep netting","HW1_2012__Korosi 1 17 33",6.26530121273771,525,525,1,"Hungary","2003","individuals"
0,1.18535551010943,1.61794248753485,0,97.1967020023557,0.0874594462605442,43.4263857461652,2.24022856732247,1.89462518738539,0,36.5254218902707,11.0905745403097,448.351969075955,"Pasture_Minimal use","Pasture","Minimal use","HW1_2012__Korosi 1","HW1_2012__Korosi 1 17","47.5044073205,20.3587108529","sweep netting","HW1_2012__Korosi 1 17 34",5.6937321388027,296,296,1,"Hungary","2003","individuals"
0,0.766814784548495,0.703773450745621,0,98.5294117647059,0.060180779129327,46.7112018953415,2.36122154115998,2.27610100758208,0,0,10.8382990462458,467.29183023451,"Pasture_Light use","Pasture","Light use","HW1_2012__Korosi 1","HW1_2012__Korosi 1 18","47.6546125497,20.5831210163","sweep netting","HW1_2012__Korosi 1 18 35",5.24702407216049,189,189,1,"Hungary","2003","individuals"
0,1.41255258187945,1.04006726204473,0,97.5473801560758,0.0627361610026282,39.1691951974825,2.14996231489512,1.65592605342194,0,0,10.9267433453821,452.848539840661,"Pasture_Minimal use","Pasture","Minimal use","HW1_2012__Korosi 1","HW1_2012__Korosi 1 18","47.6410970925,20.5847249577","sweep netting","HW1_2012__Korosi 1 18 36",6.53524127101366,688,688,1,"Hungary","2003","individuals"
0,0.773377670440109,0.747090165817202,0,98.4795321637427,0.0480969929535512,27.0565639075322,2.12996641679721,2.50436016289112,0,0,10.924220048453,453.260603825038,"Pasture_Light use","Pasture","Light use","HW1_2012__Korosi 1","HW1_2012__Korosi 1 19","47.6420777081,20.6028969621","sweep netting","HW1_2012__Korosi 1 19 37",4.69134788222914,108,108,1,"Hungary","2003","individuals"
0.00588761669296695,1.26096297944299,1.16801670359621,0,97.5651327002678,0.0158253562694993,29.9496117807882,2.1343924383967,2.3847000486765,0,0,10.9267822265625,452.842190396041,"Pasture_Minimal use","Pasture","Minimal use","HW1_2012__Korosi 1","HW1_2012__Korosi 1 19","47.638646339,20.5991621827","sweep netting","HW1_2012__Korosi 1 19 38",4.87519732320115,130,130,1,"Hungary","2003","individuals"
0,0.169549530448623,0.171336773942795,0,99.6591136956086,0.0609765993322136,59.9487651802394,2.10192849122393,1.9492411740262,0,0,11.1190022786458,442.380921333097,"Pasture_Light use","Pasture","Light use","HW1_2012__Korosi 1","HW1_2012__Korosi 1 20","47.5657560343,20.3973140303","sweep netting","HW1_2012__Korosi 1 20 39",6.52209279817015,679,679,1,"Hungary","2003","individuals"
0,0.519223716862272,0.287537712257986,0,99.1932385708797,0.115040752789741,60.4349454067131,2.10780481598432,1.65088269309071,0,0,11.1088458042265,444.702093379243,"Pasture_Minimal use","Pasture","Minimal use","HW1_2012__Korosi 1","HW1_2012__Korosi 1 20","47.5514811689,20.4025443516","sweep netting","HW1_2012__Korosi 1 20 40",5.08759633523238,161,161,1,"Hungary","2003","individuals"
0,1.47343332672412,1.60103263454559,0,96.9255340387303,0.138064180892796,58.6576827235998,2.11010753046304,2.59664428212204,0,0,11.1190022786458,442.380921333097,"Pasture_Light use","Pasture","Light use","HW1_2012__Korosi 1","HW1_2012__Korosi 1 21","47.5724896654,20.3946011285","sweep netting","HW1_2012__Korosi 1 21 41",6.72982407048948,836,836,1,"Hungary","2003","individuals"
0,0.417001224111672,0.263403130476193,0,99.3195956454121,0.0878948183064178,66.7845103319665,2.06503448846797,1.51146571566607,0,0,11.1111857541944,444.167318591202,"Pasture_Minimal use","Pasture","Minimal use","HW1_2012__Korosi 1","HW1_2012__Korosi 1 21","47.5528033717,20.4117338919","sweep netting","HW1_2012__Korosi 1 21 42",7.24351297466548,1398,1398,1,"Hungary","2003","individuals"
0,50.632824992957,49.367175007043,0,0,0,6.31225442886353,0.111457906663418,1.96083368421259,0,0,7.08166910807296,1575.30505210161,"Pasture_Light use","Pasture","Light use","LH1_2008__Littlewood 1","LH1_2008__Littlewood 1 AB","56.2636008085,-4.3796115892","light trap","LH1_2008__Littlewood 1 AB 1",3.2188758248682,24,24,1,"United Kingdom","2007","individuals"
0,50.4240209286059,49.5759790713941,0,0,0,6.31225442886353,0.111457906663418,1.92717877781343,0,0,7.08166910807296,1575.30505210161,"Pasture_Light use","Pasture","Light use","LH1_2008__Littlewood 1","LH1_2008__Littlewood 1 AB","56.2686766396,-4.378311767","light trap","LH1_2008__Littlewood 1 AB 2",2.70805020110221,14,14,1,"United Kingdom","2007","individuals"
0,50.1365407877677,49.8634592122323,0,0,0,6.31225442886353,0.111457906663418,1.94823123642264,0,0,7.08166910807296,1575.30505210161,"Pasture_Light use","Pasture","Light use","LH1_2008__Littlewood 1","LH1_2008__Littlewood 1 AB","56.2668534718,-4.3782470408","light trap","LH1_2008__Littlewood 1 AB 3",2.39789527279837,10,10,1,"United Kingdom","2007","individuals"
0,50.4524897774468,49.5475102225532,0,0,0,6.31225442886353,0.111457906663418,1.96303536995569,0,0,7.08166910807296,1575.30505210161,"Natural vegetation","Natural vegetation","Minimal use","LH1_2008__Littlewood 1","LH1_2008__Littlewood 1 AB","56.2652224587,-4.3798737982","light trap","LH1_2008__Littlewood 1 AB 4",2.94443897916644,18,18,1,"United Kingdom","2007","individuals"
0,50.4807352047901,49.5192647952099,0,0,0,6.31225442886352,0.111457906663418,1.93199539589074,0,0,7.08166910807296,1575.30505210161,"Pasture_Light use","Pasture","Light use","LH1_2008__Littlewood 1","LH1_2008__Littlewood 1 AB","56.2636931221,-4.377614864","light trap","LH1_2008__Littlewood 1 AB 5",3.09104245335832,21,21,1,"United Kingdom","2007","individuals"
0,51.0658907617764,48.9341092382236,0,0,0,6.31225442886353,0.111457906663418,1.93951754011283,0,0,7.08166910807296,1575.30505210161,"Pasture_Light use","Pasture","Light use","LH1_2008__Littlewood 1","LH1_2008__Littlewood 1 AB","56.2691623727,-4.3750147846","light trap","LH1_2008__Littlewood 1 AB 6",3.71357206670431,40,40,1,"United Kingdom","2007","individuals"
0,49.6804715064385,50.3195284935615,0,0,0,6.31225442886353,0.111457906663418,1.93927249792815,0,0,7.08166910807296,1575.30505210161,"Pasture_Light use","Pasture","Light use","LH1_2008__Littlewood 1","LH1_2008__Littlewood 1 AB","56.2663672455,-4.3759558623","light trap","LH1_2008__Littlewood 1 AB 7",2.83321334405622,16,16,1,"United Kingdom","2007","individuals"
0,49.6648157188109,50.3351842811891,0,0,0,6.31225442886353,0.111457906663418,1.93393466398309,0,0,7.08166910807296,1575.30505210161,"Natural vegetation","Natural vegetation","Minimal use","LH1_2008__Littlewood 1","LH1_2008__Littlewood 1 AB","56.2670052149,-4.374089698","light trap","LH1_2008__Littlewood 1 AB 8",2.70805020110221,14,14,1,"United Kingdom","2007","individuals"
0,57.0668598023276,42.9331401976724,0,0,0,3.12935409931403,0.156558967853761,1.08062377267695,0,0,7.08166910807296,1575.30505210161,"Pasture_Light use","Pasture","Light use","LH1_2008__Littlewood 1","LH1_2008__Littlewood 1 EF","56.2985879641,-4.402880378","light trap","LH1_2008__Littlewood 1 EF 9",2.484906649788,11,11,1,"United Kingdom","2007","individuals"
0,58.1517335076983,41.8482664923017,0,0,0,3.00397849037614,0.147772098502992,0.934929933822084,0,0,7.08166910807296,1575.30505210161,"Pasture_Light use","Pasture","Light use","LH1_2008__Littlewood 1","LH1_2008__Littlewood 1 EF","56.2971285542,-4.4039848083","light trap","LH1_2008__Littlewood 1 EF 10",2.89037175789616,17,17,1,"United Kingdom","2007","individuals"
0,55.4290110229483,44.5709889770518,0,0,0,3.62002646216586,0.173030282055611,1.20330582098631,0,0,7.08166910807296,1575.30505210161,"Pasture_Light use","Pasture","Light use","LH1_2008__Littlewood 1","LH1_2008__Littlewood 1 EF","56.3004116324,-4.3992124169","light trap","LH1_2008__Littlewood 1 EF 11",0,0,0,1,"United Kingdom","2007","individuals"
0,55.7563546880033,44.2436453119967,0,0,0,3.33850116264331,0.165857600458807,1.17127020731373,0,0,7.08166910807296,1575.30505210161,"Natural vegetation","Natural vegetation","Minimal use","LH1_2008__Littlewood 1","LH1_2008__Littlewood 1 EF","56.2997973872,-4.4012267557","light trap","LH1_2008__Littlewood 1 EF 12",2.77258872223978,15,15,1,"United Kingdom","2007","individuals"
0,52.2499119531706,47.7500880468294,0,0,0,4.1047782927636,0.142293712709746,0.8738758650645,0,0,7.08166910807296,1575.30505210161,"Pasture_Light use","Pasture","Light use","LH1_2008__Littlewood 1","LH1_2008__Littlewood 1 EF","56.2955754415,-4.3978748307","light trap","LH1_2008__Littlewood 1 EF 13",3.25809653802148,25,25,1,"United Kingdom","2007","individuals"
0,53.9492153436444,46.0507846563556,0,0,0,3.69621081457846,0.152852373873515,0.980123514303713,0,0,7.08166910807296,1575.30505210161,"Pasture_Light use","Pasture","Light use","LH1_2008__Littlewood 1","LH1_2008__Littlewood 1 EF","56.2974270014,-4.3997203091","light trap","LH1_2008__Littlewood 1 EF 14",3.17805383034795,23,23,1,"United Kingdom","2007","individuals"
0,54.362805645157,45.637194354843,0,0,0,3.76537248796767,0.162397423119229,1.08671175384045,0,0,7.08166910807296,1575.30505210161,"Pasture_Light use","Pasture","Light use","LH1_2008__Littlewood 1","LH1_2008__Littlewood 1 EF","56.2987556999,-4.3988661357","light trap","LH1_2008__Littlewood 1 EF 15",3.25809653802148,25,25,1,"United Kingdom","2007","individuals"
0,53.8271552799055,46.1728447200946,0,0,0,3.68286719753745,0.146073716686224,0.883216416133277,0,0,7.08166910807296,1575.30505210161,"Natural vegetation","Natural vegetation","Minimal use","LH1_2008__Littlewood 1","LH1_2008__Littlewood 1 EF","56.2963590272,-4.4001058971","light trap","LH1_2008__Littlewood 1 EF 16",3.55534806148941,34,34,1,"United Kingdom","2007","individuals"
0,54.1659475942631,45.8340524057369,0,0,0,1.8035929209328,0.0843514546702732,1.83135800326761,0,0,7.0067220571077,1627.92148418347,"Pasture_Light use","Pasture","Light use","LH1_2008__Littlewood 1","LH1_2008__Littlewood 1 CD","56.2766084642,-4.4508209196","light trap","LH1_2008__Littlewood 1 CD 17",2.07944154167984,7,7,1,"United Kingdom","2007","individuals"
0,54.5149473058252,45.4850526941748,0,0,0,1.81145476154902,0.0832208225854446,1.89979982709606,0,0,7.00506543868269,1629.08450994261,"Pasture_Light use","Pasture","Light use","LH1_2008__Littlewood 1","LH1_2008__Littlewood 1 CD","56.2797661141,-4.4511199484","light trap","LH1_2008__Littlewood 1 CD 18",2.70805020110221,14,14,1,"United Kingdom","2007","individuals"
0,53.7491206705677,46.2508793294323,0,0,0,1.76810570554844,0.0894549649388957,1.81227846350982,0,0,7.01418314354394,1622.68344289067,"Pasture_Light use","Pasture","Light use","LH1_2008__Littlewood 1","LH1_2008__Littlewood 1 CD","56.2757812978,-4.4494756444","light trap","LH1_2008__Littlewood 1 CD 19",2.94443897916644,18,18,1,"United Kingdom","2007","individuals"
0,54.4639093279521,45.5360906720479,0,0,0,1.83392175681268,0.0799897845963711,1.85637146272364,0,0,7.00033210154651,1632.40754011844,"Natural vegetation","Natural vegetation","Minimal use","LH1_2008__Littlewood 1","LH1_2008__Littlewood 1 CD","56.2777539333,-4.4519766191","light trap","LH1_2008__Littlewood 1 CD 20",2.56494935746154,12,12,1,"United Kingdom","2007","individuals"
0,53.0386711458684,46.9613288541316,0,0,0,1.71328214937388,0.0973392854995208,1.80994845026686,0,0,7.02572385235835,1614.58131060275,"Pasture_Light use","Pasture","Light use","LH1_2008__Littlewood 1","LH1_2008__Littlewood 1 CD","56.2769371103,-4.4473848321","light trap","LH1_2008__Littlewood 1 CD 21",1.38629436111989,3,3,1,"United Kingdom","2007","individuals"
0,53.8685024947359,46.1314975052641,0,0,0,1.7534724138371,0.091559417308677,1.83909584389166,0,0,7.01726552857092,1620.51946044795,"Pasture_Light use","Pasture","Light use","LH1_2008__Littlewood 1","LH1_2008__Littlewood 1 CD","56.2779492841,-4.4489196397","light trap","LH1_2008__Littlewood 1 CD 22",1.38629436111989,3,3,1,"United Kingdom","2007","individuals"
0,54.2792498466744,45.7207501533256,0,0,0,1.77477066049503,0.0884964601466487,1.87665696694686,0,0,7.01278154425966,1623.66743295562,"Pasture_Light use","Pasture","Light use","LH1_2008__Littlewood 1","LH1_2008__Littlewood 1 CD","56.2794791126,-4.449728331","light trap","LH1_2008__Littlewood 1 CD 23",2.07944154167984,7,7,1,"United Kingdom","2007","individuals"
0,52.8095642030323,47.1904357969677,0,0,0,1.70477893223023,0.0985621556386452,1.79464765175198,0,0,7.02751087572634,1613.32673430576,"Natural vegetation","Natural vegetation","Minimal use","LH1_2008__Littlewood 1","LH1_2008__Littlewood 1 CD","56.2758650873,-4.4470578573","light trap","LH1_2008__Littlewood 1 CD 24",2.56494935746154,12,12,1,"United Kingdom","2007","individuals"
0,50.1296671626506,49.8703328373494,0,0,0,6.31225442886353,0.111457906663418,1.9248225263174,0,0,7.08166910807296,1575.30505210161,"Pasture_Light use","Pasture","Light use","LH1_2008__Littlewood 1","LH1_2008__Littlewood 1 AB","56.2644149873,-4.3765292166","light trap","LH1_2008__Littlewood 1 AB 25",3.89182029811063,48,48,1,"United Kingdom","2007","individuals"
0,50.7382357095411,49.2617642904589,0,0,0,6.31225442886353,0.111457906663418,1.94023917228468,0,0,7.08166910807296,1575.30505210161,"Pasture_Light use","Pasture","Light use","LH1_2008__Littlewood 1","LH1_2008__Littlewood 1 AB","56.2688070224,-4.3752673216","light trap","LH1_2008__Littlewood 1 AB 26",3.68887945411394,39,39,1,"United Kingdom","2007","individuals"
0,49.4565590855932,50.5434409144068,0,0,0,6.31225442886353,0.111457906663418,1.92413174890659,0,0,7.08166910807296,1575.30505210161,"Pasture_Light use","Pasture","Light use","LH1_2008__Littlewood 1","LH1_2008__Littlewood 1 AB","56.2657859469,-4.3748700825","light trap","LH1_2008__Littlewood 1 AB 27",4.04305126783455,56,56,1,"United Kingdom","2007","individuals"
0,49.6194788151975,50.3805211848025,0,0,0,6.31225442886352,0.111457906663418,1.9335109847532,0,0,7.08166910807296,1575.30505210161,"Natural vegetation","Natural vegetation","Minimal use","LH1_2008__Littlewood 1","LH1_2008__Littlewood 1 AB","56.2668108254,-4.3743845054","light trap","LH1_2008__Littlewood 1 AB 28",4.02535169073515,55,55,1,"United Kingdom","2007","individuals"
0,50.5218687426181,49.4781312573819,0,0,0,6.31225442886352,0.111457906663418,1.9615732232412,0,0,7.08166910807296,1575.30505210161,"Pasture_Light use","Pasture","Light use","LH1_2008__Littlewood 1","LH1_2008__Littlewood 1 AB","56.2642400041,-4.3795543912","light trap","LH1_2008__Littlewood 1 AB 29",3.55534806148941,34,34,1,"United Kingdom","2007","individuals"
0,50.9630002711841,49.036999728816,0,0,0,6.31225442886352,0.111457906663418,1.92702483232701,0,0,7.08166910807296,1575.30505210161,"Pasture_Light use","Pasture","Light use","LH1_2008__Littlewood 1","LH1_2008__Littlewood 1 AB","56.2692388043,-4.3766507923","light trap","LH1_2008__Littlewood 1 AB 30",3.66356164612965,38,38,1,"United Kingdom","2007","individuals"
0,50.0738489645779,49.9261510354221,0,0,0,6.31225442886353,0.111457906663418,1.94578291836499,0,0,7.08166910807296,1575.30505210161,"Pasture_Light use","Pasture","Light use","LH1_2008__Littlewood 1","LH1_2008__Littlewood 1 AB","56.2672069677,-4.3780913305","light trap","LH1_2008__Littlewood 1 AB 31",3.3322045101752,27,27,1,"United Kingdom","2007","individuals"
0,50.4928332250556,49.5071667749444,0,0,0,6.31225442886353,0.111457906663418,1.95145737078305,0,0,7.08166910807296,1575.30505210161,"Natural vegetation","Natural vegetation","Minimal use","LH1_2008__Littlewood 1","LH1_2008__Littlewood 1 AB","56.2658196191,-4.3782636156","light trap","LH1_2008__Littlewood 1 AB 32",3.61091791264422,36,36,1,"United Kingdom","2007","individuals"
0,56.789810161016,43.210189838984,0,0,0,3.15533261160589,0.158868450514424,1.11184597271927,0,0,7.08166910807296,1575.30505210161,"Pasture_Light use","Pasture","Light use","LH1_2008__Littlewood 1","LH1_2008__Littlewood 1 EF","56.2989433687,-4.4026279101","light trap","LH1_2008__Littlewood 1 EF 33",3.17805383034795,23,23,1,"United Kingdom","2007","individuals"
0,60.1318997038908,39.8681002961092,0,0,0,2.66388625096068,0.15403564377139,1.13140109677839,0,0,7.08166910807296,1575.30505210161,"Pasture_Light use","Pasture","Light use","LH1_2008__Littlewood 1","LH1_2008__Littlewood 1 EF","56.298754984,-4.405848836","light trap","LH1_2008__Littlewood 1 EF 34",3.3322045101752,27,27,1,"United Kingdom","2007","individuals"
0,55.5694603307066,44.4305396692935,0,0,0,3.52610219540342,0.173646639824018,1.22225394627152,0,0,7.08166910807296,1575.30505210161,"Pasture_Light use","Pasture","Light use","LH1_2008__Littlewood 1","LH1_2008__Littlewood 1 EF","56.300643979,-4.3997442512","light trap","LH1_2008__Littlewood 1 EF 35",3.43398720448515,30,30,1,"United Kingdom","2007","individuals"
0,55.9271029421019,44.0728970578981,0,0,0,3.28960545252737,0.166105307541175,1.18260440104948,0,0,7.08166910807296,1575.30505210161,"Natural vegetation","Natural vegetation","Minimal use","LH1_2008__Littlewood 1","LH1_2008__Littlewood 1 EF","56.2999087551,-4.4015085366","light trap","LH1_2008__Littlewood 1 EF 36",3.73766961828337,41,41,1,"United Kingdom","2007","individuals"
0,51.7300542654163,48.2699457345837,0,0,0,4.24677891257063,0.140093718761705,0.876594335420981,0,0,7.08166910807296,1575.30505210161,"Pasture_Light use","Pasture","Light use","LH1_2008__Littlewood 1","LH1_2008__Littlewood 1 EF","56.2951936141,-4.3971720934","light trap","LH1_2008__Littlewood 1 EF 37",3.95124371858143,51,51,1,"United Kingdom","2007","individuals"
0,55.1782170381686,44.8217829618314,0,0,0,3.44502506079759,0.152044674126542,0.977486527493948,0,0,7.08166910807296,1575.30505210161,"Pasture_Light use","Pasture","Light use","LH1_2008__Littlewood 1","LH1_2008__Littlewood 1 EF","56.2975059139,-4.4012122743","light trap","LH1_2008__Littlewood 1 EF 38",4.02535169073515,55,55,1,"United Kingdom","2007","individuals"
0,53.3580615061438,46.6419384938562,0,0,0,3.97434295447499,0.156243198218688,1.01966251963201,0,0,7.08166910807296,1575.30505210161,"Pasture_Light use","Pasture","Light use","LH1_2008__Littlewood 1","LH1_2008__Littlewood 1 EF","56.297704092,-4.3979435586","light trap","LH1_2008__Littlewood 1 EF 39",3.55534806148941,34,34,1,"United Kingdom","2007","individuals"
0,55.6788810102814,44.3211189897185,0,0,0,3.35449637096702,0.149434673902051,0.940314751998907,0,0,7.08166910807296,1575.30505210161,"Natural vegetation","Natural vegetation","Minimal use","LH1_2008__Littlewood 1","LH1_2008__Littlewood 1 EF","56.2971429943,-4.4018521884","light trap","LH1_2008__Littlewood 1 EF 40",3.58351893845611,35,35,1,"United Kingdom","2007","individuals"
0,54.3045727024086,45.6954272975914,0,0,0,1.82268088864462,0.0816063635672581,1.8382264610947,0,0,7.00269991539714,1630.74522098714,"Pasture_Light use","Pasture","Light use","LH1_2008__Littlewood 1","LH1_2008__Littlewood 1 CD","56.2768547063,-4.4515474863","light trap","LH1_2008__Littlewood 1 CD 41",1.79175946922805,5,5,1,"United Kingdom","2007","individuals"
0,54.6085409515935,45.3914590484065,0,0,0,1.80358612765307,0.0843524316297962,1.91756770858798,0,0,7.00672348499615,1627.92048173714,"Pasture_Light use","Pasture","Light use","LH1_2008__Littlewood 1","LH1_2008__Littlewood 1 CD","56.2803921726,-4.4508207425","light trap","LH1_2008__Littlewood 1 CD 42",2.70805020110221,14,14,1,"United Kingdom","2007","individuals"
0,53.8718309969672,46.1281690030328,0,0,0,1.79031462235441,0.0862610418951156,1.80963584903943,0,0,7.00951673044182,1625.9594891779,"Pasture_Light use","Pasture","Light use","LH1_2008__Littlewood 1","LH1_2008__Littlewood 1 CD","56.2752972928,-4.4503170091","light trap","LH1_2008__Littlewood 1 CD 43",3.17805383034795,23,23,1,"United Kingdom","2007","individuals"
0,54.6245234997978,45.3754765002022,0,0,0,1.82843773981185,0.0807784555803347,1.8828311223513,0,0,7.00148686278852,1631.59684222335,"Natural vegetation","Natural vegetation","Minimal use","LH1_2008__Littlewood 1","LH1_2008__Littlewood 1 CD","56.2790253095,-4.4517672238","light trap","LH1_2008__Littlewood 1 CD 44",2.83321334405622,16,16,1,"United Kingdom","2007","individuals"
0,53.268871475311,46.731128524689,0,0,0,1.72277263736308,0.0959744333301331,1.81848636535048,0,0,7.02373079523673,1615.98053249773,"Pasture_Light use","Pasture","Light use","LH1_2008__Littlewood 1","LH1_2008__Littlewood 1 CD","56.2773163791,-4.447748323","light trap","LH1_2008__Littlewood 1 CD 45",2.30258509299405,9,9,1,"United Kingdom","2007","individuals"
0,53.9083989275456,46.0916010724544,0,0,0,1.75330492108523,0.0915835048841215,1.84138854646297,0,0,7.01730082235661,1620.49468251402,"Pasture_Light use","Pasture","Light use","LH1_2008__Littlewood 1","LH1_2008__Littlewood 1 CD","56.2781021964,-4.4489132629","light trap","LH1_2008__Littlewood 1 CD 46",2.89037175789616,17,17,1,"United Kingdom","2007","individuals"
0,53.885355656913,46.114644343087,0,0,0,1.74849765056028,0.0922748511681746,1.8669573312059,0,0,7.01831379876416,1619.78352438755,"Pasture_Light use","Pasture","Light use","LH1_2008__Littlewood 1","LH1_2008__Littlewood 1 CD","56.279534818,-4.4487302314","light trap","LH1_2008__Littlewood 1 CD 47",2.56494935746154,12,12,1,"United Kingdom","2007","individuals"
0,53.0516492880817,46.9483507119183,0,0,0,1.71494822188427,0.0970996832070234,1.78652038162394,0,0,7.0253740549027,1614.82688522951,"Natural vegetation","Natural vegetation","Minimal use","LH1_2008__Littlewood 1","LH1_2008__Littlewood 1 CD","56.2746530396,-4.4474488771","light trap","LH1_2008__Littlewood 1 CD 48",3.46573590279973,31,31,1,"United Kingdom","2007","individuals"
0,50.478146133151,49.521853866849,0,0,0,6.31225442886353,0.111457906663418,1.93513502858522,0,0,7.08166910807296,1575.30505210161,"Pasture_Light use","Pasture","Light use","LH1_2008__Littlewood 1","LH1_2008__Littlewood 1 AB","56.2639351789,-4.3776460329","light trap","LH1_2008__Littlewood 1 AB 49",2.77258872223978,15,15,1,"United Kingdom","2007","individuals"
0,51.4554425183455,48.5445574816545,0,0,0,6.31225442886353,0.111457906663418,1.94154019408445,0,0,7.08166910807296,1575.30505210161,"Pasture_Light use","Pasture","Light use","LH1_2008__Littlewood 1","LH1_2008__Littlewood 1 AB","56.2700646762,-4.3738916638","light trap","LH1_2008__Littlewood 1 AB 50",3.46573590279973,31,31,1,"United Kingdom","2007","individuals"
0,49.7636378999321,50.236362100068,0,0,0,6.31225442886352,0.111457906663418,1.92253406307319,0,0,7.08166910807296,1575.30505210161,"Pasture_Light use","Pasture","Light use","LH1_2008__Littlewood 1","LH1_2008__Littlewood 1 AB","56.2649226391,-4.3758339824","light trap","LH1_2008__Littlewood 1 AB 51",3.73766961828337,41,41,1,"United Kingdom","2007","individuals"
0,50.2323632963755,49.7676367036245,0,0,0,6.31225442886353,0.111457906663418,1.94145018747077,0,0,7.08166910807296,1575.30505210161,"Natural vegetation","Natural vegetation","Minimal use","LH1_2008__Littlewood 1","LH1_2008__Littlewood 1 AB","56.2681186097,-4.3755476541","light trap","LH1_2008__Littlewood 1 AB 52",4.04305126783455,56,56,1,"United Kingdom","2007","individuals"
0,50.9269479803931,49.0730520196069,0,0,0,6.31225442886353,0.111457906663418,1.9500107193845,0,0,7.08166910807296,1575.30505210161,"Pasture_Light use","Pasture","Light use","LH1_2008__Littlewood 1","LH1_2008__Littlewood 1 AB","56.2624097209,-4.3793922874","light trap","LH1_2008__Littlewood 1 AB 53",2.30258509299405,9,9,1,"United Kingdom","2007","individuals"
0,50.5791665549869,49.4208334450131,0,0,0,6.31225442886353,0.111457906663418,1.91687341648613,0,0,7.08166910807296,1575.30505210161,"Pasture_Light use","Pasture","Light use","LH1_2008__Littlewood 1","LH1_2008__Littlewood 1 AB","56.2690582892,-4.378561576","light trap","LH1_2008__Littlewood 1 AB 54",2.07944154167984,7,7,1,"United Kingdom","2007","individuals"
0,49.9792690268573,50.0207309731427,0,0,0,6.31225442886353,0.111457906663418,1.94271321791379,0,0,7.08166910807296,1575.30505210161,"Pasture_Light use","Pasture","Light use","LH1_2008__Littlewood 1","LH1_2008__Littlewood 1 AB","56.2676078512,-4.3768726256","light trap","LH1_2008__Littlewood 1 AB 55",2.56494935746154,12,12,1,"United Kingdom","2007","individuals"
0,50.381552915354,49.618447084646,0,0,0,6.31225442886353,0.111457906663418,1.96892708570871,0,0,7.08166910807296,1575.30505210161,"Natural vegetation","Natural vegetation","Minimal use","LH1_2008__Littlewood 1","LH1_2008__Littlewood 1 AB","56.2644863605,-4.3802964045","light trap","LH1_2008__Littlewood 1 AB 56",1.38629436111989,3,3,1,"United Kingdom","2007","individuals"
0,52.7479693141212,47.2520306858788,0,0,0,3.96281517856234,0.141712850701532,0.843774098737066,0,0,7.08166910807296,1575.30505210161,"Pasture_Light use","Pasture","Light use","LH1_2008__Littlewood 1","LH1_2008__Littlewood 1 EF","56.2955232707,-4.3987120055","light trap","LH1_2008__Littlewood 1 EF 57",3.97029191355212,52,52,1,"United Kingdom","2007","individuals"
0,53.2530793601085,46.7469206398915,0,0,0,3.84250867190871,0.148320059238879,0.921973446192085,0,0,7.08166910807296,1575.30505210161,"Pasture_Light use","Pasture","Light use","LH1_2008__Littlewood 1","LH1_2008__Littlewood 1 EF","56.2966303951,-4.3990884939","light trap","LH1_2008__Littlewood 1 EF 58",4.78749174278205,119,119,1,"United Kingdom","2007","individuals"
0,54.6318861085135,45.3681138914865,0,0,0,3.90498320301328,0.167325593480604,1.12630851890251,0,0,7.08166910807296,1575.30505210161,"Pasture_Light use","Pasture","Light use","LH1_2008__Littlewood 1","LH1_2008__Littlewood 1 EF","56.299270671,-4.39779927","light trap","LH1_2008__Littlewood 1 EF 59",3.93182563272433,50,50,1,"United Kingdom","2007","individuals"
0,56.3908964456114,43.6091035543886,0,0,0,3.23195916044937,0.145690687354642,0.876591741549471,0,0,7.08166910807296,1575.30505210161,"Natural vegetation","Natural vegetation","Minimal use","LH1_2008__Littlewood 1","LH1_2008__Littlewood 1 EF","56.296559939,-4.4027207132","light trap","LH1_2008__Littlewood 1 EF 60",4.20469261939097,66,66,1,"United Kingdom","2007","individuals"
0,58.1368949275424,41.8631050724576,0,0,0,2.97874765056925,0.155162843057734,1.08273026214119,0,0,7.08166910807296,1575.30505210161,"Pasture_Light use","Pasture","Light use","LH1_2008__Littlewood 1","LH1_2008__Littlewood 1 EF","56.2985332508,-4.4038467627","light trap","LH1_2008__Littlewood 1 EF 61",4.30406509320417,73,73,1,"United Kingdom","2007","individuals"
0,58.4819048924704,41.5180951075296,0,0,0,2.96272005048931,0.149751713821196,0.981321383915364,0,0,7.08166910807296,1575.30505210161,"Pasture_Light use","Pasture","Light use","LH1_2008__Littlewood 1","LH1_2008__Littlewood 1 EF","56.2975476196,-4.4041566033","light trap","LH1_2008__Littlewood 1 EF 62",4.0943445622221,59,59,1,"United Kingdom","2007","individuals"
0,55.3786063412201,44.6213936587799,0,0,0,3.59725364034449,0.171974847760106,1.19578579413804,0,0,7.08166910807296,1575.30505210161,"Pasture_Light use","Pasture","Light use","LH1_2008__Littlewood 1","LH1_2008__Littlewood 1 EF","56.3003001608,-4.3993994003","light trap","LH1_2008__Littlewood 1 EF 63",4.51085950651685,90,90,1,"United Kingdom","2007","individuals"
0,56.238178193336,43.761821806664,0,0,0,3.20606195063474,0.17016989094924,1.24515623919618,0,0,7.08166910807296,1575.30505210161,"Natural vegetation","Natural vegetation","Minimal use","LH1_2008__Littlewood 1","LH1_2008__Littlewood 1 EF","56.300675395,-4.4018314506","light trap","LH1_2008__Littlewood 1 EF 64",4.58496747867057,97,97,1,"United Kingdom","2007","individuals"
0,54.3981898324363,45.6018101675637,0,0,0,1.82640944176268,0.081070150485408,1.84695179274017,0,0,7.00191424574109,1631.29679884863,"Pasture_Light use","Pasture","Light use","LH1_2008__Littlewood 1","LH1_2008__Littlewood 1 CD","56.2773102467,-4.4516897324","light trap","LH1_2008__Littlewood 1 CD 65",2.56494935746154,12,12,1,"United Kingdom","2007","individuals"
0,54.7984296290961,45.2015703709039,0,0,0,1.83862626354126,0.0793132170455847,1.92116581326521,0,0,6.99934242733451,1633.10233898361,"Pasture_Light use","Pasture","Light use","LH1_2008__Littlewood 1","LH1_2008__Littlewood 1 CD","56.280060135,-4.4521566028","light trap","LH1_2008__Littlewood 1 CD 66",0.693147180559945,1,1,1,"United Kingdom","2007","individuals"
0,54.1225009583976,45.8774990416024,0,0,0,1.82388214819134,0.0814336072558118,1.81614443229829,0,0,7.00244679330547,1630.92292486171,"Pasture_Light use","Pasture","Light use","LH1_2008__Littlewood 1","LH1_2008__Littlewood 1 CD","56.2755506228,-4.4515932434","light trap","LH1_2008__Littlewood 1 CD 67",1.38629436111989,3,3,1,"United Kingdom","2007","individuals"
0,54.5255518048521,45.4744481951479,0,0,0,1.80750432107887,0.0837889458739386,1.88095702447634,0,0,7.00589786077128,1628.50010962635,"Natural vegetation","Natural vegetation","Minimal use","LH1_2008__Littlewood 1","LH1_2008__Littlewood 1 CD","56.2791849087,-4.4509696561","light trap","LH1_2008__Littlewood 1 CD 68",2.39789527279837,10,10,1,"United Kingdom","2007","individuals"
0,53.5600654536601,46.4399345463399,0,0,0,1.74453455851353,0.0928447939134084,1.82114221157159,0,0,7.01914888515265,1619.19725360469,"Pasture_Light use","Pasture","Light use","LH1_2008__Littlewood 1","LH1_2008__Littlewood 1 CD","56.2769224654,-4.4485793478","light trap","LH1_2008__Littlewood 1 CD 69",4.38202663467388,79,79,1,"United Kingdom","2007","individuals"
0,54.0251360239885,45.9748639760115,0,0,0,1.76092861983498,0.0904871206107304,1.84389842742099,0,0,7.0156943832359,1621.6224799897,"Pasture_Light use","Pasture","Light use","LH1_2008__Littlewood 1","LH1_2008__Littlewood 1 CD","56.2780874721,-4.4492031158","light trap","LH1_2008__Littlewood 1 CD 70",4.94875989037817,140,140,1,"United Kingdom","2007","individuals"
0,54.0211598760787,45.9788401239213,0,0,0,1.75671716171366,0.0910927815378065,1.88594562642377,0,0,7.01658180839917,1620.9994648713,"Pasture_Light use","Pasture","Light use","LH1_2008__Littlewood 1","LH1_2008__Littlewood 1 CD","56.280130785,-4.4490429963","light trap","LH1_2008__Littlewood 1 CD 71",4.65396035015752,104,104,1,"United Kingdom","2007","individuals"
0,52.5025942450303,47.4974057549697,0,0,0,1.68538992421443,0.101350540143667,1.78358642900907,0,0,7.03159515090336,1610.45937682221,"Natural vegetation","Natural vegetation","Minimal use","LH1_2008__Littlewood 1","LH1_2008__Littlewood 1 CD","56.2754755201,-4.4463060304","light trap","LH1_2008__Littlewood 1 CD 72",5.44241771052179,230,230,1,"United Kingdom","2007","individuals"
0,50.4467591059573,49.5532408940427,0,0,0,6.31225442886352,0.111457906663418,1.93380874068012,0,0,7.08166910807296,1575.30505210161,"Pasture_Light use","Pasture","Light use","LH1_2008__Littlewood 1","LH1_2008__Littlewood 1 AB","56.2640645704,-4.3774602738","light trap","LH1_2008__Littlewood 1 AB 73",3.58351893845611,35,35,1,"United Kingdom","2007","individuals"
0,51.6975821957961,48.3024178042039,0,0,0,6.31225442886353,0.111457906663418,1.9327986915284,0,0,7.08166910807296,1575.30505210161,"Pasture_Light use","Pasture","Light use","LH1_2008__Littlewood 1","LH1_2008__Littlewood 1 AB","56.2700485782,-4.3747305451","light trap","LH1_2008__Littlewood 1 AB 74",4.11087386417331,60,60,1,"United Kingdom","2007","individuals"
0,49.5731386811713,50.4268613188287,0,0,0,6.31225442886353,0.111457906663418,1.93453495876684,0,0,7.08166910807296,1575.30505210161,"Pasture_Light use","Pasture","Light use","LH1_2008__Littlewood 1","LH1_2008__Littlewood 1 AB","56.2661505753,-4.3755386789","light trap","LH1_2008__Littlewood 1 AB 75",3.8286413964891,45,45,1,"United Kingdom","2007","individuals"
0,49.7494680649866,50.2505319350134,0,0,0,6.31225442886353,0.111457906663418,1.94001791182944,0,0,7.08166910807296,1575.30505210161,"Natural vegetation","Natural vegetation","Minimal use","LH1_2008__Littlewood 1","LH1_2008__Littlewood 1 AB","56.2671562645,-4.3751165268","light trap","LH1_2008__Littlewood 1 AB 76",4.4188406077966,82,82,1,"United Kingdom","2007","individuals"
0,50.6195599817899,49.3804400182101,0,0,0,6.31225442886353,0.111457906663418,1.93442156240215,0,0,7.08166910807296,1575.30505210161,"Pasture_Light use","Pasture","Light use","LH1_2008__Littlewood 1","LH1_2008__Littlewood 1 AB","56.2629347374,-4.3782621938","light trap","LH1_2008__Littlewood 1 AB 77",2.83321334405622,16,16,1,"United Kingdom","2007","individuals"
0,50.8394276363567,49.1605723636433,0,0,0,6.31225442886353,0.111457906663418,1.92825839925036,0,0,7.08166910807296,1575.30505210161,"Pasture_Light use","Pasture","Light use","LH1_2008__Littlewood 1","LH1_2008__Littlewood 1 AB","56.269072578,-4.3768827467","light trap","LH1_2008__Littlewood 1 AB 78",3.68887945411394,39,39,1,"United Kingdom","2007","individuals"
0,50.0738489645779,49.9261510354221,0,0,0,6.31225442886353,0.111457906663418,1.94578291836499,0,0,7.08166910807296,1575.30505210161,"Pasture_Light use","Pasture","Light use","LH1_2008__Littlewood 1","LH1_2008__Littlewood 1 AB","56.2672069677,-4.3780913305","light trap","LH1_2008__Littlewood 1 AB 79",3.29583686600433,26,26,1,"United Kingdom","2007","individuals"
0,50.623692753589,49.376307246411,0,0,0,6.31225442886353,0.111457906663418,1.95380854413591,0,0,7.08166910807296,1575.30505210161,"Natural vegetation","Natural vegetation","Minimal use","LH1_2008__Littlewood 1","LH1_2008__Littlewood 1 AB","56.2654983078,-4.3786151123","light trap","LH1_2008__Littlewood 1 AB 80",3.85014760171006,46,46,1,"United Kingdom","2007","individuals"
0,56.8025541169354,43.1974458830646,0,0,0,3.17443705963521,0.156114577298544,1.06684418170896,0,0,7.08166910807296,1575.30505210161,"Pasture_Light use","Pasture","Light use","LH1_2008__Littlewood 1","LH1_2008__Littlewood 1 EF","56.2984580199,-4.4026297638","light trap","LH1_2008__Littlewood 1 EF 81",3.36729582998647,28,28,1,"United Kingdom","2007","individuals"
0,58.0970625520902,41.9029374479098,0,0,0,3.01141317373526,0.14912947183191,0.962443190851703,0,0,7.08166910807296,1575.30505210161,"Pasture_Light use","Pasture","Light use","LH1_2008__Littlewood 1","LH1_2008__Littlewood 1 EF","56.2973820861,-4.4038875928","light trap","LH1_2008__Littlewood 1 EF 82",3.09104245335832,21,21,1,"United Kingdom","2007","individuals"
0,55.2593853764889,44.7406146235111,0,0,0,3.6233386488815,0.17070507566607,1.18017340782545,0,0,7.08166910807296,1575.30505210161,"Pasture_Light use","Pasture","Light use","LH1_2008__Littlewood 1","LH1_2008__Littlewood 1 EF","56.3000862931,-4.3993051678","light trap","LH1_2008__Littlewood 1 EF 83",3.13549421592915,22,22,1,"United Kingdom","2007","individuals"
0,55.4390581068028,44.5609418931972,0,0,0,3.43522425304447,0.16523216854553,1.14937142894163,0,0,7.08166910807296,1575.30505210161,"Natural vegetation","Natural vegetation","Minimal use","LH1_2008__Littlewood 1","LH1_2008__Littlewood 1 EF","56.2995653601,-4.4006787801","light trap","LH1_2008__Littlewood 1 EF 84",3.85014760171006,46,46,1,"United Kingdom","2007","individuals"
0,52.6706997767459,47.3293002232541,0,0,0,4.01055845008274,0.147079719397379,0.919158101990408,0,0,7.08166910807296,1575.30505210161,"Pasture_Light use","Pasture","Light use","LH1_2008__Littlewood 1","LH1_2008__Littlewood 1 EF","56.2963513814,-4.3981820525","light trap","LH1_2008__Littlewood 1 EF 85",3.55534806148941,34,34,1,"United Kingdom","2007","individuals"
0,54.7049947052345,45.2950052947655,0,0,0,3.53958066194875,0.154792602794714,1.01168198072089,0,0,7.08166910807296,1575.30505210161,"Pasture_Light use","Pasture","Light use","LH1_2008__Littlewood 1","LH1_2008__Littlewood 1 EF","56.2978604801,-4.4005394975","light trap","LH1_2008__Littlewood 1 EF 86",4.23410650459726,68,68,1,"United Kingdom","2007","individuals"
0,54.2209607651113,45.7790392348887,0,0,0,3.79854312421286,0.16157190539476,1.07668846768719,0,0,7.08166910807296,1575.30505210161,"Pasture_Light use","Pasture","Light use","LH1_2008__Littlewood 1","LH1_2008__Littlewood 1 EF","56.2986059176,-4.3987112729","light trap","LH1_2008__Littlewood 1 EF 87",3.85014760171006,46,46,1,"United Kingdom","2007","individuals"
0,55.8032711535067,44.1967288464933,0,0,0,3.32003831130881,0.145563223706263,0.871750289388775,0,0,7.08166910807296,1575.30505210161,"Natural vegetation","Natural vegetation","Minimal use","LH1_2008__Littlewood 1","LH1_2008__Littlewood 1 EF","56.2964798892,-4.4022146405","light trap","LH1_2008__Littlewood 1 EF 88",3.29583686600433,26,26,1,"United Kingdom","2007","individuals"
0,54.2023903156034,45.7976096843965,0,0,0,1.81076149970256,0.0833205224044741,1.83190946181323,0,0,7.00521152494827,1628.98195036259,"Pasture_Light use","Pasture","Light use","LH1_2008__Littlewood 1","LH1_2008__Littlewood 1 CD","56.2765761031,-4.4510934772","light trap","LH1_2008__Littlewood 1 CD 89",1.94591014905531,6,6,1,"United Kingdom","2007","individuals"
0,54.8158559227363,45.1841440772637,0,0,0,1.80855558247243,0.083637761193571,1.93562010546837,0,0,7.00567634104556,1628.65562712107,"Pasture_Light use","Pasture","Light use","LH1_2008__Littlewood 1","LH1_2008__Littlewood 1 CD","56.2808198266,-4.4510096785","light trap","LH1_2008__Littlewood 1 CD 90",3.98898404656427,53,53,1,"United Kingdom","2007","individuals"
0,53.4637042105516,46.5362957894485,0,0,0,1.74852251907797,0.0922712747609398,1.80137868205871,0,0,7.01830855042607,1619.78720897315,"Pasture_Light use","Pasture","Light use","LH1_2008__Littlewood 1","LH1_2008__Littlewood 1 CD","56.2752567852,-4.4487313201","light trap","LH1_2008__Littlewood 1 CD 91",3.76120011569356,42,42,1,"United Kingdom","2007","individuals"
0,54.4074465280928,45.5925534719072,0,0,0,1.80831488809208,0.083672376088735,1.85446936893487,0,0,7.0057270630497,1628.62001783623,"Natural vegetation","Natural vegetation","Minimal use","LH1_2008__Littlewood 1","LH1_2008__Littlewood 1 CD","56.2778990973,-4.4510004476","light trap","LH1_2008__Littlewood 1 CD 92",3.04452243772342,20,20,1,"United Kingdom","2007","individuals"
0,53.4227411907436,46.5772588092564,0,0,0,1.73770599424532,0.093826827794774,1.81514457860919,0,0,7.02058778146988,1618.18707922994,"Pasture_Light use","Pasture","Light use","LH1_2008__Littlewood 1","LH1_2008__Littlewood 1 CD","56.2766400203,-4.4483189698","light trap","LH1_2008__Littlewood 1 CD 93",3.43398720448515,30,30,1,"United Kingdom","2007","individuals"
0,53.6632964289114,46.3367035710886,0,0,0,1.73805989004656,0.0937759331039631,1.83570027644294,0,0,7.02051321342116,1618.23942958423,"Pasture_Light use","Pasture","Light use","LH1_2008__Littlewood 1","LH1_2008__Littlewood 1 CD","56.2781136908,-4.4483324087","light trap","LH1_2008__Littlewood 1 CD 94",3.76120011569356,42,42,1,"United Kingdom","2007","individuals"
0,54.3425079093465,45.6574920906535,0,0,0,1.78306342736088,0.0873038554185251,1.88293337182841,0,0,7.01103998599814,1624.89009056261,"Pasture_Light use","Pasture","Light use","LH1_2008__Littlewood 1","LH1_2008__Littlewood 1 CD","56.2795897315,-4.4500423695","light trap","LH1_2008__Littlewood 1 CD 95",3.95124371858143,51,51,1,"United Kingdom","2007","individuals"
0,53.313056927387,46.686943072613,0,0,0,1.73584023201492,0.0940951479940186,1.80110580167835,0,0,7.02098092068407,1617.91107660548,"Natural vegetation","Natural vegetation","Minimal use","LH1_2008__Littlewood 1","LH1_2008__Littlewood 1 CD","56.2755269882,-4.448247817","light trap","LH1_2008__Littlewood 1 CD 96",4.34380542185368,76,76,1,"United Kingdom","2007","individuals"
0,50.1792105383434,49.8207894616566,0,0,0,6.31225442886353,0.111457906663418,1.92939900430796,0,0,7.08166910807296,1575.30505210161,"Pasture_Light use","Pasture","Light use","LH1_2008__Littlewood 1","LH1_2008__Littlewood 1 AB","56.2645273445,-4.3767622742","light trap","LH1_2008__Littlewood 1 AB 97",2.30258509299405,9,9,1,"United Kingdom","2007","individuals"
0,51.4092891687831,48.5907108312169,0,0,0,6.31225442886353,0.111457906663418,1.9393721451966,0,0,7.08166910807296,1575.30505210161,"Pasture_Light use","Pasture","Light use","LH1_2008__Littlewood 1","LH1_2008__Littlewood 1 AB","56.2698696679,-4.3742187598","light trap","LH1_2008__Littlewood 1 AB 98",1.38629436111989,3,3,1,"United Kingdom","2007","individuals"
0,49.4565590855932,50.5434409144068,0,0,0,6.31225442886353,0.111457906663418,1.92413174890659,0,0,7.08166910807296,1575.30505210161,"Pasture_Light use","Pasture","Light use","LH1_2008__Littlewood 1","LH1_2008__Littlewood 1 AB","56.2657859469,-4.3748700825","light trap","LH1_2008__Littlewood 1 AB 99",1.38629436111989,3,3,1,"United Kingdom","2007","individuals"
0,49.7515582695632,50.2484417304368,0,0,0,6.31225442886353,0.111457906663418,1.94204456398268,0,0,7.08166910807296,1575.30505210161,"Natural vegetation","Natural vegetation","Minimal use","LH1_2008__Littlewood 1","LH1_2008__Littlewood 1 AB","56.2669522706,-4.3759113914","light trap","LH1_2008__Littlewood 1 AB 100",1.79175946922805,5,5,1,"United Kingdom","2007","individuals"
0,50.5356649609447,49.4643350390553,0,0,0,6.31225442886353,0.111457906663418,1.96644955319718,0,0,7.08166910807296,1575.30505210161,"Pasture_Light use","Pasture","Light use","LH1_2008__Littlewood 1","LH1_2008__Littlewood 1 AB","56.2640517858,-4.3799948747","light trap","LH1_2008__Littlewood 1 AB 101",3.04452243772342,20,20,1,"United Kingdom","2007","individuals"
0,50.1553490774919,49.8446509225081,0,0,0,6.31225442886353,0.111457906663418,1.93742966206907,0,0,7.08166910807296,1575.30505210161,"Pasture_Light use","Pasture","Light use","LH1_2008__Littlewood 1","LH1_2008__Littlewood 1 AB","56.2680102051,-4.3783834499","light trap","LH1_2008__Littlewood 1 AB 102",3.46573590279973,31,31,1,"United Kingdom","2007","individuals"
0,50.1932928072659,49.8067071927341,0,0,0,6.31225442886353,0.111457906663418,1.94913284400092,0,0,7.08166910807296,1575.30505210161,"Pasture_Light use","Pasture","Light use","LH1_2008__Littlewood 1","LH1_2008__Littlewood 1 AB","56.266516394,-4.3780161664","light trap","LH1_2008__Littlewood 1 AB 103",2.56494935746154,12,12,1,"United Kingdom","2007","individuals"
0,50.3436296891489,49.656370310851,0,0,0,6.31225442886353,0.111457906663418,1.95544607222602,0,0,7.08166910807296,1575.30505210161,"Natural vegetation","Natural vegetation","Minimal use","LH1_2008__Littlewood 1","LH1_2008__Littlewood 1 AB","56.26608857,-4.3792331523","light trap","LH1_2008__Littlewood 1 AB 104",3.43398720448515,30,30,1,"United Kingdom","2007","individuals"
0,57.9341917233626,42.0658082766374,0,0,0,3.00366805673923,0.155712866204788,1.08782929485041,0,0,7.08166910807296,1575.30505210161,"Pasture_Light use","Pasture","Light use","LH1_2008__Littlewood 1","LH1_2008__Littlewood 1 EF","56.2985995338,-4.4036731258","light trap","LH1_2008__Littlewood 1 EF 105",2.89037175789616,17,17,1,"United Kingdom","2007","individuals"
0,59.1406862893984,40.8593137106016,0,0,0,2.88082640375081,0.148594824905817,0.967709534684204,0,0,7.08166910807296,1575.30505210161,"Pasture_Light use","Pasture","Light use","LH1_2008__Littlewood 1","LH1_2008__Littlewood 1 EF","56.2974023123,-4.4046970233","light trap","LH1_2008__Littlewood 1 EF 106",5.2257466737132,185,185,1,"United Kingdom","2007","individuals"
0,55.7522864658536,44.2477135341464,0,0,0,3.4914062862579,0.177255700823467,1.26431757956711,0,0,7.08166910807296,1575.30505210161,"Pasture_Light use","Pasture","Light use","LH1_2008__Littlewood 1","LH1_2008__Littlewood 1 EF","56.3012094891,-4.3997797187","light trap","LH1_2008__Littlewood 1 EF 107",3.61091791264422,36,36,1,"United Kingdom","2007","individuals"
0,56.3250488219394,43.6749511780606,0,0,0,3.19244218459366,0.164777786664371,1.18528682558693,0,0,7.08166910807296,1575.30505210161,"Natural vegetation","Natural vegetation","Minimal use","LH1_2008__Littlewood 1","LH1_2008__Littlewood 1 EF","56.2998513426,-4.4021515022","light trap","LH1_2008__Littlewood 1 EF 108",4.24849524204936,69,69,1,"United Kingdom","2007","individuals"
0,52.5407152971397,47.4592847028603,0,0,0,4.01836548106448,0.141572930478169,0.850351029364586,0,0,7.08166910807296,1575.30505210161,"Pasture_Light use","Pasture","Light use","LH1_2008__Littlewood 1","LH1_2008__Littlewood 1 EF","56.2954843326,-4.3984024801","light trap","LH1_2008__Littlewood 1 EF 109",3.76120011569356,42,42,1,"United Kingdom","2007","individuals"
0,54.9478685329008,45.0521314670992,0,0,0,3.48792366562461,0.15314391044181,0.991455852909091,0,0,7.08166910807296,1575.30505210161,"Pasture_Light use","Pasture","Light use","LH1_2008__Littlewood 1","LH1_2008__Littlewood 1 EF","56.2976465092,-4.4009139939","light trap","LH1_2008__Littlewood 1 EF 110",3.61091791264422,36,36,1,"United Kingdom","2007","individuals"
0,53.6861648378848,46.3138351621152,0,0,0,3.95531237001952,0.159250239192763,1.04952019806,0,0,7.08166910807296,1575.30505210161,"Pasture_Light use","Pasture","Light use","LH1_2008__Littlewood 1","LH1_2008__Littlewood 1 EF","56.2981362086,-4.3979059826","light trap","LH1_2008__Littlewood 1 EF 111",4.18965474202643,65,65,1,"United Kingdom","2007","individuals"
0,54.6983915746353,45.3016084253647,0,0,0,3.50765070305584,0.14570324852425,0.873451119542682,0,0,7.08166910807296,1575.30505210161,"Natural vegetation","Natural vegetation","Minimal use","LH1_2008__Littlewood 1","LH1_2008__Littlewood 1 EF","56.29639316,-4.4011262914","light trap","LH1_2008__Littlewood 1 EF 112",3.85014760171006,46,46,1,"United Kingdom","2007","individuals"
0,54.3045710563562,45.6954289436438,0,0,0,1.80154054210107,0.0846466126963421,1.8443516481039,0,0,7.00715446715909,1627.61791154375,"Pasture_Light use","Pasture","Light use","LH1_2008__Littlewood 1","LH1_2008__Littlewood 1 CD","56.2774098889,-4.450742968","light trap","LH1_2008__Littlewood 1 CD 113",1.09861228866811,2,2,1,"United Kingdom","2007","individuals"
0,54.6745712235294,45.3254287764706,0,0,0,1.83445257484312,0.079913446251979,1.91133117705912,0,0,7.00022038492093,1632.48597055922,"Pasture_Light use","Pasture","Light use","LH1_2008__Littlewood 1","LH1_2008__Littlewood 1 CD","56.2798386118,-4.451997013","light trap","LH1_2008__Littlewood 1 CD 114",2.19722457733622,8,8,1,"United Kingdom","2007","individuals"
0,53.7745844376393,46.2254155623607,0,0,0,1.77669755320022,0.088219348612192,1.80464096991161,0,0,7.01237665088809,1623.95168756352,"Pasture_Light use","Pasture","Light use","LH1_2008__Littlewood 1","LH1_2008__Littlewood 1 CD","56.2750648428,-4.4498013642","light trap","LH1_2008__Littlewood 1 CD 115",1.09861228866811,2,2,1,"United Kingdom","2007","individuals"
0,54.5414367469146,45.4585632530854,0,0,0,1.83165549783412,0.080315701291827,1.86926481083725,0,0,7.00080915835377,1632.07262331017,"Natural vegetation","Natural vegetation","Minimal use","LH1_2008__Littlewood 1","LH1_2008__Littlewood 1 CD","56.2784207179,-4.4518900694","light trap","LH1_2008__Littlewood 1 CD 116",2.19722457733622,8,8,1,"United Kingdom","2007","individuals"
0,52.8351017676602,47.1648982323398,0,0,0,1.70426541249818,0.0986360062688645,1.80486958222807,0,0,7.02761889710028,1613.25089810925,"Pasture_Light use","Pasture","Light use","LH1_2008__Littlewood 1","LH1_2008__Littlewood 1 CD","56.2768181464,-4.4470379809","light trap","LH1_2008__Littlewood 1 CD 117",1.6094379124341,4,4,1,"United Kingdom","2007","individuals"
0,54.2693777200916,45.7306222799084,0,0,0,1.78575186861174,0.086917223574283,1.84869394461341,0,0,7.01047546398832,1625.28641214706,"Pasture_Light use","Pasture","Light use","LH1_2008__Littlewood 1","LH1_2008__Littlewood 1 CD","56.277898081,-4.4501441583","light trap","LH1_2008__Littlewood 1 CD 118",2.07944154167984,7,7,1,"United Kingdom","2007","individuals"
0,54.3039849827333,45.6960150172667,0,0,0,1.77383760243012,0.0886306456938488,1.90401880899729,0,0,7.01297765722393,1623.52975222861,"Pasture_Light use","Pasture","Light use","LH1_2008__Littlewood 1","LH1_2008__Littlewood 1 CD","56.2804414665,-4.4496929602","light trap","LH1_2008__Littlewood 1 CD 119",1.79175946922805,5,5,1,"United Kingdom","2007","individuals"
0,52.1271272078832,47.8728727921168,0,0,0,1.66757707706746,0.103912252787047,1.77989591196947,0,0,7.03534898759318,1607.82400303908,"Natural vegetation","Natural vegetation","Minimal use","LH1_2008__Littlewood 1","LH1_2008__Littlewood 1 CD","56.275920724,-4.4456075233","light trap","LH1_2008__Littlewood 1 CD 120",3.71357206670431,40,40,1,"United Kingdom","2007","individuals"
0,50.8255267548721,49.1744732451279,0,0,0,6.31225442886353,0.111457906663418,1.95520427216038,0,0,7.08166910807296,1575.30505210161,"Pasture_Light use","Pasture","Light use","LH1_2008__Littlewood 1","LH1_2008__Littlewood 1 AB","56.2628935234,-4.3794707748","light trap","LH1_2008__Littlewood 1 AB 121",4.39444915467244,80,80,1,"United Kingdom","2007","individuals"
0,50.1238686692713,49.8761313307287,0,0,0,6.31225442886353,0.111457906663418,1.94038104662012,0,0,7.08166910807296,1575.30505210161,"Pasture_Light use","Pasture","Light use","LH1_2008__Littlewood 1","LH1_2008__Littlewood 1 AB","56.2680186133,-4.3765427951","light trap","LH1_2008__Littlewood 1 AB 122",4.80402104473326,121,121,1,"United Kingdom","2007","individuals"
0,49.9311580639247,50.0688419360753,0,0,0,6.31225442886352,0.111457906663418,1.94510989476748,0,0,7.08166910807296,1575.30505210161,"Pasture_Light use","Pasture","Light use","LH1_2008__Littlewood 1","LH1_2008__Littlewood 1 AB","56.2667717924,-4.3768853581","light trap","LH1_2008__Littlewood 1 AB 123",4.23410650459726,68,68,1,"United Kingdom","2007","individuals"
0,50.2632301441903,49.7367698558097,0,0,0,6.31225442886353,0.111457906663418,1.96914759617842,0,0,7.08166910807296,1575.30505210161,"Natural vegetation","Natural vegetation","Minimal use","LH1_2008__Littlewood 1","LH1_2008__Littlewood 1 AB","56.2648160094,-4.380446078","light trap","LH1_2008__Littlewood 1 AB 124",4.70953020131233,110,110,1,"United Kingdom","2007","individuals"
0,50.4712074165058,49.5287925834942,0,0,0,6.31225442886353,0.111457906663418,1.94529548026835,0,0,7.08166910807296,1575.30505210161,"Pasture_Light use","Pasture","Light use","LH1_2008__Littlewood 1","LH1_2008__Littlewood 1 AB","56.2643935888,-4.3781105056","light trap","LH1_2008__Littlewood 1 AB 125",4.20469261939097,66,66,1,"United Kingdom","2007","individuals"
0,50.8848882973052,49.1151117026948,0,0,0,6.31225442886352,0.111457906663418,1.93944333239454,0,0,7.08166910807296,1575.30505210161,"Pasture_Light use","Pasture","Light use","LH1_2008__Littlewood 1","LH1_2008__Littlewood 1 AB","56.2689778867,-4.3752617644","light trap","LH1_2008__Littlewood 1 AB 126",4.12713438504509,61,61,1,"United Kingdom","2007","individuals"
0,49.6412622945239,50.3587377054761,0,0,0,6.31225442886353,0.111457906663418,1.93532846771579,0,0,7.08166910807296,1575.30505210161,"Pasture_Light use","Pasture","Light use","LH1_2008__Littlewood 1","LH1_2008__Littlewood 1 AB","56.2659369903,-4.3758968814","light trap","LH1_2008__Littlewood 1 AB 127",3.98898404656427,53,53,1,"United Kingdom","2007","individuals"
0,49.6390055831575,50.3609944168425,0,0,0,6.31225442886353,0.111457906663418,1.93645206081144,0,0,7.08166910807296,1575.30505210161,"Natural vegetation","Natural vegetation","Minimal use","LH1_2008__Littlewood 1","LH1_2008__Littlewood 1 AB","56.2668009179,-4.3749006961","light trap","LH1_2008__Littlewood 1 AB 128",4.12713438504509,61,61,1,"United Kingdom","2007","individuals"
0,57.5214233648099,42.4785766351901,0,0,0,3.05722506429176,0.156710906701391,1.09509070593239,0,0,7.08166910807296,1575.30505210161,"Pasture_Light use","Pasture","Light use","LH1_2008__Littlewood 1","LH1_2008__Littlewood 1 EF","56.2987054836,-4.4033080149","light trap","LH1_2008__Littlewood 1 EF 129",5.29330482472449,198,198,1,"United Kingdom","2007","individuals"
0,61.4062393560868,38.5937606439131,0,0,0,2.51189827835676,0.151731679433938,1.12087275507089,0,0,7.08166910807296,1575.30505210161,"Pasture_Light use","Pasture","Light use","LH1_2008__Littlewood 1","LH1_2008__Littlewood 1 EF","56.2985005714,-4.4069158068","light trap","LH1_2008__Littlewood 1 EF 130",6.0282785202307,414,414,1,"United Kingdom","2007","individuals"
0,55.8346607081914,44.1653392918086,0,0,0,3.35829976522434,0.171085672652628,1.22403784773096,0,0,7.08166910807296,1575.30505210161,"Pasture_Light use","Pasture","Light use","LH1_2008__Littlewood 1","LH1_2008__Littlewood 1 EF","56.300550253,-4.4008698888","light trap","LH1_2008__Littlewood 1 EF 131",5.4380793089232,229,229,1,"United Kingdom","2007","individuals"
0,55.2929712756854,44.7070287243146,0,0,0,3.43932104410559,0.158011510625685,1.06234444155034,0,0,7.08166910807296,1575.30505210161,"Natural vegetation","Natural vegetation","Minimal use","LH1_2008__Littlewood 1","LH1_2008__Littlewood 1 EF","56.2984630436,-4.4009813883","light trap","LH1_2008__Littlewood 1 EF 132",4.89034912822175,132,132,1,"United Kingdom","2007","individuals"
0,51.9679756225616,48.0320243774383,0,0,0,4.18280441285999,0.141335991099342,0.877017393173179,0,0,7.08166910807296,1575.30505210161,"Pasture_Light use","Pasture","Light use","LH1_2008__Littlewood 1","LH1_2008__Littlewood 1 EF","56.2954034191,-4.3974761568","light trap","LH1_2008__Littlewood 1 EF 133",4.44265125649032,84,84,1,"United Kingdom","2007","individuals"
0,54.6368539313136,45.3631460686864,0,0,0,3.55912294028138,0.155390483612863,1.01856296385319,0,0,7.08166910807296,1575.30505210161,"Pasture_Light use","Pasture","Light use","LH1_2008__Littlewood 1","LH1_2008__Littlewood 1 EF","56.2979351087,-4.4003987084","light trap","LH1_2008__Littlewood 1 EF 134",4.46590811865458,86,86,1,"United Kingdom","2007","individuals"
0,54.0393621655011,45.9606378344989,0,0,0,4.00382368014854,0.16381514263138,1.09211296255903,0,0,7.08166910807296,1575.30505210161,"Pasture_Light use","Pasture","Light use","LH1_2008__Littlewood 1","LH1_2008__Littlewood 1 EF","56.2987033759,-4.397391957","light trap","LH1_2008__Littlewood 1 EF 135",5.17048399503815,175,175,1,"United Kingdom","2007","individuals"
0,57.4638592423263,42.5361407576737,0,0,0,3.08998103729982,0.146689391420924,0.904571209197994,0,0,7.08166910807296,1575.30505210161,"Natural vegetation","Natural vegetation","Minimal use","LH1_2008__Littlewood 1","LH1_2008__Littlewood 1 EF","56.2968500899,-4.4035147526","light trap","LH1_2008__Littlewood 1 EF 136",4.66343909411207,105,105,1,"United Kingdom","2007","individuals"
0,54.2948619034059,45.7051380965941,0,0,0,1.84021365067604,0.0790849307048541,1.83245595973256,0,0,6.99900870734095,1633.33662645922,"Pasture_Light use","Pasture","Light use","LH1_2008__Littlewood 1","LH1_2008__Littlewood 1 CD","56.2764639651,-4.4522171204","light trap","LH1_2008__Littlewood 1 CD 137",1.38629436111989,3,3,1,"United Kingdom","2007","individuals"
0,54.5519911203376,45.4480088796624,0,0,0,1.81699418604994,0.0824241833023634,1.90247872892993,0,0,7.00389819133086,1629.90397368694,"Pasture_Light use","Pasture","Light use","LH1_2008__Littlewood 1","LH1_2008__Littlewood 1 CD","56.2797799109,-4.4513308592","light trap","LH1_2008__Littlewood 1 CD 138",1.09861228866811,2,2,1,"United Kingdom","2007","individuals"
0,53.8095797955644,46.1904202044356,0,0,0,1.77400182288051,0.0886070287166665,1.81296245668136,0,0,7.01294313673446,1623.55398727143,"Pasture_Light use","Pasture","Light use","LH1_2008__Littlewood 1","LH1_2008__Littlewood 1 CD","56.2757409218,-4.4496992217","light trap","LH1_2008__Littlewood 1 CD 139",3.2188758248682,24,24,1,"United Kingdom","2007","individuals"
0,54.509497078962,45.490502921038,0,0,0,1.81211237340451,0.0831262496858838,1.86939199739992,0,0,7.00492687100231,1629.18179111445,"Natural vegetation","Natural vegetation","Minimal use","LH1_2008__Littlewood 1","LH1_2008__Littlewood 1 CD","56.2786421912,-4.4511449416","light trap","LH1_2008__Littlewood 1 CD 140",1.09861228866811,2,2,1,"United Kingdom","2007","individuals"
0,53.1701449360178,46.8298550639821,0,0,0,1.72041122330036,0.0963140345298128,1.81244514353593,0,0,7.0242269871952,1615.6321818936,"Pasture_Light use","Pasture","Light use","LH1_2008__Littlewood 1","LH1_2008__Littlewood 1 CD","56.2769137327,-4.4476579688","light trap","LH1_2008__Littlewood 1 CD 141",0,0,0,1,"United Kingdom","2007","individuals"
0,54.3132680386855,45.6867319613145,0,0,0,1.78506507858153,0.0870159926643217,1.85449466543792,0,0,7.0106197035776,1625.18514902256,"Pasture_Light use","Pasture","Light use","LH1_2008__Littlewood 1","LH1_2008__Littlewood 1 CD","56.2782491054,-4.4501181511","light trap","LH1_2008__Littlewood 1 CD 142",0.693147180559945,1,1,1,"United Kingdom","2007","individuals"
0,53.6656204281727,46.3343795718273,0,0,0,1.7381235335311,0.0937667803661921,1.87763289807584,0,0,7.02049980817894,1618.24884070858,"Pasture_Light use","Pasture","Light use","LH1_2008__Littlewood 1","LH1_2008__Littlewood 1 CD","56.2801717627,-4.4483347476","light trap","LH1_2008__Littlewood 1 CD 143",0,0,0,1,"United Kingdom","2007","individuals"
0,52.3650763264309,47.6349236735691,0,0,0,1.68098822034088,0.101983560815265,1.78958717281756,0,0,7.03252285357248,1609.80808495878,"Natural vegetation","Natural vegetation","Minimal use","LH1_2008__Littlewood 1","LH1_2008__Littlewood 1 CD","56.2763237371,-4.4461340479","light trap","LH1_2008__Littlewood 1 CD 144",0,0,0,1,"United Kingdom","2007","individuals"
0,50.4901697862028,49.5098302137972,0,0,0,6.31225442886353,0.111457906663418,1.9468187985223,0,0,7.08166910807296,1575.30505210161,"Pasture_Light use","Pasture","Light use","LH1_2008__Littlewood 1","LH1_2008__Littlewood 1 AB","56.264273173,-4.3782968211","light trap","LH1_2008__Littlewood 1 AB 145",2.99573227355399,19,19,1,"United Kingdom","2007","individuals"
0,50.860394191276,49.139605808724,0,0,0,6.31225442886353,0.111457906663418,1.93805907565142,0,0,7.08166910807296,1575.30505210161,"Pasture_Light use","Pasture","Light use","LH1_2008__Littlewood 1","LH1_2008__Littlewood 1 AB","56.2689729312,-4.3755198742","light trap","LH1_2008__Littlewood 1 AB 146",2.94443897916644,18,18,1,"United Kingdom","2007","individuals"
0,49.65001771901,50.34998228099,0,0,0,6.31225442886353,0.111457906663418,1.93291981160512,0,0,7.08166910807296,1575.30505210161,"Pasture_Light use","Pasture","Light use","LH1_2008__Littlewood 1","LH1_2008__Littlewood 1 AB","56.2656943134,-4.3758979825","light trap","LH1_2008__Littlewood 1 AB 147",2.63905732961526,13,13,1,"United Kingdom","2007","individuals"
0,49.8031438242252,50.1968561757748,0,0,0,6.31225442886353,0.111457906663418,1.93828647630671,0,0,7.08166910807296,1575.30505210161,"Natural vegetation","Natural vegetation","Minimal use","LH1_2008__Littlewood 1","LH1_2008__Littlewood 1 AB","56.2673608725,-4.3742893913","light trap","LH1_2008__Littlewood 1 AB 148",1.94591014905531,6,6,1,"United Kingdom","2007","individuals"
0,57.1967013366427,42.8032986633574,0,0,0,3.08343284863094,0.158985761946199,1.12643068493607,0,0,7.08166910807296,1575.30505210161,"Pasture_Light use","Pasture","Light use","LH1_2008__Littlewood 1","LH1_2008__Littlewood 1 EF","56.299060889,-4.4030555503","light trap","LH1_2008__Littlewood 1 EF 149",1.94591014905531,6,6,1,"United Kingdom","2007","individuals"
0,61.845011362098,38.154988637902,0,0,0,2.46288071417735,0.150964449595805,1.11591975998191,0,0,7.08166910807296,1575.30505210161,"Pasture_Light use","Pasture","Light use","LH1_2008__Littlewood 1","LH1_2008__Littlewood 1 EF","56.2984039014,-4.4072653263","light trap","LH1_2008__Littlewood 1 EF 150",1.79175946922805,5,5,1,"United Kingdom","2007","individuals"
0,55.5626729919648,44.4373270080352,0,0,0,3.50317751849927,0.172596393304287,1.21516327357526,0,0,7.08166910807296,1575.30505210161,"Pasture_Light use","Pasture","Light use","LH1_2008__Littlewood 1","LH1_2008__Littlewood 1 EF","56.3005325066,-4.3999312341","light trap","LH1_2008__Littlewood 1 EF 151",1.94591014905531,6,6,1,"United Kingdom","2007","individuals"
0,55.5672589449805,44.4327410550195,0,0,0,3.37867161232817,0.161237914535587,1.11058461833451,0,0,7.08166910807296,1575.30505210161,"Natural vegetation","Natural vegetation","Minimal use","LH1_2008__Littlewood 1","LH1_2008__Littlewood 1 EF","56.2990340849,-4.4011950209","light trap","LH1_2008__Littlewood 1 EF 152",0,0,0,1,"United Kingdom","2007","individuals"
0,2.40513848726621,8.6171146420801,0,88.9777468706537,0.145717986878655,15.2167080327726,1.69929072283058,4.35119384107969,0,0,4.28409077523615,664.309999034019,"Natural vegetation","Natural vegetation","Minimal use","MG1_2004__Koivula 1","MG1_2004__Koivula 1 1","61.053161,25.037982","pit-fall traps","MG1_2004__Koivula 1 1 1",4.39444915467244,80,80,1,"Finland","2001","individuals"
0,2.40513848726621,8.6171146420801,0,88.9777468706537,0.145717986878655,15.2167080327726,1.69929072283058,4.35119384107969,0,0,4.28409077523615,664.309999034019,"Natural vegetation","Natural vegetation","Minimal use","MG1_2004__Koivula 1","MG1_2004__Koivula 1 1","61.053161,25.037982","pit-fall traps","MG1_2004__Koivula 1 1 2",4.48863636973214,88,88,1,"Finland","2001","individuals"
0,2.40513848726621,8.6171146420801,0,88.9777468706537,0.145717986878655,15.2167080327726,1.69929072283058,4.35119384107969,0,0,4.28409077523615,664.309999034019,"Natural vegetation","Natural vegetation","Minimal use","MG1_2004__Koivula 1","MG1_2004__Koivula 1 1","61.053161,25.037982","pit-fall traps","MG1_2004__Koivula 1 1 3",4.17438726989564,64,64,1,"Finland","2001","individuals"
0,2.40513848726621,8.6171146420801,0,88.9777468706537,0.145717986878655,15.2167080327726,1.69929072283058,4.35119384107969,0,0,4.28409077523615,664.309999034019,"Natural vegetation","Natural vegetation","Minimal use","MG1_2004__Koivula 1","MG1_2004__Koivula 1 1","61.053161,25.037982","pit-fall traps","MG1_2004__Koivula 1 1 4",3.63758615972639,37,37,1,"Finland","2001","individuals"
0,2.40513848726621,8.6171146420801,0,88.9777468706537,0.145717986878655,15.2167080327726,1.69929072283058,4.35119384107969,0,0,4.28409077523615,664.309999034019,"Cropland_Minimal use","Cropland","Minimal use","MG1_2004__Koivula 1","MG1_2004__Koivula 1 1","61.053161,25.037982","pit-fall traps","MG1_2004__Koivula 1 1 6",4.04305126783455,56,56,1,"Finland","2001","individuals"
0,2.40513848726621,8.6171146420801,0,88.9777468706537,0.145717986878655,15.2167080327726,1.69929072283058,4.35119384107969,0,0,4.28409077523615,664.309999034019,"Cropland_Minimal use","Cropland","Minimal use","MG1_2004__Koivula 1","MG1_2004__Koivula 1 1","61.053161,25.037982","pit-fall traps","MG1_2004__Koivula 1 1 7",4.35670882668959,77,77,1,"Finland","2001","individuals"
0,2.40513848726621,8.6171146420801,0,88.9777468706537,0.145717986878655,15.2167080327726,1.69929072283058,4.35119384107969,0,0,4.28409077523615,664.309999034019,"Cropland_Minimal use","Cropland","Minimal use","MG1_2004__Koivula 1","MG1_2004__Koivula 1 1","61.053161,25.037982","pit-fall traps","MG1_2004__Koivula 1 1 8",3.04452243772342,20,20,1,"Finland","2001","individuals"
0,2.40513848726621,8.6171146420801,0,88.9777468706537,0.145717986878655,15.2167080327726,1.69929072283058,4.35119384107969,0,0,4.28409077523615,664.309999034019,"Cropland_Minimal use","Cropland","Minimal use","MG1_2004__Koivula 1","MG1_2004__Koivula 1 1","61.053161,25.037982","pit-fall traps","MG1_2004__Koivula 1 1 9",3.87120101090789,47,47,1,"Finland","2001","individuals"
0,2.22581838214989,7.82309224479541,0,89.9510893730547,0.157103675099015,14.3312721391126,1.69299430266205,4.47015372013276,0,0,4.27398603811586,664.047958890976,"Natural vegetation","Natural vegetation","Minimal use","MG1_2004__Koivula 1","MG1_2004__Koivula 1 2","61.054644,25.04367","pit-fall traps","MG1_2004__Koivula 1 2 10",4.18965474202643,65,65,1,"Finland","2001","individuals"
0,2.22581838214989,7.82309224479541,0,89.9510893730547,0.157103675099015,14.3312721391126,1.69299430266205,4.47015372013276,0,0,4.27398603811586,664.047958890976,"Natural vegetation","Natural vegetation","Minimal use","MG1_2004__Koivula 1","MG1_2004__Koivula 1 2","61.054644,25.04367","pit-fall traps","MG1_2004__Koivula 1 2 11",3.95124371858143,51,51,1,"Finland","2001","individuals"
0,2.22581838214989,7.82309224479541,0,89.9510893730547,0.157103675099015,14.3312721391126,1.69299430266205,4.47015372013276,0,0,4.27398603811586,664.047958890976,"Natural vegetation","Natural vegetation","Minimal use","MG1_2004__Koivula 1","MG1_2004__Koivula 1 2","61.054644,25.04367","pit-fall traps","MG1_2004__Koivula 1 2 12",3.49650756146648,32,32,1,"Finland","2001","individuals"
0,2.22581838214989,7.82309224479541,0,89.9510893730547,0.157103675099015,14.3312721391126,1.69299430266205,4.47015372013276,0,0,4.27398603811586,664.047958890976,"Natural vegetation","Natural vegetation","Minimal use","MG1_2004__Koivula 1","MG1_2004__Koivula 1 2","61.054644,25.04367","pit-fall traps","MG1_2004__Koivula 1 2 13",3.04452243772342,20,20,1,"Finland","2001","individuals"
0,2.22581838214989,7.82309224479541,0,89.9510893730547,0.157103675099015,14.3312721391126,1.69299430266205,4.47015372013276,0,0,4.27398603811586,664.047958890976,"Cropland_Minimal use","Cropland","Minimal use","MG1_2004__Koivula 1","MG1_2004__Koivula 1 2","61.054644,25.04367","pit-fall traps","MG1_2004__Koivula 1 2 15",2.83321334405622,16,16,1,"Finland","2001","individuals"
0,2.22581838214989,7.82309224479541,0,89.9510893730547,0.157103675099015,14.3312721391126,1.69299430266205,4.47015372013276,0,0,4.27398603811586,664.047958890976,"Cropland_Minimal use","Cropland","Minimal use","MG1_2004__Koivula 1","MG1_2004__Koivula 1 2","61.054644,25.04367","pit-fall traps","MG1_2004__Koivula 1 2 16",4.59511985013459,98,98,1,"Finland","2001","individuals"
0,2.22581838214989,7.82309224479541,0,89.9510893730547,0.157103675099015,14.3312721391126,1.69299430266205,4.47015372013276,0,0,4.27398603811586,664.047958890976,"Cropland_Minimal use","Cropland","Minimal use","MG1_2004__Koivula 1","MG1_2004__Koivula 1 2","61.054644,25.04367","pit-fall traps","MG1_2004__Koivula 1 2 17",4.60517018598809,99,99,1,"Finland","2001","individuals"
0,2.22581838214989,7.82309224479541,0,89.9510893730547,0.157103675099015,14.3312721391126,1.69299430266205,4.47015372013276,0,0,4.27398603811586,664.047958890976,"Cropland_Minimal use","Cropland","Minimal use","MG1_2004__Koivula 1","MG1_2004__Koivula 1 2","61.054644,25.04367","pit-fall traps","MG1_2004__Koivula 1 2 18",4.66343909411207,105,105,1,"Finland","2001","individuals"
0,1.95013196526725,8.49449890721597,0,89.5553691275168,0.152936970149799,15.0129712973366,1.6923408453179,4.56252690034935,0,0,4.27104195522005,664.089589239461,"Natural vegetation","Natural vegetation","Minimal use","MG1_2004__Koivula 1","MG1_2004__Koivula 1 3","61.056087,25.041581","pit-fall traps","MG1_2004__Koivula 1 3 19",2.89037175789616,17,17,1,"Finland","2001","individuals"
0,1.95013196526725,8.49449890721597,0,89.5553691275168,0.152936970149799,15.0129712973366,1.6923408453179,4.56252690034935,0,0,4.27104195522005,664.089589239461,"Natural vegetation","Natural vegetation","Minimal use","MG1_2004__Koivula 1","MG1_2004__Koivula 1 3","61.056087,25.041581","pit-fall traps","MG1_2004__Koivula 1 3 20",3.09104245335832,21,21,1,"Finland","2001","individuals"
0,1.95013196526725,8.49449890721597,0,89.5553691275168,0.152936970149799,15.0129712973366,1.6923408453179,4.56252690034935,0,0,4.27104195522005,664.089589239461,"Natural vegetation","Natural vegetation","Minimal use","MG1_2004__Koivula 1","MG1_2004__Koivula 1 3","61.056087,25.041581","pit-fall traps","MG1_2004__Koivula 1 3 21",3.17805383034795,23,23,1,"Finland","2001","individuals"
0,1.95013196526725,8.49449890721597,0,89.5553691275168,0.152936970149799,15.0129712973366,1.6923408453179,4.56252690034935,0,0,4.27104195522005,664.089589239461,"Natural vegetation","Natural vegetation","Minimal use","MG1_2004__Koivula 1","MG1_2004__Koivula 1 3","61.056087,25.041581","pit-fall traps","MG1_2004__Koivula 1 3 22",4.23410650459726,68,68,1,"Finland","2001","individuals"
0,1.95013196526725,8.49449890721597,0,89.5553691275168,0.152936970149799,15.0129712973366,1.6923408453179,4.56252690034935,0,0,4.27104195522005,664.089589239461,"Cropland_Minimal use","Cropland","Minimal use","MG1_2004__Koivula 1","MG1_2004__Koivula 1 3","61.056087,25.041581","pit-fall traps","MG1_2004__Koivula 1 3 24",5.46806014113513,236,236,1,"Finland","2001","individuals"
0,1.95013196526725,8.49449890721597,0,89.5553691275168,0.152936970149799,15.0129712973366,1.6923408453179,4.56252690034935,0,0,4.27104195522005,664.089589239461,"Cropland_Minimal use","Cropland","Minimal use","MG1_2004__Koivula 1","MG1_2004__Koivula 1 3","61.056087,25.041581","pit-fall traps","MG1_2004__Koivula 1 3 25",5.31320597904179,202,202,1,"Finland","2001","individuals"
0,1.95013196526725,8.49449890721597,0,89.5553691275168,0.152936970149799,15.0129712973366,1.6923408453179,4.56252690034935,0,0,4.27104195522005,664.089589239461,"Cropland_Minimal use","Cropland","Minimal use","MG1_2004__Koivula 1","MG1_2004__Koivula 1 3","61.056087,25.041581","pit-fall traps","MG1_2004__Koivula 1 3 26",5.62401750618734,276,276,1,"Finland","2001","individuals"
0,1.95013196526725,8.49449890721597,0,89.5553691275168,0.152936970149799,15.0129712973366,1.6923408453179,4.56252690034935,0,0,4.27104195522005,664.089589239461,"Cropland_Minimal use","Cropland","Minimal use","MG1_2004__Koivula 1","MG1_2004__Koivula 1 3","61.056087,25.041581","pit-fall traps","MG1_2004__Koivula 1 3 27",5.37989735354046,216,216,1,"Finland","2001","individuals"
0.41791049172243,0.189921189499197,14.7376967740629,0,84.6544715447154,0.0686506403169787,16.7050566645847,1.68824956167168,4.44255424513196,0,0,4.2722749271386,664.308425664803,"Natural vegetation","Natural vegetation","Minimal use","MG1_2004__Koivula 1","MG1_2004__Koivula 1 5","61.066438,25.034566","pit-fall traps","MG1_2004__Koivula 1 5 28",2.484906649788,11,11,1,"Finland","2001","individuals"
0.41791049172243,0.189921189499197,14.7376967740629,0,84.6544715447154,0.0686506403169787,16.7050566645847,1.68824956167168,4.44255424513196,0,0,4.2722749271386,664.308425664803,"Natural vegetation","Natural vegetation","Minimal use","MG1_2004__Koivula 1","MG1_2004__Koivula 1 5","61.066438,25.034566","pit-fall traps","MG1_2004__Koivula 1 5 29",0,0,0,1,"Finland","2001","individuals"
0.41791049172243,0.189921189499197,14.7376967740629,0,84.6544715447154,0.0686506403169787,16.7050566645847,1.68824956167168,4.44255424513196,0,0,4.2722749271386,664.308425664803,"Natural vegetation","Natural vegetation","Minimal use","MG1_2004__Koivula 1","MG1_2004__Koivula 1 5","61.066438,25.034566","pit-fall traps","MG1_2004__Koivula 1 5 30",2.19722457733622,8,8,1,"Finland","2001","individuals"
0.41791049172243,0.189921189499197,14.7376967740629,0,84.6544715447154,0.0686506403169787,16.7050566645847,1.68824956167168,4.44255424513196,0,0,4.2722749271386,664.308425664803,"Natural vegetation","Natural vegetation","Minimal use","MG1_2004__Koivula 1","MG1_2004__Koivula 1 5","61.066438,25.034566","pit-fall traps","MG1_2004__Koivula 1 5 31",1.79175946922805,5,5,1,"Finland","2001","individuals"
0.41791049172243,0.189921189499197,14.7376967740629,0,84.6544715447154,0.0686506403169787,16.7050566645847,1.68824956167168,4.44255424513196,0,0,4.2722749271386,664.308425664803,"Pasture_Light use","Pasture","Light use","MG1_2004__Koivula 1","MG1_2004__Koivula 1 5","61.066438,25.034566","pit-fall traps","MG1_2004__Koivula 1 5 33",4.83628190695148,125,125,1,"Finland","2001","individuals"
0.41791049172243,0.189921189499197,14.7376967740629,0,84.6544715447154,0.0686506403169787,16.7050566645847,1.68824956167168,4.44255424513196,0,0,4.2722749271386,664.308425664803,"Pasture_Light use","Pasture","Light use","MG1_2004__Koivula 1","MG1_2004__Koivula 1 5","61.066438,25.034566","pit-fall traps","MG1_2004__Koivula 1 5 34",4.06044301054642,57,57,1,"Finland","2001","individuals"
0.41791049172243,0.189921189499197,14.7376967740629,0,84.6544715447154,0.0686506403169787,16.7050566645847,1.68824956167168,4.44255424513196,0,0,4.2722749271386,664.308425664803,"Pasture_Light use","Pasture","Light use","MG1_2004__Koivula 1","MG1_2004__Koivula 1 5","61.066438,25.034566","pit-fall traps","MG1_2004__Koivula 1 5 35",3.25809653802148,25,25,1,"Finland","2001","individuals"
0.41791049172243,0.189921189499197,14.7376967740629,0,84.6544715447154,0.0686506403169787,16.7050566645847,1.68824956167168,4.44255424513196,0,0,4.2722749271386,664.308425664803,"Pasture_Light use","Pasture","Light use","MG1_2004__Koivula 1","MG1_2004__Koivula 1 5","61.066438,25.034566","pit-fall traps","MG1_2004__Koivula 1 5 36",3.61091791264422,36,36,1,"Finland","2001","individuals"
0.745446832693986,0.216681634632498,12.6422892033563,0,86.3955823293173,0.0767648286908906,16.7326975277669,1.68824319105067,4.43689461527411,0,0,4.27241208734253,664.313767601174,"Natural vegetation","Natural vegetation","Minimal use","MG1_2004__Koivula 1","MG1_2004__Koivula 1 6","61.067226,25.034369","pit-fall traps","MG1_2004__Koivula 1 6 37",2.99573227355399,19,19,1,"Finland","2001","individuals"
0.745446832693986,0.216681634632498,12.6422892033563,0,86.3955823293173,0.0767648286908906,16.7326975277669,1.68824319105067,4.43689461527411,0,0,4.27241208734253,664.313767601174,"Natural vegetation","Natural vegetation","Minimal use","MG1_2004__Koivula 1","MG1_2004__Koivula 1 6","61.067226,25.034369","pit-fall traps","MG1_2004__Koivula 1 6 38",2.63905732961526,13,13,1,"Finland","2001","individuals"
0.745446832693986,0.216681634632498,12.6422892033563,0,86.3955823293173,0.0767648286908906,16.7326975277669,1.68824319105067,4.43689461527411,0,0,4.27241208734253,664.313767601174,"Natural vegetation","Natural vegetation","Minimal use","MG1_2004__Koivula 1","MG1_2004__Koivula 1 6","61.067226,25.034369","pit-fall traps","MG1_2004__Koivula 1 6 39",1.79175946922805,5,5,1,"Finland","2001","individuals"
0.745446832693986,0.216681634632498,12.6422892033563,0,86.3955823293173,0.0767648286908906,16.7326975277669,1.68824319105067,4.43689461527411,0,0,4.27241208734253,664.313767601174,"Natural vegetation","Natural vegetation","Minimal use","MG1_2004__Koivula 1","MG1_2004__Koivula 1 6","61.067226,25.034369","pit-fall traps","MG1_2004__Koivula 1 6 40",2.83321334405622,16,16,1,"Finland","2001","individuals"
0.745446832693986,0.216681634632498,12.6422892033563,0,86.3955823293173,0.0767648286908906,16.7326975277669,1.68824319105067,4.43689461527411,0,0,4.27241208734253,664.313767601174,"Pasture_Light use","Pasture","Light use","MG1_2004__Koivula 1","MG1_2004__Koivula 1 6","61.067226,25.034369","pit-fall traps","MG1_2004__Koivula 1 6 42",3.09104245335832,21,21,1,"Finland","2001","individuals"
0.745446832693986,0.216681634632498,12.6422892033563,0,86.3955823293173,0.0767648286908906,16.7326975277669,1.68824319105067,4.43689461527411,0,0,4.27241208734253,664.313767601174,"Pasture_Light use","Pasture","Light use","MG1_2004__Koivula 1","MG1_2004__Koivula 1 6","61.067226,25.034369","pit-fall traps","MG1_2004__Koivula 1 6 43",4.02535169073515,55,55,1,"Finland","2001","individuals"
0.745446832693986,0.216681634632498,12.6422892033563,0,86.3955823293173,0.0767648286908906,16.7326975277669,1.68824319105067,4.43689461527411,0,0,4.27241208734253,664.313767601174,"Pasture_Light use","Pasture","Light use","MG1_2004__Koivula 1","MG1_2004__Koivula 1 6","61.067226,25.034369","pit-fall traps","MG1_2004__Koivula 1 6 44",3.25809653802148,25,25,1,"Finland","2001","individuals"
0.745446832693986,0.216681634632498,12.6422892033563,0,86.3955823293173,0.0767648286908906,16.7326975277669,1.68824319105067,4.43689461527411,0,0,4.27241208734253,664.313767601174,"Pasture_Light use","Pasture","Light use","MG1_2004__Koivula 1","MG1_2004__Koivula 1 6","61.067226,25.034369","pit-fall traps","MG1_2004__Koivula 1 6 45",3.89182029811063,48,48,1,"Finland","2001","individuals"
0.0010368399654846,1.77774255870111,0.978573542509882,0,97.2426470588235,0.0403838036400281,16.8654847423809,1.63132871642997,4.68909246075926,0,0,4.27390796920784,664.464141546108,"Natural vegetation","Natural vegetation","Minimal use","MG1_2004__Koivula 1","MG1_2004__Koivula 1 7","61.116223,24.963905","pit-fall traps","MG1_2004__Koivula 1 7 46",2.83321334405622,16,16,1,"Finland","2001","individuals"
0.0010368399654846,1.77774255870111,0.978573542509882,0,97.2426470588235,0.0403838036400281,16.8654847423809,1.63132871642997,4.68909246075926,0,0,4.27390796920784,664.464141546108,"Natural vegetation","Natural vegetation","Minimal use","MG1_2004__Koivula 1","MG1_2004__Koivula 1 7","61.116223,24.963905","pit-fall traps","MG1_2004__Koivula 1 7 47",3.52636052461616,33,33,1,"Finland","2001","individuals"
0.0010368399654846,1.77774255870111,0.978573542509882,0,97.2426470588235,0.0403838036400281,16.8654847423809,1.63132871642997,4.68909246075926,0,0,4.27390796920784,664.464141546108,"Natural vegetation","Natural vegetation","Minimal use","MG1_2004__Koivula 1","MG1_2004__Koivula 1 7","61.116223,24.963905","pit-fall traps","MG1_2004__Koivula 1 7 48",2.77258872223978,15,15,1,"Finland","2001","individuals"
0.0010368399654846,1.77774255870111,0.978573542509882,0,97.2426470588235,0.0403838036400281,16.8654847423809,1.63132871642997,4.68909246075926,0,0,4.27390796920784,664.464141546108,"Natural vegetation","Natural vegetation","Minimal use","MG1_2004__Koivula 1","MG1_2004__Koivula 1 7","61.116223,24.963905","pit-fall traps","MG1_2004__Koivula 1 7 49",2.99573227355399,19,19,1,"Finland","2001","individuals"
0.0010368399654846,1.77774255870111,0.978573542509882,0,97.2426470588235,0.0403838036400281,16.8654847423809,1.63132871642997,4.68909246075926,0,0,4.27390796920784,664.464141546108,"Cropland_Light use","Cropland","Light use","MG1_2004__Koivula 1","MG1_2004__Koivula 1 7","61.116223,24.963905","pit-fall traps","MG1_2004__Koivula 1 7 51",3.91202300542815,49,49,1,"Finland","2001","individuals"
0.0010368399654846,1.77774255870111,0.978573542509882,0,97.2426470588235,0.0403838036400281,16.8654847423809,1.63132871642997,4.68909246075926,0,0,4.27390796920784,664.464141546108,"Cropland_Light use","Cropland","Light use","MG1_2004__Koivula 1","MG1_2004__Koivula 1 7","61.116223,24.963905","pit-fall traps","MG1_2004__Koivula 1 7 52",4.15888308335967,63,63,1,"Finland","2001","individuals"
0.0010368399654846,1.77774255870111,0.978573542509882,0,97.2426470588235,0.0403838036400281,16.8654847423809,1.63132871642997,4.68909246075926,0,0,4.27390796920784,664.464141546108,"Cropland_Light use","Cropland","Light use","MG1_2004__Koivula 1","MG1_2004__Koivula 1 7","61.116223,24.963905","pit-fall traps","MG1_2004__Koivula 1 7 53",4.07753744390572,58,58,1,"Finland","2001","individuals"
0.0010368399654846,1.77774255870111,0.978573542509882,0,97.2426470588235,0.0403838036400281,16.8654847423809,1.63132871642997,4.68909246075926,0,0,4.27390796920784,664.464141546108,"Cropland_Light use","Cropland","Light use","MG1_2004__Koivula 1","MG1_2004__Koivula 1 7","61.116223,24.963905","pit-fall traps","MG1_2004__Koivula 1 7 54",4.52178857704904,91,91,1,"Finland","2001","individuals"
0.0353136211839083,1.14044762229282,0.805985823016103,0,98.0182529335072,0.118258848448572,16.9389247108504,1.63123250552158,4.44836773156548,0,0,4.27387397257693,664.443695412979,"Natural vegetation","Natural vegetation","Minimal use","MG1_2004__Koivula 1","MG1_2004__Koivula 1 8","61.122951,24.964586","pit-fall traps","MG1_2004__Koivula 1 8 55",3.91202300542815,49,49,1,"Finland","2001","individuals"
0.0353136211839083,1.14044762229282,0.805985823016103,0,98.0182529335072,0.118258848448572,16.9389247108504,1.63123250552158,4.44836773156548,0,0,4.27387397257693,664.443695412979,"Natural vegetation","Natural vegetation","Minimal use","MG1_2004__Koivula 1","MG1_2004__Koivula 1 8","61.122951,24.964586","pit-fall traps","MG1_2004__Koivula 1 8 56",3.91202300542815,49,49,1,"Finland","2001","individuals"
0.0353136211839083,1.14044762229282,0.805985823016103,0,98.0182529335072,0.118258848448572,16.9389247108504,1.63123250552158,4.44836773156548,0,0,4.27387397257693,664.443695412979,"Natural vegetation","Natural vegetation","Minimal use","MG1_2004__Koivula 1","MG1_2004__Koivula 1 8","61.122951,24.964586","pit-fall traps","MG1_2004__Koivula 1 8 57",3.52636052461616,33,33,1,"Finland","2001","individuals"
0.0353136211839083,1.14044762229282,0.805985823016103,0,98.0182529335072,0.118258848448572,16.9389247108504,1.63123250552158,4.44836773156548,0,0,4.27387397257693,664.443695412979,"Natural vegetation","Natural vegetation","Minimal use","MG1_2004__Koivula 1","MG1_2004__Koivula 1 8","61.122951,24.964586","pit-fall traps","MG1_2004__Koivula 1 8 58",3.43398720448515,30,30,1,"Finland","2001","individuals"
0.0353136211839083,1.14044762229282,0.805985823016103,0,98.0182529335072,0.118258848448572,16.9389247108504,1.63123250552158,4.44836773156548,0,0,4.27387397257693,664.443695412979,"Cropland_Light use","Cropland","Light use","MG1_2004__Koivula 1","MG1_2004__Koivula 1 8","61.122951,24.964586","pit-fall traps","MG1_2004__Koivula 1 8 60",4.06044301054642,57,57,1,"Finland","2001","individuals"
0.0353136211839083,1.14044762229282,0.805985823016103,0,98.0182529335072,0.118258848448572,16.9389247108504,1.63123250552158,4.44836773156548,0,0,4.27387397257693,664.443695412979,"Cropland_Light use","Cropland","Light use","MG1_2004__Koivula 1","MG1_2004__Koivula 1 8","61.122951,24.964586","pit-fall traps","MG1_2004__Koivula 1 8 61",3.43398720448515,30,30,1,"Finland","2001","individuals"
0.0353136211839083,1.14044762229282,0.805985823016103,0,98.0182529335072,0.118258848448572,16.9389247108504,1.63123250552158,4.44836773156548,0,0,4.27387397257693,664.443695412979,"Cropland_Light use","Cropland","Light use","MG1_2004__Koivula 1","MG1_2004__Koivula 1 8","61.122951,24.964586","pit-fall traps","MG1_2004__Koivula 1 8 62",3.93182563272433,50,50,1,"Finland","2001","individuals"
0.0353136211839083,1.14044762229282,0.805985823016103,0,98.0182529335072,0.118258848448572,16.9389247108504,1.63123250552158,4.44836773156548,0,0,4.27387397257693,664.443695412979,"Cropland_Light use","Cropland","Light use","MG1_2004__Koivula 1","MG1_2004__Koivula 1 8","61.122951,24.964586","pit-fall traps","MG1_2004__Koivula 1 8 63",4.67282883446191,106,106,1,"Finland","2001","individuals"
0,0.861930826313368,1.65479424536551,0,97.4832749283211,0.112365157051972,14.0998357349333,1.63495188796466,4.05428656802496,0,0,4.27518214330495,665.230450810304,"Natural vegetation","Natural vegetation","Minimal use","MG1_2004__Koivula 1","MG1_2004__Koivula 1 9","61.121954,24.946158","pit-fall traps","MG1_2004__Koivula 1 9 64",0.693147180559945,1,1,1,"Finland","2001","individuals"
0,0.861930826313368,1.65479424536551,0,97.4832749283211,0.112365157051972,14.0998357349333,1.63495188796466,4.05428656802496,0,0,4.27518214330495,665.230450810304,"Natural vegetation","Natural vegetation","Minimal use","MG1_2004__Koivula 1","MG1_2004__Koivula 1 9","61.121954,24.946158","pit-fall traps","MG1_2004__Koivula 1 9 65",1.38629436111989,3,3,1,"Finland","2001","individuals"
0,0.861930826313368,1.65479424536551,0,97.4832749283211,0.112365157051972,14.0998357349333,1.63495188796466,4.05428656802496,0,0,4.27518214330495,665.230450810304,"Natural vegetation","Natural vegetation","Minimal use","MG1_2004__Koivula 1","MG1_2004__Koivula 1 9","61.121954,24.946158","pit-fall traps","MG1_2004__Koivula 1 9 66",2.56494935746154,12,12,1,"Finland","2001","individuals"
0,0.861930826313368,1.65479424536551,0,97.4832749283211,0.112365157051972,14.0998357349333,1.63495188796466,4.05428656802496,0,0,4.27518214330495,665.230450810304,"Natural vegetation","Natural vegetation","Minimal use","MG1_2004__Koivula 1","MG1_2004__Koivula 1 9","61.121954,24.946158","pit-fall traps","MG1_2004__Koivula 1 9 67",1.79175946922805,5,5,1,"Finland","2001","individuals"
0,0.861930826313368,1.65479424536551,0,97.4832749283211,0.112365157051972,14.0998357349333,1.63495188796466,4.05428656802496,0,0,4.27518214330495,665.230450810304,"Semi-natural vegetation_Minimal use","Semi-natural vegetation","Minimal use","MG1_2004__Koivula 1","MG1_2004__Koivula 1 9","61.121954,24.946158","pit-fall traps","MG1_2004__Koivula 1 9 69",2.99573227355399,19,19,1,"Finland","2001","individuals"
0,0.861930826313368,1.65479424536551,0,97.4832749283211,0.112365157051972,14.0998357349333,1.63495188796466,4.05428656802496,0,0,4.27518214330495,665.230450810304,"Semi-natural vegetation_Minimal use","Semi-natural vegetation","Minimal use","MG1_2004__Koivula 1","MG1_2004__Koivula 1 9","61.121954,24.946158","pit-fall traps","MG1_2004__Koivula 1 9 70",2.70805020110221,14,14,1,"Finland","2001","individuals"
0,0.861930826313368,1.65479424536551,0,97.4832749283211,0.112365157051972,14.0998357349333,1.63495188796466,4.05428656802496,0,0,4.27518214330495,665.230450810304,"Semi-natural vegetation_Minimal use","Semi-natural vegetation","Minimal use","MG1_2004__Koivula 1","MG1_2004__Koivula 1 9","61.121954,24.946158","pit-fall traps","MG1_2004__Koivula 1 9 71",2.19722457733622,8,8,1,"Finland","2001","individuals"
0,0.861930826313368,1.65479424536551,0,97.4832749283211,0.112365157051972,14.0998357349333,1.63495188796466,4.05428656802496,0,0,4.27518214330495,665.230450810304,"Semi-natural vegetation_Minimal use","Semi-natural vegetation","Minimal use","MG1_2004__Koivula 1","MG1_2004__Koivula 1 9","61.121954,24.946158","pit-fall traps","MG1_2004__Koivula 1 9 72",4.61512051684126,100,100,1,"Finland","2001","individuals"
0,0,0.598802395209588,0,99.4011976047904,0.341245366179123,91.6835089832669,1.96770334217159,2.66376155026387,0,0,10.5282075902886,617.504677238195,"Cropland_Intense use","Cropland","Intense use","MG1_2005__Arroyo 1","MG1_2005__Arroyo 1 ","42.345833,-3.865278","soil core","MG1_2005__Arroyo 1  1",4.85981240436167,128,128,1,"Spain","2000","individuals"
0,0,0.111185234600839,0,99.8888147653992,0.384153643709046,92.1513194688246,1.96951470254792,2.74591487389876,0,0,10.5425965796977,618.207277415573,"Semi-natural vegetation_Minimal use","Semi-natural vegetation","Minimal use","MG1_2005__Arroyo 1","MG1_2005__Arroyo 1 ","42.345,-3.860833","soil core","MG1_2005__Arroyo 1  2",2.63905732961526,13,13,1,"Spain","2000","individuals"
0,0,0,0,99.7278911564626,0.438347545127974,87.8793017535062,1.96596411771119,2.85051737878534,0,0,10.5182954066959,633.838261599873,"Semi-natural vegetation_Minimal use","Semi-natural vegetation","Minimal use","MG1_2005__Arroyo 1","MG1_2005__Arroyo 1 ","42.345278,-3.849722","soil core","MG1_2005__Arroyo 1  3",2.70805020110221,14,14,1,"Spain","2000","individuals"
0,0,0.736936132201876,0,99.2630638677981,0.285311692504948,89.9054515152118,1.96447819758487,2.5455951250335,0,0,10.4898242692986,617.41734019185,"Pasture_Light use","Pasture","Light use","MG1_2005__Arroyo 1","MG1_2005__Arroyo 1 ","42.347778,-3.866111","soil core","MG1_2005__Arroyo 1  4",1.94591014905531,6,6,1,"Spain","2000","individuals"
0,0,0.740076250280325,0,99.2599237497197,0.261490126183028,89.1059084932931,1.96302793970777,2.4978529159324,0,0,10.4725664826798,617.378071987045,"Natural vegetation","Natural vegetation","Minimal use","MG1_2005__Arroyo 1","MG1_2005__Arroyo 1 ","42.348611,-3.866667","soil core","MG1_2005__Arroyo 1  5",4.91265488573605,135,135,1,"Spain","2000","individuals"
0,0,16.8059424326834,0,83.1940575673166,0.0357262265469043,21.189143330635,2.31544891837903,3.24437293465194,100,0,9.57263590494796,644.009422918316,"Cropland_Intense use","Cropland","Intense use","MG1_2005__Arroyo 1","MG1_2005__Arroyo 1 ","42.696111,-3.613889","soil core","MG1_2005__Arroyo 1  6",3.89182029811063,48,48,1,"Spain","2000","individuals"
0,0,15.5882352941177,0,84.4117647058823,0.0366176377722406,20.8506902780752,2.31883374152825,3.21993556191993,100,0,9.57263590494796,644.009422918316,"Pasture_Light use","Pasture","Light use","MG1_2005__Arroyo 1","MG1_2005__Arroyo 1 ","42.696667,-3.613056","soil core","MG1_2005__Arroyo 1  7",3.36729582998647,28,28,1,"Spain","2000","individuals"
0,0,16.821639898563,0,83.178360101437,0.0134274977265873,20.6785404744998,2.32055538840325,3.16925445980318,100,0,9.57263590494796,644.009422918316,"Natural vegetation","Natural vegetation","Minimal use","MG1_2005__Arroyo 1","MG1_2005__Arroyo 1 ","42.696944,-3.619444","soil core","MG1_2005__Arroyo 1  8",5.18738580584075,178,178,1,"Spain","2000","individuals"
0,0,4.19806243272336,0,95.8019375672766,0.0499914550125294,70.8451876673053,1.92312285829092,2.75866672629037,100,0,9.93598473538805,647.488212231825,"Natural vegetation","Natural vegetation","Minimal use","MG1_2005__Arroyo 1","MG1_2005__Arroyo 1 ","42.478611,-3.656111","soil core","MG1_2005__Arroyo 1  10",5.64897423816121,283,283,1,"Spain","2000","individuals"
0,0,1.26738794435857,0,98.7326120556414,0.25918216488391,52.0802841186523,2.0028121471405,3.03057212367223,99.8542686175127,0,9.85046793619796,645.817244774662,"Cropland_Intense use","Cropland","Intense use","MG1_2005__Arroyo 1","MG1_2005__Arroyo 1 ","42.639444,-3.631944","soil core","MG1_2005__Arroyo 1  11",3.71357206670431,40,40,1,"Spain","2000","individuals"
0,0,1.36327185244586,0,98.6367281475541,0.199729263512361,52.0802841186523,2.0028121471405,3.09258660193859,100,0,9.85046793619796,645.817244774662,"Pasture_Light use","Pasture","Light use","MG1_2005__Arroyo 1","MG1_2005__Arroyo 1 ","42.640833,-3.625278","soil core","MG1_2005__Arroyo 1  12",4.11087386417331,60,60,1,"Spain","2000","individuals"
0,0,1.17708605806958,0,98.8229139419304,0.311837073733981,52.0802841186523,2.0028121471405,3.05330577893348,100,0,9.85046793619796,645.817244774662,"Natural vegetation","Natural vegetation","Minimal use","MG1_2005__Arroyo 1","MG1_2005__Arroyo 1 ","42.636667,-3.636944","soil core","MG1_2005__Arroyo 1  13",4.98360662170834,145,145,1,"Spain","2000","individuals"
0,0,2.25748716422473,0,96.0040983606557,0.286849046750069,50.1213677297644,2.03353234250058,3.34494646896758,100,0,9.85046793619796,645.817244774662,"Cropland_Light use","Cropland","Light use","MG1_2005__Arroyo 1","MG1_2005__Arroyo 1 ","42.604167,-3.632778","soil core","MG1_2005__Arroyo 1  14",6.01126717440416,407,407,1,"Spain","2000","individuals"
0,0,4.32807908095111,0,95.6719209190489,0.269995405826243,48.3044749325436,2.05965541910626,3.09442289807245,100,0,9.84532069386599,645.505905150251,"Natural vegetation","Natural vegetation","Minimal use","MG1_2005__Arroyo 1","MG1_2005__Arroyo 1 ","42.601944,-3.639167","soil core","MG1_2005__Arroyo 1  15",4.49980967033027,89,89,1,"Spain","2000","individuals"
0,0,2.6610295946282,0,97.3389704053718,0.3076093513336,71.2646812019216,2.03106999886415,3.32551517631871,100,0,10.2526170271271,640.88918032026,"Pasture_Light use","Pasture","Light use","MG1_2005__Arroyo 1","MG1_2005__Arroyo 1 ","42.424444,-3.761944","soil core","MG1_2005__Arroyo 1  16",4.43081679884331,83,83,1,"Spain","2000","individuals"
0,0,2.5436046511628,0,97.4563953488372,0.31129872650059,71.5818792752832,2.02879576918351,3.30621042035108,100,0,10.2521992501514,641.203866456187,"Cropland_Intense use","Cropland","Intense use","MG1_2005__Arroyo 1","MG1_2005__Arroyo 1 ","42.424167,-3.761111","soil core","MG1_2005__Arroyo 1  17",5.01727983681492,150,150,1,"Spain","2000","individuals"
0,0,2.57907542579076,0,97.4209245742092,0.302266159449878,71.4520901307026,2.02972632440981,3.30700581670516,100,0,10.2523710195354,641.074482964851,"Cropland_Intense use","Cropland","Intense use","MG1_2005__Arroyo 1","MG1_2005__Arroyo 1 ","42.423889,-3.761389","soil core","MG1_2005__Arroyo 1  18",4.99043258677874,146,146,1,"Spain","2000","individuals"
0,0,0.507614213197968,0,99.492385786802,0.00559078045401719,6.03733930240215,1.88298703607925,2.37104586575023,0,0,8.96016845703127,799.468377488665,"Cropland_Minimal use","Cropland","Minimal use","MG1_2005__Arroyo 1","MG1_2005__Arroyo 1 ","42.308056,-3.382222","soil core","MG1_2005__Arroyo 1  19",5.04342511691925,154,154,1,"Spain","2000","individuals"
0,0,0.488599348534208,0,99.5114006514658,0.00635598618922725,6.02149205414916,1.88442285772848,2.40429489373241,0,0,8.96016845703127,799.468377488665,"Natural vegetation","Natural vegetation","Minimal use","MG1_2005__Arroyo 1","MG1_2005__Arroyo 1 ","42.307778,-3.382222","soil core","MG1_2005__Arroyo 1  20",4.75359019110636,115,115,1,"Spain","2000","individuals"
0,5.00690896778435,94.9930910322156,0,0,0,0.537798826059814,2.58887150656613,0.104963050469246,0,0,5.61840406930558,1010.2393657657,"Natural vegetation","Natural vegetation","Minimal use","MG1_2005__Vanbergen 1","MG1_2005__Vanbergen 1 ","57.019057,-2.859627","pit-fall traps","MG1_2005__Vanbergen 1  1",7.09174211509515,1201,1201,1,"United Kingdom","2001","individuals"
0,8.59574369275672,91.4042563072433,0,0,0,5.98414204177054,1.89864341388824,1.38233736419051,0,0,6.37807362874349,938.313784194179,"Natural vegetation","Natural vegetation","Light use","MG1_2005__Vanbergen 1","MG1_2005__Vanbergen 1 ","57.015483,-2.690494","pit-fall traps","MG1_2005__Vanbergen 1  3",8.74448811385292,6275,6275,1,"United Kingdom","2001","individuals"
0,0,0,0,100,0.0228612980534508,4.43560600280762,2.1862690448761,1.99054654844785,0,0,6.01674550374349,1005.14044810552,"Pasture_Light use","Pasture","Light use","MG1_2005__Vanbergen 1","MG1_2005__Vanbergen 1 ","57.06803,-2.872091","pit-fall traps","MG1_2005__Vanbergen 1  4",8.2398574110186,3788,3788,1,"United Kingdom","2001","individuals"
0,49.236941198856,50.763058801144,0,0,0,0.567931163185582,2.58262516888422,0.00681305916140311,0,0,5.91762440999349,979.308674228378,"Pasture_Intense use","Pasture","Intense use","MG1_2005__Vanbergen 1","MG1_2005__Vanbergen 1 ","57.030556,-2.810504","pit-fall traps","MG1_2005__Vanbergen 1  5",9.37695589894852,11812,11812,1,"United Kingdom","2001","individuals"
0,1.83292686341728,4.50645150292418,11.6934085189044,81.9672131147541,0.410395285630184,40.8925539423032,0.958310045209795,1.74377911888354,0,0,6.36522176135311,969.483013263175,"Cropland_Intense use","Cropland","Intense use","MG1_2005__Vanbergen 1","MG1_2005__Vanbergen 1 ","57.14396,-2.810504","pit-fall traps","MG1_2005__Vanbergen 1  6",9.2985343827121,10921,10921,1,"United Kingdom","2001","individuals"
0,0,0,0,100,0,0.323840733106174,2.65223660664797,2.08504340512051,28.2363133772852,0,6.81779281033393,1087.62037908053,"Cropland_Minimal use","Cropland","Minimal use","MG1_2006__Baur 2","MG1_2006__Baur 2 A","46.554028,23.3483","aerial transect","MG1_2006__Baur 2 A 1",4.99721227376411,147,147,1,"Romania","2002","individuals"
0,0,78.3583901977744,21.6416098022256,0,0,0.336722662158025,2.67885375990374,1.64059580815817,2.1719183684222,0,7.38483186303496,1062.11993217178,"Cropland_Minimal use","Cropland","Minimal use","MG1_2006__Baur 2","MG1_2006__Baur 2 B","46.548496,23.359202","aerial transect","MG1_2006__Baur 2 B 2",4.0943445622221,59,59,1,"Romania","2002","individuals"
0,0,0,0,100,0,0.307011162424664,2.66410971316501,2.23430736598293,31.1678308864853,0,7.21278341541116,1041.38930618096,"Cropland_Minimal use","Cropland","Minimal use","MG1_2006__Baur 2","MG1_2006__Baur 2 C","46.558089,23.353965","aerial transect","MG1_2006__Baur 2 C 3",4.74493212836325,114,114,1,"Romania","2002","individuals"
0,0,100,0,0,0,0.410044048939415,2.60296212340543,1.26367506532862,41.5082747038112,0,6.22231024277016,1185.36553245123,"Cropland_Minimal use","Cropland","Minimal use","MG1_2006__Baur 2","MG1_2006__Baur 2 D","46.545025,23.332504","aerial transect","MG1_2006__Baur 2 D 4",4.99043258677874,146,146,1,"Romania","2002","individuals"
0,0,0,0,100,0,0.304783289954844,2.66131602611949,2.16392338039019,41.5010788331527,0,7.07813896977878,1051.14589635748,"Semi-natural vegetation_Minimal use","Semi-natural vegetation","Minimal use","MG1_2006__Baur 2","MG1_2006__Baur 2 A","46.562119,23.351806","aerial transect","MG1_2006__Baur 2 A 5",4.72738781871234,112,112,1,"Romania","2002","individuals"
0,0,67.611598884264,32.3884011157359,0,0,0.354410865685609,2.67750766165199,1.29742957196254,2.60470908614559,0,7.25318298649207,1090.47246524245,"Semi-natural vegetation_Minimal use","Semi-natural vegetation","Minimal use","MG1_2006__Baur 2","MG1_2006__Baur 2 B","46.544087,23.357574","aerial transect","MG1_2006__Baur 2 B 6",4.79579054559674,120,120,1,"Romania","2002","individuals"
0,0,0,0,100,0,0.308100165069348,2.66680293415997,2.20837681400229,24.5556717971762,0,7.3900501592104,1026.13026514354,"Semi-natural vegetation_Minimal use","Semi-natural vegetation","Minimal use","MG1_2006__Baur 2","MG1_2006__Baur 2 C","46.559809,23.356868","aerial transect","MG1_2006__Baur 2 C 7",4.77068462446567,117,117,1,"Romania","2002","individuals"
0,0,100,0,0,0,0.409024463185944,2.60336054460751,1.11378299965065,38.0465412559127,0,6.22287704409121,1184.73112132672,"Semi-natural vegetation_Minimal use","Semi-natural vegetation","Minimal use","MG1_2006__Baur 2","MG1_2006__Baur 2 D","46.545151,23.330532","aerial transect","MG1_2006__Baur 2 D 8",4.76217393479776,116,116,1,"Romania","2002","individuals"
0,0,0,0,100,8.88176275436617e-06,0.307475255632787,2.66576918386981,2.06995500938466,31.7631515038426,0,7.33127470980034,1030.84412285911,"Semi-natural vegetation_Minimal use","Semi-natural vegetation","Minimal use","MG1_2006__Baur 2","MG1_2006__Baur 2 A","46.565357,23.355846","aerial transect","MG1_2006__Baur 2 A 9",3.61091791264422,36,36,1,"Romania","2002","individuals"
0,0,69.3996342376872,30.6003657623128,0,0,0.372669604584106,2.65695747447985,1.56644112173704,18.7117313146113,0,6.97270567966785,1118.83537810608,"Semi-natural vegetation_Minimal use","Semi-natural vegetation","Minimal use","MG1_2006__Baur 2","MG1_2006__Baur 2 B","46.543619,23.35251","aerial transect","MG1_2006__Baur 2 B 10",4.0943445622221,59,59,1,"Romania","2002","individuals"
0,0,0,0,100,0,0.309463553650853,2.66905830631355,2.14290912190542,18.335468290436,0,7.51832952403942,1015.84211456847,"Semi-natural vegetation_Minimal use","Semi-natural vegetation","Minimal use","MG1_2006__Baur 2","MG1_2006__Baur 2 C","46.562327,23.359368","aerial transect","MG1_2006__Baur 2 C 11",3.25809653802148,25,25,1,"Romania","2002","individuals"
0,0,100,0,0,0,0.412484444883486,2.60200849544203,0.9522946281671,30.3140264105507,0,6.22095472633171,1186.88273905621,"Semi-natural vegetation_Minimal use","Semi-natural vegetation","Minimal use","MG1_2006__Baur 2","MG1_2006__Baur 2 D","46.544718,23.327777","aerial transect","MG1_2006__Baur 2 D 12",5.08140436498446,160,160,1,"Romania","2002","individuals"
0,0,100,0,0,0,0.39345194222124,2.6798970316745,0.941726627565287,0,0,7.63373209635421,1006.58669736004,"Natural vegetation","Natural vegetation","Minimal use","MG1_2006__Baur 2","MG1_2006__Baur 2 A","46.57482,23.389006","aerial transect","MG1_2006__Baur 2 A 13",2.63905732961526,13,13,1,"Romania","2002","individuals"
0,0,81.5676358488628,18.4323641511372,0,0,0.404244956604166,2.62306038682614,1.82661634000863,50.7511262352363,0,6.53485596446019,1164.3512453335,"Natural vegetation","Natural vegetation","Minimal use","MG1_2006__Baur 2","MG1_2006__Baur 2 B","46.54253,23.345132","aerial transect","MG1_2006__Baur 2 B 14",3.13549421592915,22,22,1,"Romania","2002","individuals"
0,0,95.0369094540594,4.96309054594063,0,0,0.405572380662436,2.61349811820633,1.82523522110385,49.0615872395645,0,6.37898258785394,1173.82562478503,"Natural vegetation","Natural vegetation","Minimal use","MG1_2006__Baur 2","MG1_2006__Baur 2 C","46.544147,23.341947","aerial transect","MG1_2006__Baur 2 C 15",3.2188758248682,24,24,1,"Romania","2002","individuals"
0,0,100,0,0,0,0.412051810774176,2.60217755488731,1.36235904731223,43.9100879296349,0,6.22119461801023,1186.61423236104,"Natural vegetation","Natural vegetation","Minimal use","MG1_2006__Baur 2","MG1_2006__Baur 2 D","46.544773,23.333725","aerial transect","MG1_2006__Baur 2 D 16",3.36729582998647,28,28,1,"Romania","2002","individuals"
0,0,0,0,100,0,0.323840733106174,2.65223660664797,2.08504340512051,28.2363133772852,0,6.81779281033393,1087.62037908053,"Cropland_Minimal use","Cropland","Minimal use","MG1_2006__Baur 3","MG1_2006__Baur 3 A","46.554028,23.3483","light trap","MG1_2006__Baur 3 A 1",5.08759633523238,161,161,1,"Romania","2002","individuals"
0,0,78.3583901977744,21.6416098022256,0,0,0.336722662158025,2.67885375990374,1.64059580815817,2.1719183684222,0,7.38483186303496,1062.11993217178,"Cropland_Minimal use","Cropland","Minimal use","MG1_2006__Baur 3","MG1_2006__Baur 3 B","46.548496,23.359202","light trap","MG1_2006__Baur 3 B 2",5.13579843705026,169,169,1,"Romania","2002","individuals"
0,0,0,0,100,0,0.307011162424664,2.66410971316501,2.23430736598293,31.1678308864853,0,7.21278341541116,1041.38930618096,"Cropland_Minimal use","Cropland","Minimal use","MG1_2006__Baur 3","MG1_2006__Baur 3 C","46.558089,23.353965","light trap","MG1_2006__Baur 3 C 3",4.9416424226093,139,139,1,"Romania","2002","individuals"
0,0,100,0,0,0,0.410044048939415,2.60296212340543,1.26367506532862,41.5082747038112,0,6.22231024277016,1185.36553245123,"Cropland_Minimal use","Cropland","Minimal use","MG1_2006__Baur 3","MG1_2006__Baur 3 D","46.545025,23.332504","light trap","MG1_2006__Baur 3 D 4",4.94875989037817,140,140,1,"Romania","2002","individuals"
0,0,0,0,100,0,0.304783289954844,2.66131602611949,2.16392338039019,41.5010788331527,0,7.07813896977878,1051.14589635748,"Semi-natural vegetation_Minimal use","Semi-natural vegetation","Minimal use","MG1_2006__Baur 3","MG1_2006__Baur 3 A","46.562119,23.351806","light trap","MG1_2006__Baur 3 A 5",4.94875989037817,140,140,1,"Romania","2002","individuals"
0,0,67.611598884264,32.3884011157359,0,0,0.354410865685609,2.67750766165199,1.29742957196254,2.60470908614559,0,7.25318298649207,1090.47246524245,"Semi-natural vegetation_Minimal use","Semi-natural vegetation","Minimal use","MG1_2006__Baur 3","MG1_2006__Baur 3 B","46.544087,23.357574","light trap","MG1_2006__Baur 3 B 6",5.17614973257383,176,176,1,"Romania","2002","individuals"
0,0,0,0,100,0,0.308100165069348,2.66680293415997,2.20837681400229,24.5556717971762,0,7.3900501592104,1026.13026514354,"Semi-natural vegetation_Minimal use","Semi-natural vegetation","Minimal use","MG1_2006__Baur 3","MG1_2006__Baur 3 C","46.559809,23.356868","light trap","MG1_2006__Baur 3 C 7",5.28320372873799,196,196,1,"Romania","2002","individuals"
0,0,100,0,0,0,0.409024463185944,2.60336054460751,1.11378299965065,38.0465412559127,0,6.22287704409121,1184.73112132672,"Semi-natural vegetation_Minimal use","Semi-natural vegetation","Minimal use","MG1_2006__Baur 3","MG1_2006__Baur 3 D","46.545151,23.330532","light trap","MG1_2006__Baur 3 D 8",5.25227342804663,190,190,1,"Romania","2002","individuals"
0,0,0,0,100,8.88176275436617e-06,0.307475255632787,2.66576918386981,2.06995500938466,31.7631515038426,0,7.33127470980034,1030.84412285911,"Semi-natural vegetation_Minimal use","Semi-natural vegetation","Minimal use","MG1_2006__Baur 3","MG1_2006__Baur 3 A","46.565357,23.355846","light trap","MG1_2006__Baur 3 A 9",5.65948221575962,286,286,1,"Romania","2002","individuals"
0,0,69.3996342376872,30.6003657623128,0,0,0.372669604584106,2.65695747447985,1.56644112173704,18.7117313146113,0,6.97270567966785,1118.83537810608,"Semi-natural vegetation_Minimal use","Semi-natural vegetation","Minimal use","MG1_2006__Baur 3","MG1_2006__Baur 3 B","46.543619,23.35251","light trap","MG1_2006__Baur 3 B 10",5.57215403217776,262,262,1,"Romania","2002","individuals"
0,0,0,0,100,0,0.309463553650853,2.66905830631355,2.14290912190542,18.335468290436,0,7.51832952403942,1015.84211456847,"Semi-natural vegetation_Minimal use","Semi-natural vegetation","Minimal use","MG1_2006__Baur 3","MG1_2006__Baur 3 C","46.562327,23.359368","light trap","MG1_2006__Baur 3 C 11",5.54517744447956,255,255,1,"Romania","2002","individuals"
0,0,100,0,0,0,0.412484444883486,2.60200849544203,0.9522946281671,30.3140264105507,0,6.22095472633171,1186.88273905621,"Semi-natural vegetation_Minimal use","Semi-natural vegetation","Minimal use","MG1_2006__Baur 3","MG1_2006__Baur 3 D","46.544718,23.327777","light trap","MG1_2006__Baur 3 D 12",5.50125821054473,244,244,1,"Romania","2002","individuals"
0,0,100,0,0,0,0.39345194222124,2.6798970316745,0.941726627565287,0,0,7.63373209635421,1006.58669736004,"Natural vegetation","Natural vegetation","Minimal use","MG1_2006__Baur 3","MG1_2006__Baur 3 A","46.57482,23.389006","light trap","MG1_2006__Baur 3 A 13",5.4553211153577,233,233,1,"Romania","2002","individuals"
0,0,81.5676358488628,18.4323641511372,0,0,0.404244956604166,2.62306038682614,1.82661634000863,50.7511262352363,0,6.53485596446019,1164.3512453335,"Natural vegetation","Natural vegetation","Minimal use","MG1_2006__Baur 3","MG1_2006__Baur 3 B","46.54253,23.345132","light trap","MG1_2006__Baur 3 B 14",5.30330490805908,200,200,1,"Romania","2002","individuals"
0,0,95.0369094540594,4.96309054594063,0,0,0.405572380662436,2.61349811820633,1.82523522110385,49.0615872395645,0,6.37898258785394,1173.82562478503,"Natural vegetation","Natural vegetation","Minimal use","MG1_2006__Baur 3","MG1_2006__Baur 3 C","46.544147,23.341947","light trap","MG1_2006__Baur 3 C 15",5.32300997913841,204,204,1,"Romania","2002","individuals"
0,0,100,0,0,0,0.412051810774176,2.60217755488731,1.36235904731223,43.9100879296349,0,6.22119461801023,1186.61423236104,"Natural vegetation","Natural vegetation","Minimal use","MG1_2006__Baur 3","MG1_2006__Baur 3 D","46.544773,23.333725","light trap","MG1_2006__Baur 3 D 16",5.56452040732269,260,260,1,"Romania","2002","individuals"
0.303078152304071,0,1.33471198526359,3.09053835683301,95.2716715055993,0.195471975461604,5.14489838220851,2.21114823744901,2.44558578828412,19.2509430837906,0,8.26690826416018,1006.94054516498,"Pasture_Minimal use","Pasture","Minimal use","MG1_2006__Zaitsev 1","MG1_2006__Zaitsev 1 ","50.792064,8.49488","soil core","MG1_2006__Zaitsev 1  1",8.1318247850072,3400,3400,1,"Germany","2001","individuals"
0.104374946883877,0,2.41123185391712,2.32661300333393,95.1577801958651,0.173968928632582,5.04516374154382,2.1655165643279,2.31803930707555,50.3984740248155,0,8.26690826416018,1006.94054516498,"Pasture_Minimal use","Pasture","Minimal use","MG1_2006__Zaitsev 1","MG1_2006__Zaitsev 1 ","50.798516,8.495679","soil core","MG1_2006__Zaitsev 1  2",6.52356230614951,680,680,1,"Germany","2001","individuals"
0.0611186973415945,0,2.53949754857951,2.48503685900395,94.9143468950749,0.18249034543793,5.25813962545883,2.17879118691883,2.33217469289105,45.4414881064237,0,8.26690826416018,1006.94054516498,"Pasture_Minimal use","Pasture","Minimal use","MG1_2006__Zaitsev 1","MG1_2006__Zaitsev 1 ","50.797753,8.496892","soil core","MG1_2006__Zaitsev 1  3",6.2363695902037,510,510,1,"Germany","2001","individuals"
0.0589262676823345,0,1.92955167702419,2.75986013696488,95.2516619183286,0.189502489262226,5.37303263126278,2.22726861704945,2.41229448150267,26.4316794895583,0,8.26690826416018,1006.94054516498,"Pasture_Minimal use","Pasture","Minimal use","MG1_2006__Zaitsev 1","MG1_2006__Zaitsev 1 ","50.793776,8.497579","soil core","MG1_2006__Zaitsev 1  4",10.5294527210131,37400,37400,1,"Germany","2001","individuals"
0.0668148475045666,0,2.17601334652206,2.63161789164546,95.1255539143279,0.19317624178476,5.33230816922027,2.19879936568565,2.37311205906043,37.6227644122535,0,8.26690826416018,1006.94054516498,"Pasture_Minimal use","Pasture","Minimal use","MG1_2006__Zaitsev 1","MG1_2006__Zaitsev 1 ","50.796282,8.497333","soil core","MG1_2006__Zaitsev 1  5",9.71057005652877,16490,16490,1,"Germany","2001","individuals"
0.180715285834897,0,1.85478694586033,2.77581852302176,95.188679245283,0.192723065113611,5.18809647490464,2.19584070570844,2.40516272340779,36.9553234517813,0,8.26690826416018,1006.94054516498,"Pasture_Minimal use","Pasture","Minimal use","MG1_2006__Zaitsev 1","MG1_2006__Zaitsev 1 ","50.796017,8.496318","soil core","MG1_2006__Zaitsev 1  6",9.51789859843275,13600,13600,1,"Germany","2001","individuals"
0.294261548083268,0,1.36970831941745,3.055034851504,95.2809952809953,0.184877635231074,5.11467138151318,2.20645432934009,2.44695376432124,27.7676289214302,0,8.26690826416018,1006.94054516498,"Pasture_Minimal use","Pasture","Minimal use","MG1_2006__Zaitsev 1","MG1_2006__Zaitsev 1 ","50.794068,8.49538","soil core","MG1_2006__Zaitsev 1  7",10.5911446903524,39780,39780,1,"Germany","2001","individuals"
0.149683608211965,0,2.32850135355981,2.2887641907706,95.2330508474576,0.171187920475238,4.88214585831802,2.15969514620032,2.30831087184215,52.415738590407,0,8.26690826416018,1006.94054516498,"Pasture_Minimal use","Pasture","Minimal use","MG1_2006__Zaitsev 1","MG1_2006__Zaitsev 1 ","50.798811,8.494763","soil core","MG1_2006__Zaitsev 1  8",10.2833271130053,29240,29240,1,"Germany","2001","individuals"
0.765021821005218,0,0.612415663910472,2.19269001963805,96.4298724954463,0.194589953063105,4.39895847471434,2.15390651928955,2.43613792379065,29.099721949463,0,8.26690826416018,1006.94054516498,"Pasture_Minimal use","Pasture","Minimal use","MG1_2006__Zaitsev 1","MG1_2006__Zaitsev 1 ","50.795446,8.48891","soil core","MG1_2006__Zaitsev 1  9",9.51789859843275,13600,13600,1,"Germany","2001","individuals"
0.00018064029844807,0,3.54396529304592,2.44089147313943,94.0149625935162,0.159462386128846,5.64277579673946,2.1828328678019,2.23491221396788,43.9735064287066,0,8.26690826416018,1006.94054516498,"Pasture_Minimal use","Pasture","Minimal use","MG1_2006__Zaitsev 1","MG1_2006__Zaitsev 1 ","50.798085,8.499141","soil core","MG1_2006__Zaitsev 1  10",5.83188247728352,340,340,1,"Germany","2001","individuals"
0.288546443869721,0,1.42527276439602,3.00027943861335,95.2859013531209,0.185515897031763,5.09443862180993,2.20102050873679,2.44311857783859,31.25899904941,0,8.26690826416018,1006.94054516498,"Pasture_Minimal use","Pasture","Minimal use","MG1_2006__Zaitsev 1","MG1_2006__Zaitsev 1 ","50.794808,8.495402","soil core","MG1_2006__Zaitsev 1  11",10.323217104658,30430,30430,1,"Germany","2001","individuals"
0.261692865772622,0,1.33338177606805,2.98475729093244,95.4201680672269,0.195931762408755,5.16162168139281,2.21396538445026,2.44394390407878,20.5107393004976,0,8.26690826416018,1006.94054516498,"Pasture_Minimal use","Pasture","Minimal use","MG1_2006__Zaitsev 1","MG1_2006__Zaitsev 1 ","50.792345,8.495218","soil core","MG1_2006__Zaitsev 1  12",7.21597500265147,1360,1360,1,"Germany","2001","individuals"
0.41032535320536,0,1.1214947667318,2.87566428754725,95.5925155925156,0.190228832481146,4.85071926678159,2.18314750538242,2.43476014201517,35.444045747028,0,8.26690826416018,1006.94054516498,"Pasture_Minimal use","Pasture","Minimal use","MG1_2006__Zaitsev 1","MG1_2006__Zaitsev 1 ","50.795589,8.493657","soil core","MG1_2006__Zaitsev 1  13",7.70120018085745,2210,2210,1,"Germany","2001","individuals"
0.146343362093282,0,2.2291774447631,2.32352882355544,95.3009503695882,0.175951869243798,4.96291347575876,2.16552465561213,2.32632152730593,50.0610568390659,0,8.26690826416018,1006.94054516498,"Cropland_Minimal use","Cropland","Minimal use","MG1_2006__Zaitsev 1","MG1_2006__Zaitsev 1 ","50.798368,8.495169","soil core","MG1_2006__Zaitsev 1  14",5.83188247728352,340,340,1,"Germany","2001","individuals"
0.0192602739493293,0,3.12510909465266,2.50601320938507,94.3496174220129,0.172160424545439,5.47460435560421,2.18164599226522,2.28083553390433,44.6700070151071,0,8.26690826416018,1006.94054516498,"Cropland_Minimal use","Cropland","Minimal use","MG1_2006__Zaitsev 1","MG1_2006__Zaitsev 1 ","50.797919,8.498179","soil core","MG1_2006__Zaitsev 1  15",7.53422832627409,1870,1870,1,"Germany","2001","individuals"
0.413343360426844,0,1.12371559541122,2.99328185879203,95.4696591853699,0.188469564651739,4.88899833844907,2.1866568690444,2.44349812409938,33.6459276532315,0,8.26690826416018,1006.94054516498,"Cropland_Minimal use","Cropland","Minimal use","MG1_2006__Zaitsev 1","MG1_2006__Zaitsev 1 ","50.795254,8.493839","soil core","MG1_2006__Zaitsev 1  16",8.02649693894541,3060,3060,1,"Germany","2001","individuals"
0.956976422400522,0,2.09835144115395,2.03137733875766,94.9132947976879,0.086645144190303,3.47956289108755,1.74212038310173,2.17386469067652,0,0,8.76572298978794,984.180390273702,"Pasture_Minimal use","Pasture","Minimal use","MG1_2006__Zaitsev 1","MG1_2006__Zaitsev 1 ","50.740873,8.462035","soil core","MG1_2006__Zaitsev 1  17",10.6965026922443,44200,44200,1,"Germany","2001","individuals"
0.540624474427417,0,2.52829528011575,1.31419712857372,95.6168831168831,0.034617532201179,3.81403911949492,1.82282870608066,2.17105333964249,0,0,8.65471314242675,988.36140449429,"Pasture_Minimal use","Pasture","Minimal use","MG1_2006__Zaitsev 1","MG1_2006__Zaitsev 1 ","50.746105,8.465617","soil core","MG1_2006__Zaitsev 1  18",9.67915579558511,15980,15980,1,"Germany","2001","individuals"
0.547642797104382,0,3.07668594903444,2.00947407076259,94.3661971830986,0.0475782034998311,3.73797646440775,1.84943420014414,2.13444427285892,0,0,8.63513645017405,990.754259906939,"Pasture_Minimal use","Pasture","Minimal use","MG1_2006__Zaitsev 1","MG1_2006__Zaitsev 1 ","50.746444,8.461667","soil core","MG1_2006__Zaitsev 1  19",9.51789859843275,13600,13600,1,"Germany","2001","individuals"
0.931574814969152,0,2.71060892854844,1.16422480120872,95.1935914552737,0.0415041537908409,3.66084770061566,1.7660772288473,2.15510072044971,0,0,8.72425394459363,985.029810648473,"Pasture_Minimal use","Pasture","Minimal use","MG1_2006__Zaitsev 1","MG1_2006__Zaitsev 1 ","50.743742,8.466886","soil core","MG1_2006__Zaitsev 1  20",9.7002079011507,16320,16320,1,"Germany","2001","individuals"
0.666788833296183,0,2.2645810637464,1.78144306319307,95.2871870397643,0.0842356476037868,3.27047637714199,1.79338795163816,2.16633546407752,0,0,8.73902869425917,988.84874970913,"Pasture_Minimal use","Pasture","Minimal use","MG1_2006__Zaitsev 1","MG1_2006__Zaitsev 1 ","50.741738,8.458719","soil core","MG1_2006__Zaitsev 1  21",9.02773877597491,8330,8330,1,"Germany","2001","individuals"
0.286327309404388,0,2.183885438214,1.70401592751773,95.8257713248639,0.0624584508658086,3.48357261203702,1.86082431224499,2.10074458956557,0,0,8.64165604069761,993.272612679635,"Pasture_Minimal use","Pasture","Minimal use","MG1_2006__Zaitsev 1","MG1_2006__Zaitsev 1 ","50.745736,8.458972","soil core","MG1_2006__Zaitsev 1  22",10.1662748044549,26010,26010,1,"Germany","2001","individuals"
0.78215944743121,0,2.42203686082642,1.20167819107481,95.5941255006676,0.0496308552613411,3.68735882074176,1.77589857028584,2.15913711832985,0,0,8.71221418722607,985.606617074355,"Pasture_Minimal use","Pasture","Minimal use","MG1_2006__Zaitsev 1","MG1_2006__Zaitsev 1 ","50.744195,8.465182","soil core","MG1_2006__Zaitsev 1  23",8.63248423575097,5610,5610,1,"Germany","2001","individuals"
0.957441843801659,0,2.04023403554772,2.03089554922204,94.9714285714286,0.0865015296787718,3.48558124283875,1.74088825352895,2.17613178249228,0,0,8.76626189139714,984.063356334213,"Pasture_Minimal use","Pasture","Minimal use","MG1_2006__Zaitsev 1","MG1_2006__Zaitsev 1 ","50.740762,8.462151","soil core","MG1_2006__Zaitsev 1  24",10.3343279669755,30770,30770,1,"Germany","2001","individuals"
0.65447956389697,0,2.28033086957828,1.8059303072655,95.2592592592593,0.084299306111255,3.23616098788998,1.79545843821903,2.17780914159603,0,0,8.7406343301624,989.16106640954,"Pasture_Minimal use","Pasture","Minimal use","MG1_2006__Zaitsev 1","MG1_2006__Zaitsev 1 ","50.741422,8.458398","soil core","MG1_2006__Zaitsev 1  25",10.5474707490647,38080,38080,1,"Germany","2001","individuals"
0.533845238341371,0,2.62782611863235,1.48949143372394,95.3488372093023,0.0391085669705077,3.81811032270982,1.82433692891882,2.1627744588343,0,0,8.6528647845706,988.449956502127,"Pasture_Minimal use","Pasture","Minimal use","MG1_2006__Zaitsev 1","MG1_2006__Zaitsev 1 ","50.746162,8.464377","soil core","MG1_2006__Zaitsev 1  26",10.0916669188142,24140,24140,1,"Germany","2001","individuals"
0.39726310938893,0,2.34066393252239,1.70651740253312,95.5555555555556,0.0594248410591923,3.60847354748502,1.8459134570664,2.12224937195246,0,0,8.64979066890972,991.233959267498,"Pasture_Minimal use","Pasture","Minimal use","MG1_2006__Zaitsev 1","MG1_2006__Zaitsev 1 ","50.745778,8.460431","soil core","MG1_2006__Zaitsev 1  27",9.21343557688349,10030,10030,1,"Germany","2001","individuals"
0.516414875162916,0,2.27465399943672,1.70331314787228,95.5056179775281,0.0715010513359109,3.47973123924303,1.81957321650834,2.13019290326394,0,0,8.691817311501,989.762095616578,"Pasture_Minimal use","Pasture","Minimal use","MG1_2006__Zaitsev 1","MG1_2006__Zaitsev 1 ","50.744255,8.459901","soil core","MG1_2006__Zaitsev 1  28",8.63248423575097,5610,5610,1,"Germany","2001","individuals"
0.810842804030819,0,2.06965782548049,1.33989796368917,95.7796014067995,0.0736134072173169,3.58124837527841,1.74771979851114,2.15681169048358,0,0,8.74986950948636,984.09532635004,"Pasture_Minimal use","Pasture","Minimal use","MG1_2006__Zaitsev 1","MG1_2006__Zaitsev 1 ","50.742559,8.463296","soil core","MG1_2006__Zaitsev 1  29",7.77527584648686,2380,2380,1,"Germany","2001","individuals"
0.971559097141548,0,2.11356720991892,1.73550149563011,95.1793721973094,0.0813580495796346,3.5400902899484,1.73405033042063,2.15999310712192,0,0,8.76706704688939,983.313028375455,"Pasture_Minimal use","Pasture","Minimal use","MG1_2006__Zaitsev 1","MG1_2006__Zaitsev 1 ","50.74148,8.463217","soil core","MG1_2006__Zaitsev 1  30",8.31409733540581,4080,4080,1,"Germany","2001","individuals"
0.636950966462879,0,2.82777632925247,1.30500954638991,95.2302631578947,0.0302829417827351,3.81682340092749,1.82386017432796,2.17830163079045,0,0,8.65344903369824,988.421966016866,"Pasture_Minimal use","Pasture","Minimal use","MG1_2006__Zaitsev 1","MG1_2006__Zaitsev 1 ","50.746144,8.466955","soil core","MG1_2006__Zaitsev 1  31",7.33367639565768,1530,1530,1,"Germany","2001","individuals"
0.867321494701635,0,2.26913942793432,1.134001710816,95.729537366548,0.0594411344938129,3.62342482361238,1.75221350483589,2.15474962427642,0,0,8.74124156248942,984.215959765635,"Cropland_Minimal use","Cropland","Minimal use","MG1_2006__Zaitsev 1","MG1_2006__Zaitsev 1 ","50.743042,8.465113","soil core","MG1_2006__Zaitsev 1  32",5.83188247728352,340,340,1,"Germany","2001","individuals"
0.740527876054061,0,2.64976092851559,1.96685405257321,94.6428571428571,0.0774161880756707,3.42109635526449,1.79922281450007,2.14103606075716,0,0,8.71786160102753,988.546632509091,"Cropland_Minimal use","Cropland","Minimal use","MG1_2006__Zaitsev 1","MG1_2006__Zaitsev 1 ","50.743233,8.459868","soil core","MG1_2006__Zaitsev 1  33",7.15148546390474,1275,1275,1,"Germany","2001","individuals"
0.822654860955152,0,2.26968953006751,1.92696062828236,94.980694980695,0.0851894876427496,3.37361106287234,1.76722442629538,2.17087944993594,0,0,8.7530204225766,986.483658662777,"Cropland_Minimal use","Cropland","Minimal use","MG1_2006__Zaitsev 1","MG1_2006__Zaitsev 1 ","50.741415,8.460221","soil core","MG1_2006__Zaitsev 1  34",8.39412119382624,4420,4420,1,"Germany","2001","individuals"
3.83813997926287,0,5.20731765260156,2.20719629594873,88.7473460721868,0.0673574330344177,2.58936034956128,2.12442747233388,2.04618751886083,15.2371697515322,0,8.2521219669158,1008.21343355452,"Pasture_Minimal use","Pasture","Minimal use","MG1_2006__Zaitsev 1","MG1_2006__Zaitsev 1 ","50.842823,8.479855","soil core","MG1_2006__Zaitsev 1  35",8.82482493917564,6800,6800,1,"Germany","2001","individuals"
2.67513309792963,0,7.53081619513676,1.8923493836822,87.9017013232514,0.0714675693333776,2.54487221862747,2.11315829208226,2.01544885885861,5.45025963260937,0,8.23989730676391,1009.26580168403,"Pasture_Minimal use","Pasture","Minimal use","MG1_2006__Zaitsev 1","MG1_2006__Zaitsev 1 ","50.84374,8.4836","soil core","MG1_2006__Zaitsev 1  36",9.87204848370075,19380,19380,1,"Germany","2001","individuals"
3.2852208218519,0,6.40625568017864,1.47969466914063,88.8288288288288,0.0679963676859352,2.61972126569913,2.13211812216295,2.09662147162202,4.10779900891714,0,8.26046404588218,1007.49530004987,"Pasture_Minimal use","Pasture","Minimal use","MG1_2006__Zaitsev 1","MG1_2006__Zaitsev 1 ","50.842051,8.483959","soil core","MG1_2006__Zaitsev 1  37",9.7509771933138,17170,17170,1,"Germany","2001","individuals"
2.58434388020724,0,5.39050599508512,2.63666091607455,89.3884892086331,0.0690549933631367,2.48279198572098,2.09743289926397,1.96051466819645,16.1649880179131,0,8.22283958393517,1010.73422727983,"Pasture_Minimal use","Pasture","Minimal use","MG1_2006__Zaitsev 1","MG1_2006__Zaitsev 1 ","50.844839,8.480206","soil core","MG1_2006__Zaitsev 1  38",9.42633845512952,12410,12410,1,"Germany","2001","individuals"
2.87829877112332,0,7.39118932453196,1.84589651972934,87.8846153846154,0.0698779379211256,2.55616849183692,2.11601972357639,2.02413919264894,5.98562898976794,0,8.24299680500613,1008.99897928348,"Pasture_Minimal use","Pasture","Minimal use","MG1_2006__Zaitsev 1","MG1_2006__Zaitsev 1 ","50.843522,8.483377","soil core","MG1_2006__Zaitsev 1  39",9.27902652976463,10710,10710,1,"Germany","2001","individuals"
3.90951307143114,0,5.1750984303294,2.21602815708807,88.6993603411514,0.0680963878557637,2.59312099176371,2.12538007146429,2.05142162185848,15.4399023981027,0,8.2531533153492,1008.12464922774,"Pasture_Minimal use","Pasture","Minimal use","MG1_2006__Zaitsev 1","MG1_2006__Zaitsev 1 ","50.842737,8.479746","soil core","MG1_2006__Zaitsev 1  40",8.74687531957003,6290,6290,1,"Germany","2001","individuals"
2.55993937381951,0,5.68998880310526,2.66556478082171,89.0845070422535,0.069468295086969,2.47887526581625,2.09644076447037,1.95245552299485,14.9197057276054,0,8.22176323901151,1010.82688515988,"Pasture_Minimal use","Pasture","Minimal use","MG1_2006__Zaitsev 1","MG1_2006__Zaitsev 1 ","50.844904,8.480587","soil core","MG1_2006__Zaitsev 1  41",10.6731558626705,43180,43180,1,"Germany","2001","individuals"
3.60998965164925,0,5.03117108587287,2.11152743452089,89.247311827957,0.0667594417683305,2.58512386597701,2.12335433898029,2.04058931532806,15.0293152109888,0,8.25095734281628,1008.31369100708,"Pasture_Minimal use","Pasture","Minimal use","MG1_2006__Zaitsev 1","MG1_2006__Zaitsev 1 ","50.842918,8.479968","soil core","MG1_2006__Zaitsev 1  42",10.5563594640942,38420,38420,1,"Germany","2001","individuals"
4.10148593395731,0,4.82149247960242,2.21147536795288,88.8655462184874,0.0729008369606798,2.61015207901535,2.12969417475637,2.07566794145015,16.4414234557975,0,8.25783313025659,1007.72178419924,"Pasture_Minimal use","Pasture","Minimal use","MG1_2006__Zaitsev 1","MG1_2006__Zaitsev 1 ","50.842317,8.479223","soil core","MG1_2006__Zaitsev 1  43",9.31027620058878,11050,11050,1,"Germany","2001","individuals"
2.99985928305669,0,6.49316369696997,2.03816794624934,88.468809073724,0.0688321408892664,2.53635617464957,2.11100111369326,1.9978039966842,9.70300726329514,0,8.23755667098203,1009.4672968969,"Pasture_Minimal use","Pasture","Minimal use","MG1_2006__Zaitsev 1","MG1_2006__Zaitsev 1 ","50.8439,8.482081","soil core","MG1_2006__Zaitsev 1  44",9.06773940337716,8670,8670,1,"Germany","2001","individuals"
2.78749767512441,0,5.54280424682158,2.12841367438428,89.5412844036697,0.0687348687021656,2.52196977458608,2.10735692968093,1.98182089627122,13.0688940296953,0,8.23360217274097,1009.80772255008,"Pasture_Minimal use","Pasture","Minimal use","MG1_2006__Zaitsev 1","MG1_2006__Zaitsev 1 ","50.844163,8.481017","soil core","MG1_2006__Zaitsev 1  45",7.84424071814181,2550,2550,1,"Germany","2001","individuals"
3.53653726760665,0,5.06559479862813,2.10450604939691,89.2933618843683,0.066648859132566,2.58070907117953,2.12223603804693,2.03506303335032,14.835340558828,0,8.24974362055466,1008.41817510809,"Pasture_Minimal use","Pasture","Minimal use","MG1_2006__Zaitsev 1","MG1_2006__Zaitsev 1 ","50.843015,8.480075","soil core","MG1_2006__Zaitsev 1  46",10.1531172290862,25670,25670,1,"Germany","2001","individuals"
3.0778196792387,0,6.38223443323302,1.99032756691758,88.5496183206107,0.0684910169478922,2.54365903171913,2.11285098265698,2.00350951138623,9.90745054960071,0,8.23956404411285,1009.29449082454,"Cropland_Minimal use","Cropland","Minimal use","MG1_2006__Zaitsev 1","MG1_2006__Zaitsev 1 ","50.843763,8.481986","soil core","MG1_2006__Zaitsev 1  47",5.83188247728352,340,340,1,"Germany","2001","individuals"
3.00325425229054,0,7.3551082330858,1.82732416839543,87.8143133462282,0.0692157191085654,2.56274503291421,2.11768561120252,2.02978783349645,6.18351082544834,0,8.24480485862244,1008.8433317662,"Cropland_Minimal use","Cropland","Minimal use","MG1_2006__Zaitsev 1","MG1_2006__Zaitsev 1 ","50.843391,8.483286","soil core","MG1_2006__Zaitsev 1  48",8.02649693894541,3060,3060,1,"Germany","2001","individuals"
3.4094992822115,0,5.17934405121601,2.09491735033317,89.3162393162393,0.0668934371830007,2.57108258501082,2.11979757624717,2.0237784310254,14.4107831562351,0,8.24709707151191,1008.64600507074,"Cropland_Minimal use","Cropland","Minimal use","MG1_2006__Zaitsev 1","MG1_2006__Zaitsev 1 ","50.84322,8.480299","soil core","MG1_2006__Zaitsev 1  49",9.31027620058878,11050,11050,1,"Germany","2001","individuals"
0,0,2.28114154971839,2.26431299573616,95.4545454545455,0.0479406826534173,2.64217113204276,1.96255550875128,3.09968230359215,0,0,8.74740216122638,1006.46871611219,"Pasture_Minimal use","Pasture","Minimal use","MG1_2006__Zaitsev 1","MG1_2006__Zaitsev 1 ","50.649564,8.421136","soil core","MG1_2006__Zaitsev 1  50",9.04793908261736,8500,8500,1,"Germany","2001","individuals"
0,0,2.82890052599852,1.7882165911186,95.3828828828829,0.0338804727394775,2.25425713116115,1.94725095783472,2.79102529213959,0,0,8.68104719015466,1013.92341358265,"Pasture_Minimal use","Pasture","Minimal use","MG1_2006__Zaitsev 1","MG1_2006__Zaitsev 1 ","50.652435,8.422745","soil core","MG1_2006__Zaitsev 1  51",10.1662748044549,26010,26010,1,"Germany","2001","individuals"
0,0,2.58692109997873,1.8954695083457,95.5176093916756,0.0356228967892389,2.33294176920881,1.95035533933839,2.86142399557076,0,0,8.6945077746352,1012.41117443225,"Pasture_Minimal use","Pasture","Minimal use","MG1_2006__Zaitsev 1","MG1_2006__Zaitsev 1 ","50.651841,8.422142","soil core","MG1_2006__Zaitsev 1  52",10.063094747045,23460,23460,1,"Germany","2001","individuals"
0,0,2.88597937264695,1.62173118488566,95.4922894424674,0.033406163629376,2.20356275060569,1.94525088893638,2.74229277349935,0,0,8.67238089423832,1014.89703489846,"Pasture_Minimal use","Pasture","Minimal use","MG1_2006__Zaitsev 1","MG1_2006__Zaitsev 1 ","50.652823,8.423121","soil core","MG1_2006__Zaitsev 1  53",10.1125727465993,24650,24650,1,"Germany","2001","individuals"
0,0,2.63297176958839,1.8430107631627,95.5240174672489,0.0350709284094246,2.30789801151676,1.9493672763557,2.83972113930626,0,0,8.69022340653739,1012.89250488128,"Pasture_Minimal use","Pasture","Minimal use","MG1_2006__Zaitsev 1","MG1_2006__Zaitsev 1 ","50.652029,8.422339","soil core","MG1_2006__Zaitsev 1  54",9.8453816311291,18870,18870,1,"Germany","2001","individuals"
0,0,2.18690665970605,2.22750775470836,95.5855855855856,0.0422411361753417,2.63848936357959,1.96241025023321,3.09835080032139,0,0,8.74677211122854,1006.53949953729,"Pasture_Minimal use","Pasture","Minimal use","MG1_2006__Zaitsev 1","MG1_2006__Zaitsev 1 ","50.649591,8.422526","soil core","MG1_2006__Zaitsev 1  55",10.0261917925116,22610,22610,1,"Germany","2001","individuals"
0,0,2.45200723007848,2.29107577387409,95.2569169960474,0.0422266932745284,2.53164705138326,1.95819495095725,3.02123528047646,0,0,8.72849710636322,1008.59261824629,"Pasture_Minimal use","Pasture","Minimal use","MG1_2006__Zaitsev 1","MG1_2006__Zaitsev 1 ","50.650373,8.421235","soil core","MG1_2006__Zaitsev 1  56",9.89802264710506,19890,19890,1,"Germany","2001","individuals"
0,0,2.03104320275354,1.70983270965521,96.2591240875912,0.0373531063550842,2.38814395341482,1.95253325670401,2.88511308381936,0,0,8.70394889411106,1011.35050500028,"Pasture_Minimal use","Pasture","Minimal use","MG1_2006__Zaitsev 1","MG1_2006__Zaitsev 1 ","50.65143,8.428315","soil core","MG1_2006__Zaitsev 1  57",8.8495139654864,6970,6970,1,"Germany","2001","individuals"
0,0,1.70419042946722,1.75019398151595,96.5456155890168,0.0478731213880075,2.58206492435387,1.96018411067365,3.06588377974101,0,0,8.73712055056886,1007.62381113707,"Pasture_Minimal use","Pasture","Minimal use","MG1_2006__Zaitsev 1","MG1_2006__Zaitsev 1 ","50.650004,8.426615","soil core","MG1_2006__Zaitsev 1  58",9.00712198946924,8160,8160,1,"Germany","2001","individuals"
0,0,3.00707276646789,1.59898783959271,95.3939393939394,0.0332791066108086,2.18068120639706,1.94434813276467,2.71955293529187,0,0,8.66846904944237,1015.33651394629,"Pasture_Minimal use","Pasture","Minimal use","MG1_2006__Zaitsev 1","MG1_2006__Zaitsev 1 ","50.653,8.423294","soil core","MG1_2006__Zaitsev 1  59",9.98787465579629,21760,21760,1,"Germany","2001","individuals"
0,0,2.75067495639184,1.64747319175631,95.6018518518518,0.0336049496442484,2.22936223927349,1.94626876812362,2.76738108482407,0,0,8.67678876918956,1014.40182898219,"Pasture_Minimal use","Pasture","Minimal use","MG1_2006__Zaitsev 1","MG1_2006__Zaitsev 1 ","50.652625,8.422931","soil core","MG1_2006__Zaitsev 1  60",10.1464729460639,25500,25500,1,"Germany","2001","individuals"
0,0,1.93210933323063,1.56175280085814,96.5061378659112,0.0453311263738842,2.39327884466631,1.95273584594913,2.8992106773455,0,0,8.70482595286559,1011.25197119681,"Pasture_Minimal use","Pasture","Minimal use","MG1_2006__Zaitsev 1","MG1_2006__Zaitsev 1 ","50.651392,8.426415","soil core","MG1_2006__Zaitsev 1  61",9.06773940337716,8670,8670,1,"Germany","2001","individuals"
0,0,2.90776330848304,1.91428031953074,95.1779563719862,0.034398411283525,2.26820348514908,1.94780118980424,2.79242146823672,0,0,8.68343289845758,1013.65538944875,"Pasture_Minimal use","Pasture","Minimal use","MG1_2006__Zaitsev 1","MG1_2006__Zaitsev 1 ","50.652329,8.420946","soil core","MG1_2006__Zaitsev 1  62",9.81798412892219,18360,18360,1,"Germany","2001","individuals"
0,0,2.22461092599346,2.25584665265288,95.5195424213537,0.050530467216108,2.69579997959475,1.96467135253648,3.11963537056124,0,0,8.75657982102871,1005.4376452488,"Pasture_Minimal use","Pasture","Minimal use","MG1_2006__Zaitsev 1","MG1_2006__Zaitsev 1 ","50.64917,8.421087","soil core","MG1_2006__Zaitsev 1  63",9.67915579558511,15980,15980,1,"Germany","2001","individuals"
0,0,3.04278726027554,1.6114680588734,95.3457446808511,0.032534405855952,2.17335474093471,1.94405907832618,2.69827873592957,0,0,8.6672158057216,1015.47731052331,"Pasture_Minimal use","Pasture","Minimal use","MG1_2006__Zaitsev 1","MG1_2006__Zaitsev 1 ","50.653057,8.421289","soil core","MG1_2006__Zaitsev 1  64",9.23024103368252,10200,10200,1,"Germany","2001","individuals"
0,0,2.38657169538368,2.31931065755751,95.2941176470588,0.04547167135036,2.59642916392008,1.96075082967663,3.07184935638468,0,0,8.73957546020822,1007.34801252872,"Pasture_Minimal use","Pasture","Minimal use","MG1_2006__Zaitsev 1","MG1_2006__Zaitsev 1 ","50.649899,8.421176","soil core","MG1_2006__Zaitsev 1  65",9.41254625207551,12240,12240,1,"Germany","2001","individuals"
0,0,2.11881342301841,2.2406171819638,95.6405693950178,0.0471903508106804,2.7723851107979,1.96769290122327,3.1379470034003,0,0,8.7696834767119,1003.96550552366,"Pasture_Minimal use","Pasture","Minimal use","MG1_2006__Zaitsev 1","MG1_2006__Zaitsev 1 ","50.648605,8.422571","soil core","MG1_2006__Zaitsev 1  66",7.33367639565768,1530,1530,1,"Germany","2001","individuals"
0,0,2.11627574852094,2.21517434564103,95.668549905838,0.0545195651553605,2.7904744768841,1.96840658936983,3.14162967374258,0,0,8.77277579422438,1003.61809686436,"Cropland_Minimal use","Cropland","Minimal use","MG1_2006__Zaitsev 1","MG1_2006__Zaitsev 1 ","50.648471,8.421012","soil core","MG1_2006__Zaitsev 1  67",5.14166355650266,170,170,1,"Germany","2001","individuals"
0,0,1.59005101064717,1.73453341629946,96.6754155730534,0.0478865723467309,2.63917123735418,1.96243715251536,3.1070326296769,0,0,8.74688880487892,1006.5263895043,"Cropland_Minimal use","Cropland","Minimal use","MG1_2006__Zaitsev 1","MG1_2006__Zaitsev 1 ","50.649586,8.426725","soil core","MG1_2006__Zaitsev 1  68",7.0825485693553,1190,1190,1,"Germany","2001","individuals"
0,0,1.77492681702234,1.67022277499941,96.5548504079783,0.0472226606443361,2.50534281226731,1.95715715761657,2.99789165496342,0,0,8.72399625405953,1009.09826977083,"Cropland_Minimal use","Cropland","Minimal use","MG1_2006__Zaitsev 1","MG1_2006__Zaitsev 1 ","50.650566,8.426532","soil core","MG1_2006__Zaitsev 1  69",7.43897159239586,1700,1700,1,"Germany","2001","individuals"
0.534369340284627,0,5.42730729026669,3.29282208410163,90.745501285347,0.0451420960826369,1.79381589239719,2.3541070976127,1.85433660851349,0,0,8.07533925374349,1054.41120418254,"Pasture_Minimal use","Pasture","Minimal use","MG1_2006__Zaitsev 1","MG1_2006__Zaitsev 1 ","50.831933,8.407335","soil core","MG1_2006__Zaitsev 1  70",6.52356230614951,680,680,1,"Germany","2001","individuals"
0.377424580438259,0,5.29275666293114,3.26282123802018,91.0669975186104,0.0374082632987317,1.82980310007932,2.35098318113219,1.83606717657859,0,0,8.07533925374349,1054.41120418254,"Pasture_Minimal use","Pasture","Minimal use","MG1_2006__Zaitsev 1","MG1_2006__Zaitsev 1 ","50.832744,8.40605","soil core","MG1_2006__Zaitsev 1  71",10.4490333927803,34510,34510,1,"Germany","2001","individuals"
0.0334946317747907,0,4.27775761011045,1.78630873372452,93.9024390243902,0.0325163057654077,1.9095768674898,2.34405831524853,1.84310825082501,0,0,8.07533925374349,1054.41120418254,"Pasture_Minimal use","Pasture","Minimal use","MG1_2006__Zaitsev 1","MG1_2006__Zaitsev 1 ","50.829391,8.403382","soil core","MG1_2006__Zaitsev 1  72",10.7041653922881,44540,44540,1,"Germany","2001","individuals"
0.876594839141401,0,2.48055565863974,5.3584458324941,91.2844036697248,0.0749937825180866,1.66855564212167,2.36498047694362,1.9052516205128,0,0,8.07533925374349,1054.41120418254,"Pasture_Minimal use","Pasture","Minimal use","MG1_2006__Zaitsev 1","MG1_2006__Zaitsev 1 ","50.837984,8.413329","soil core","MG1_2006__Zaitsev 1  73",10.5294527210131,37400,37400,1,"Germany","2001","individuals"
0.550549274379665,0,5.36128209139292,3.24847397773887,90.8396946564885,0.0471123909445193,1.78653529687319,2.3547390991991,1.85776434851206,0,0,8.07533925374349,1054.41120418254,"Pasture_Minimal use","Pasture","Minimal use","MG1_2006__Zaitsev 1","MG1_2006__Zaitsev 1 ","50.831699,8.407605","soil core","MG1_2006__Zaitsev 1  74",10.7847933875073,48280,48280,1,"Germany","2001","individuals"
0.219475075228353,0,5.7712265592645,2.91515078280995,91.0941475826972,0.025512010366004,1.84928920475938,2.34929166441078,1.84053220261458,0,0,8.07533925374349,1054.41120418254,"Pasture_Minimal use","Pasture","Minimal use","MG1_2006__Zaitsev 1","MG1_2006__Zaitsev 1 ","50.831009,8.405379","soil core","MG1_2006__Zaitsev 1  75",9.7002079011507,16320,16320,1,"Germany","2001","individuals"
0.286312142309687,0,4.6575429440555,3.01313416094663,92.0430107526882,0.0395028158918577,1.85038479485678,2.34919656028402,1.82506101689707,0,0,8.07533925374349,1054.41120418254,"Pasture_Minimal use","Pasture","Minimal use","MG1_2006__Zaitsev 1","MG1_2006__Zaitsev 1 ","50.833563,8.405342","soil core","MG1_2006__Zaitsev 1  76",10.4733647968947,35360,35360,1,"Germany","2001","individuals"
0.390240420972551,0,5.64793865551676,3.09887676107414,90.8629441624365,0.0363195205342324,1.8052794361654,2.35311198975051,1.85056392588969,0,0,8.07533925374349,1054.41120418254,"Pasture_Minimal use","Pasture","Minimal use","MG1_2006__Zaitsev 1","MG1_2006__Zaitsev 1 ","50.830959,8.406917","soil core","MG1_2006__Zaitsev 1  77",9.9480306152868,20910,20910,1,"Germany","2001","individuals"
0.610312242397478,0,5.19291593000776,3.28768091850385,90.9090909090909,0.0501335217483551,1.78426709325248,2.35493599357153,1.85837542304049,0,0,8.07533925374349,1054.41120418254,"Pasture_Minimal use","Pasture","Minimal use","MG1_2006__Zaitsev 1","MG1_2006__Zaitsev 1 ","50.832334,8.40769","soil core","MG1_2006__Zaitsev 1  78",9.78024589567809,17680,17680,1,"Germany","2001","individuals"
0.798559077578302,0,2.16455371321116,4.98848617204546,92.0484010371651,0.081723477941296,1.66248869895935,2.36550712585449,1.92347210930453,0,0,8.07533925374349,1054.41120418254,"Pasture_Minimal use","Pasture","Minimal use","MG1_2006__Zaitsev 1","MG1_2006__Zaitsev 1 ","50.837382,8.4147","soil core","MG1_2006__Zaitsev 1  79",10.1056525854651,24480,24480,1,"Germany","2001","individuals"
0.197164064261806,0,5.64773646089957,2.97122038163963,91.183879093199,0.0237947628368836,1.86635747353592,2.34781003108719,1.83412351005958,0,0,8.07533925374349,1054.41120418254,"Pasture_Minimal use","Pasture","Minimal use","MG1_2006__Zaitsev 1","MG1_2006__Zaitsev 1 ","50.831578,8.404803","soil core","MG1_2006__Zaitsev 1  80",10.5868621364472,39610,39610,1,"Germany","2001","individuals"
0.695567328424853,0,4.02470744062402,3.74533369655959,91.5343915343915,0.0660349440734222,1.76629312448102,2.35649624736396,1.85833822832514,0,0,8.07533925374349,1054.41120418254,"Pasture_Minimal use","Pasture","Minimal use","MG1_2006__Zaitsev 1","MG1_2006__Zaitsev 1 ","50.8358,8.408377","soil core","MG1_2006__Zaitsev 1  81",9.06773940337716,8670,8670,1,"Germany","2001","individuals"
0.13146706943512,0,4.3144195063201,2.64223602960877,92.911877394636,0.032173184450299,1.8963818813085,2.34520372322672,1.81599458264097,0,0,8.07533925374349,1054.41120418254,"Pasture_Minimal use","Pasture","Minimal use","MG1_2006__Zaitsev 1","MG1_2006__Zaitsev 1 ","50.833574,8.403812","soil core","MG1_2006__Zaitsev 1  82",9.56668526145293,14280,14280,1,"Germany","2001","individuals"
0.0455694285520442,0,4.49971047245502,1.76785141212426,93.6868686868687,0.0345783978329825,1.8919092646298,2.34559197454861,1.8352208293694,0,0,8.07533925374349,1054.41120418254,"Pasture_Minimal use","Pasture","Minimal use","MG1_2006__Zaitsev 1","MG1_2006__Zaitsev 1 ","50.828947,8.403958","soil core","MG1_2006__Zaitsev 1  83",10.3722716885021,31960,31960,1,"Germany","2001","individuals"
1.15077486623066,0,4.34190891049879,5.60320663422945,88.9041095890411,0.0679896635029614,1.70466022585958,2.36184637148156,1.90098664562688,0,0,8.07533925374349,1054.41120418254,"Cropland_Minimal use","Cropland","Minimal use","MG1_2006__Zaitsev 1","MG1_2006__Zaitsev 1 ","50.836404,8.411058","soil core","MG1_2006__Zaitsev 1  84",6.2363695902037,510,510,1,"Germany","2001","individuals"
0.178140492549932,0,4.52699623900294,2.80474469137204,92.4901185770751,0.0342773398536286,1.88157786875474,2.34648880483691,1.81796486210368,0,0,8.07533925374349,1054.41120418254,"Cropland_Minimal use","Cropland","Minimal use","MG1_2006__Zaitsev 1","MG1_2006__Zaitsev 1 ","50.833592,8.404298","soil core","MG1_2006__Zaitsev 1  85",8.82482493917564,6800,6800,1,"Germany","2001","individuals"
0.0699906781175128,0,5.48204750208747,2.56861147176717,91.8793503480278,0.0277889406012358,1.91377626228575,2.34369378130838,1.83999152573743,0,0,8.07533925374349,1054.41120418254,"Cropland_Minimal use","Cropland","Minimal use","MG1_2006__Zaitsev 1","MG1_2006__Zaitsev 1 ","50.830357,8.403246","soil core","MG1_2006__Zaitsev 1  86",6.52356230614951,680,680,1,"Germany","2001","individuals"
0,0,0,0,100,0,21.278136656338,1.93429112109885,2.23854858010638,0,0,10.6347900390625,659.124361234717,"Semi-natural vegetation_Minimal use","Semi-natural vegetation","Minimal use","MG1_2007__Woodcock 1","MG1_2007__Woodcock 1 Bick Treatment 7__A","50.813056,-2.991389","suction samplers","MG1_2007__Woodcock 1 Bick Treatment 7__A 7",7.78072088611792,2393,2393,1,"United Kingdom","2003","individuals"
0,0,0,30.5555555555556,69.4444444444444,0.144676939378371,20.5713348388672,2.03442931175232,2.69583926989662,100,0,10.0669189453125,830.611181794666,"Semi-natural vegetation_Minimal use","Semi-natural vegetation","Minimal use","MG1_2007__Woodcock 1","MG1_2007__Woodcock 1 Hey Treatment 7__B","50.810556,-3.927778","suction samplers","MG1_2007__Woodcock 1 Hey Treatment 7__B 14",7.78239033558746,2397,2397,1,"United Kingdom","2003","individuals"
0,0,4.39985389830031,9.61883769048474,85.981308411215,0.0290793093784508,27.3825721740723,1.9428277015686,1.54694079864266,100,0,10.0669189453125,830.611181794666,"Semi-natural vegetation_Minimal use","Semi-natural vegetation","Minimal use","MG1_2007__Woodcock 1","MG1_2007__Woodcock 1 Wyke Treatment 7__C","50.770556,-3.929444","suction samplers","MG1_2007__Woodcock 1 Wyke Treatment 7__C 21",7.46737106691756,1749,1749,1,"United Kingdom","2003","individuals"
0,0,2.28008256673819,12.7551061728651,84.9648112603967,0.574678113042393,37.9445624928555,2.04263393548524,2.95774794089473,77.7509159514622,0,10.5092007811043,699.851983974042,"Semi-natural vegetation_Minimal use","Semi-natural vegetation","Minimal use","MG1_2007__Woodcock 1","MG1_2007__Woodcock 1 South Treatment 7__D","50.961111,-3.048056","suction samplers","MG1_2007__Woodcock 1 South Treatment 7__D 28",7.76853330092603,2364,2364,1,"United Kingdom","2003","individuals"
0,0,0,0,100,0,21.278136656338,1.93429112109885,2.23854858010638,0,0,10.4416112263997,756.364049157128,"Semi-natural vegetation_Minimal use","Semi-natural vegetation","Minimal use","MG1_2007__Woodcock 1","MG1_2007__Woodcock 1 Bick Treatment 7__A","50.813056,-2.991389","suction samplers","MG1_2007__Woodcock 1 Bick Treatment 7__A 35",7.69848278788095,2204,2204,1,"United Kingdom","2004","individuals"
0,0,0,30.5555555555556,69.4444444444444,0.144676939378371,20.5713348388672,2.03442931175232,2.69583926989662,100,0,9.99548492431643,944.850644213147,"Semi-natural vegetation_Minimal use","Semi-natural vegetation","Minimal use","MG1_2007__Woodcock 1","MG1_2007__Woodcock 1 Hey Treatment 7__B","50.810556,-3.927778","suction samplers","MG1_2007__Woodcock 1 Hey Treatment 7__B 42",7.73017479524622,2275,2275,1,"United Kingdom","2004","individuals"
0,0,4.39985389830031,9.61883769048474,85.981308411215,0.0290793093784508,27.3825721740723,1.9428277015686,1.54694079864266,100,0,9.99548492431643,944.850644213147,"Semi-natural vegetation_Minimal use","Semi-natural vegetation","Minimal use","MG1_2007__Woodcock 1","MG1_2007__Woodcock 1 Wyke Treatment 7__C","50.770556,-3.929444","suction samplers","MG1_2007__Woodcock 1 Wyke Treatment 7__C 49",7.66340766489348,2128,2128,1,"United Kingdom","2004","individuals"
0,0,2.28008256673819,12.7551061728651,84.9648112603967,0.574678113042393,37.9445624928555,2.04263393548524,2.95774794089473,77.7509159514622,0,10.3335746150305,825.241758804545,"Semi-natural vegetation_Minimal use","Semi-natural vegetation","Minimal use","MG1_2007__Woodcock 1","MG1_2007__Woodcock 1 South Treatment 7__D","50.961111,-3.048056","suction samplers","MG1_2007__Woodcock 1 South Treatment 7__D 56",7.58731050602262,1972,1972,1,"United Kingdom","2004","individuals"
0,0,0,0,100,0,21.278136656338,1.93429112109885,2.23854858010638,0,0,10.4687006632487,665.884309157263,"Semi-natural vegetation_Minimal use","Semi-natural vegetation","Minimal use","MG1_2007__Woodcock 1","MG1_2007__Woodcock 1 Bick Treatment 7__A","50.813056,-2.991389","suction samplers","MG1_2007__Woodcock 1 Bick Treatment 7__A 63",7.67508185771633,2153,2153,1,"United Kingdom","2005","individuals"
0,0,0,30.5555555555556,69.4444444444444,0.144676939378371,20.5713348388672,2.03442931175232,2.69583926989662,100,0,10.0295730590821,815.27519854717,"Semi-natural vegetation_Minimal use","Semi-natural vegetation","Minimal use","MG1_2007__Woodcock 1","MG1_2007__Woodcock 1 Hey Treatment 7__B","50.810556,-3.927778","suction samplers","MG1_2007__Woodcock 1 Hey Treatment 7__B 70",7.53583046279837,1873,1873,1,"United Kingdom","2005","individuals"
0,0,4.39985389830031,9.61883769048474,85.981308411215,0.0290793093784508,27.3825721740723,1.9428277015686,1.54694079864266,100,0,10.0295730590821,815.27519854717,"Semi-natural vegetation_Minimal use","Semi-natural vegetation","Minimal use","MG1_2007__Woodcock 1","MG1_2007__Woodcock 1 Wyke Treatment 7__C","50.770556,-3.929444","suction samplers","MG1_2007__Woodcock 1 Wyke Treatment 7__C 77",7.64826303090192,2096,2096,1,"United Kingdom","2005","individuals"
0,0,2.28008256673819,12.7551061728651,84.9648112603967,0.574678113042393,37.9445624928555,2.04263393548524,2.95774794089473,77.7509159514622,0,10.3729427801404,704.418492276802,"Semi-natural vegetation_Minimal use","Semi-natural vegetation","Minimal use","MG1_2007__Woodcock 1","MG1_2007__Woodcock 1 South Treatment 7__D","50.961111,-3.048056","suction samplers","MG1_2007__Woodcock 1 South Treatment 7__D 84",7.66199755890189,2125,2125,1,"United Kingdom","2005","individuals"
0,0,0,0,100,0.00696635116187046,1.1708282906344,2.57280306636947,2.34158675370171,100,0,7.82374955403785,1138.88414321519,"Pasture_Minimal use","Pasture","Minimal use","MG1_2009__Dumont 1","MG1_2009__Dumont 1 1__P6","45.253793,2.856574","transect","MG1_2009__Dumont 1 1__P6 1",4.51085950651685,90,90,1,"France","2002","individuals"
0,0,0,0,100,0.00690225964041027,1.09413939437815,2.55745045177945,2.29840900987099,100,0,7.81518402742986,1142.4891461082,"Pasture_Minimal use","Pasture","Minimal use","MG1_2009__Dumont 1","MG1_2009__Dumont 1 1__P1","45.252057,2.857891","transect","MG1_2009__Dumont 1 1__P1 2",4.12713438504509,61,61,1,"France","2002","individuals"
0,0,76.437362491877,23.562637508123,0,0.00571755906659221,1.21213472440616,2.54407178322203,2.35718465074641,100,0,7.85432736411413,1145.08554864258,"Pasture_Minimal use","Pasture","Minimal use","MG1_2009__Dumont 1","MG1_2009__Dumont 1 1__P8","45.254365,2.853348","transect","MG1_2009__Dumont 1 1__P8 3",3.8286413964891,45,45,1,"France","2002","individuals"
0,0,88.0148893020382,11.9851106979618,0,0.00354041298417339,1.15266332016676,2.46844427438698,2.2228544029527,100,0,7.84772364308242,1164.54373704419,"Pasture_Light use","Pasture","Light use","MG1_2009__Dumont 1","MG1_2009__Dumont 1 2__P10","45.251553,2.85045","transect","MG1_2009__Dumont 1 2__P10 4",5.06890420222023,158,158,1,"France","2002","individuals"
0,0,86.7215277905967,13.2784722094033,0,0.00314479561023124,1.20152987576797,2.46202219834731,2.22144671444695,100,0,7.87219410252476,1165.36279360064,"Pasture_Light use","Pasture","Light use","MG1_2009__Dumont 1","MG1_2009__Dumont 1 2__P11","45.252586,2.84865","transect","MG1_2009__Dumont 1 2__P11 5",5.11198778835654,165,165,1,"France","2002","individuals"
0,0,85.6685520501892,14.3314479498108,0,0.00429288164453478,1.103217852056,2.47848706505145,2.21659411568145,100,0,7.83147397988934,1162.28138004109,"Pasture_Light use","Pasture","Light use","MG1_2009__Dumont 1","MG1_2009__Dumont 1 2__P4","45.250745,2.852414","transect","MG1_2009__Dumont 1 2__P4 6",5.54517744447956,255,255,1,"France","2002","individuals"
0,0,76.7279393038568,23.2720606961432,0,0.00603419726096013,1.15084567852406,2.5373618984294,2.31643422828785,100,0,7.8351792254475,1147.23739470347,"Pasture_Intense use","Pasture","Intense use","MG1_2009__Dumont 1","MG1_2009__Dumont 1 3__P5","45.252845,2.854715","transect","MG1_2009__Dumont 1 3__P5 7",4.91998092582813,136,136,1,"France","2002","individuals"
0,0,70.749502928578,29.2504970714219,0,0.00671388381830173,1.23338507827929,2.5796618166467,2.37715677845474,100,0,7.83997524308202,1136.88351043593,"Pasture_Intense use","Pasture","Intense use","MG1_2009__Dumont 1","MG1_2009__Dumont 1 3__P7","45.255384,2.855117","transect","MG1_2009__Dumont 1 3__P7 8",2.77258872223978,15,15,1,"France","2002","individuals"
0,0,80.7259906706308,19.2740093293692,0,0.00425871906446545,1.2404648984842,2.49502905209095,2.29085135506065,100,0,7.89140611241379,1156.06183162774,"Pasture_Intense use","Pasture","Intense use","MG1_2009__Dumont 1","MG1_2009__Dumont 1 3__P9","45.254342,2.849435","transect","MG1_2009__Dumont 1 3__P9 9",5.14749447681345,171,171,1,"France","2002","individuals"
0,0,0,0,100,0.00696635116187046,1.1708282906344,2.57280306636947,2.34158675370171,100,0,8.38124371212763,1022.61432445367,"Pasture_Intense use","Pasture","Intense use","MG1_2009__Dumont 1","MG1_2009__Dumont 1 1__P6","45.253793,2.856574","transect","MG1_2009__Dumont 1 1__P6 10",3.87120101090789,47,47,1,"France","2003","individuals"
0,0,0,0,100,0.00690225964041027,1.09413939437815,2.55745045177945,2.29840900987099,100,0,8.37140595533829,1026.67203325235,"Pasture_Minimal use","Pasture","Minimal use","MG1_2009__Dumont 1","MG1_2009__Dumont 1 1__P1","45.252057,2.857891","transect","MG1_2009__Dumont 1 1__P1 11",3.97029191355212,52,52,1,"France","2003","individuals"
0,0,76.437362491877,23.562637508123,0,0.00571755906659221,1.21213472440616,2.54407178322203,2.35718465074641,100,0,8.41776168570453,1026.4485994629,"Pasture_Light use","Pasture","Light use","MG1_2009__Dumont 1","MG1_2009__Dumont 1 1__P8","45.254365,2.853348","transect","MG1_2009__Dumont 1 1__P8 12",4.48863636973214,88,88,1,"France","2003","individuals"
0,0,88.0148893020382,11.9851106979618,0,0.00354041298417339,1.15266332016676,2.46844427438698,2.2228544029527,100,0,8.4136951352113,1042.96155417387,"Pasture_Minimal use","Pasture","Minimal use","MG1_2009__Dumont 1","MG1_2009__Dumont 1 2__P10","45.251553,2.85045","transect","MG1_2009__Dumont 1 2__P10 13",5.29330482472449,198,198,1,"France","2003","individuals"
0,0,86.7215277905967,13.2784722094033,0,0.00314479561023124,1.20152987576797,2.46202219834731,2.22144671444695,100,0,8.44222325276354,1042.50019064501,"Pasture_Light use","Pasture","Light use","MG1_2009__Dumont 1","MG1_2009__Dumont 1 2__P11","45.252586,2.84865","transect","MG1_2009__Dumont 1 2__P11 14",5.18738580584075,178,178,1,"France","2003","individuals"
0,0,85.6685520501892,14.3314479498108,0,0.00429288164453478,1.103217852056,2.47848706505145,2.21659411568145,100,0,8.39419625789192,1042.10981452267,"Pasture_Intense use","Pasture","Intense use","MG1_2009__Dumont 1","MG1_2009__Dumont 1 2__P4","45.250745,2.852414","transect","MG1_2009__Dumont 1 2__P4 15",5.16478597392351,174,174,1,"France","2003","individuals"
0,0,76.7279393038568,23.2720606961432,0,0.00603419726096013,1.15084567852406,2.5373618984294,2.31643422828785,100,0,8.39576789816838,1029.34911194501,"Pasture_Intense use","Pasture","Intense use","MG1_2009__Dumont 1","MG1_2009__Dumont 1 3__P5","45.252845,2.854715","transect","MG1_2009__Dumont 1 3__P5 16",4.60517018598809,99,99,1,"France","2003","individuals"
0,0,70.749502928578,29.2504970714219,0,0.00671388381830173,1.23338507827929,2.5796618166467,2.37715677845474,100,0,8.39996310143003,1019.87667948626,"Pasture_Light use","Pasture","Light use","MG1_2009__Dumont 1","MG1_2009__Dumont 1 3__P7","45.255384,2.855117","transect","MG1_2009__Dumont 1 3__P7 17",3.3322045101752,27,27,1,"France","2003","individuals"
0,0,80.7259906706308,19.2740093293692,0,0.00425871906446545,1.2404648984842,2.49502905209095,2.29085135506065,100,0,8.46252733938221,1034.15361184371,"Pasture_Minimal use","Pasture","Minimal use","MG1_2009__Dumont 1","MG1_2009__Dumont 1 3__P9","45.254342,2.849435","transect","MG1_2009__Dumont 1 3__P9 18",5.08140436498446,160,160,1,"France","2003","individuals"
0,0,0,0,100,0.00696635116187046,1.1708282906344,2.57280306636947,2.34158675370171,100,0,7.15393334950726,1172.33079314266,"Pasture_Minimal use","Pasture","Minimal use","MG1_2009__Dumont 1","MG1_2009__Dumont 1 1__P6","45.253793,2.856574","transect","MG1_2009__Dumont 1 1__P6 19",5.4510384535657,232,232,1,"France","2004","individuals"
0,0,0,0,100,0.00690225964041027,1.09413939437815,2.55745045177945,2.29840900987099,100,0,7.14973312464122,1174.27026477451,"Pasture_Minimal use","Pasture","Minimal use","MG1_2009__Dumont 1","MG1_2009__Dumont 1 1__P1","45.252057,2.857891","transect","MG1_2009__Dumont 1 1__P1 20",5.22035582507832,184,184,1,"France","2004","individuals"
0,0,76.437362491877,23.562637508123,0,0.00571755906659221,1.21213472440616,2.54407178322203,2.35718465074641,100,0,7.18560904920925,1178.22436970558,"Pasture_Minimal use","Pasture","Minimal use","MG1_2009__Dumont 1","MG1_2009__Dumont 1 1__P8","45.254365,2.853348","transect","MG1_2009__Dumont 1 1__P8 21",4.8283137373023,124,124,1,"France","2004","individuals"
0,0,88.0148893020382,11.9851106979618,0,0.00354041298417339,1.15266332016676,2.46844427438698,2.2228544029527,100,0,7.19066281627768,1193.43333015776,"Pasture_Light use","Pasture","Light use","MG1_2009__Dumont 1","MG1_2009__Dumont 1 2__P10","45.251553,2.85045","transect","MG1_2009__Dumont 1 2__P10 22",5.64190707093811,281,281,1,"France","2004","individuals"
0,0,86.7215277905967,13.2784722094033,0,0.00314479561023124,1.20152987576797,2.46202219834731,2.22144671444695,100,0,7.21346350079341,1194.93688244378,"Pasture_Light use","Pasture","Light use","MG1_2009__Dumont 1","MG1_2009__Dumont 1 2__P11","45.252586,2.84865","transect","MG1_2009__Dumont 1 2__P11 23",5.80211837537706,330,330,1,"France","2004","individuals"
0,0,85.6685520501892,14.3314479498108,0,0.00429288164453478,1.103217852056,2.47848706505145,2.21659411568145,100,0,7.17519514464605,1190.81217518921,"Pasture_Light use","Pasture","Light use","MG1_2009__Dumont 1","MG1_2009__Dumont 1 2__P4","45.250745,2.852414","transect","MG1_2009__Dumont 1 2__P4 24",5.48893772615669,241,241,1,"France","2004","individuals"
0,0,76.7279393038568,23.2720606961432,0,0.00603419726096013,1.15084567852406,2.5373618984294,2.31643422828785,100,0,7.16986826616827,1179.060851588,"Pasture_Intense use","Pasture","Intense use","MG1_2009__Dumont 1","MG1_2009__Dumont 1 3__P5","45.252845,2.854715","transect","MG1_2009__Dumont 1 3__P5 25",5.08140436498446,160,160,1,"France","2004","individuals"
0,0,70.749502928578,29.2504970714219,0,0.00671388381830173,1.23338507827929,2.5796618166467,2.37715677845474,100,0,7.16685506151505,1171.60692483091,"Pasture_Intense use","Pasture","Intense use","MG1_2009__Dumont 1","MG1_2009__Dumont 1 3__P7","45.255384,2.855117","transect","MG1_2009__Dumont 1 3__P7 26",4.72738781871234,112,112,1,"France","2004","individuals"
0,0,80.7259906706308,19.2740093293692,0,0.00425871906446545,1.2404648984842,2.49502905209095,2.29085135506065,100,0,7.22641033413258,1187.94534122595,"Pasture_Intense use","Pasture","Intense use","MG1_2009__Dumont 1","MG1_2009__Dumont 1 3__P9","45.254342,2.849435","transect","MG1_2009__Dumont 1 3__P9 27",5.5834963087817,265,265,1,"France","2004","individuals"
0,50.5846013011026,49.4153986988974,0,0,0,6.31225442886352,0.111457906663418,1.94391829556828,0,0,7.08166910807296,1575.30505210161,"Pasture_Intense use","Pasture","Intense use","MG1_2012__Littlewood 1","MG1_2012__Littlewood 1 Block A","56.263343,-4.378583","suction samplers","MG1_2012__Littlewood 1 Block A 1",1.94591014905531,6,6,1,"United Kingdom","2007","individuals"
0,50.659026494875,49.3409735051251,0,0,0,6.31225442886353,0.111457906663418,1.96483605871629,0,0,7.08166910807296,1575.30505210161,"Pasture_Intense use","Pasture","Intense use","MG1_2012__Littlewood 1","MG1_2012__Littlewood 1 Block A","56.263596,-4.379906","suction samplers","MG1_2012__Littlewood 1 Block A 2",2.30258509299405,9,9,1,"United Kingdom","2007","individuals"
0,50.6886810181202,49.3113189818798,0,0,0,6.31225442886353,0.111457906663418,1.95725759999557,0,0,7.08166910807296,1575.30505210161,"Pasture_Intense use","Pasture","Intense use","MG1_2012__Littlewood 1","MG1_2012__Littlewood 1 Block A","56.263344,-4.379439","suction samplers","MG1_2012__Littlewood 1 Block A 3",2.70805020110221,14,14,1,"United Kingdom","2007","individuals"
0,50.8179626396042,49.1820373603958,0,0,0,6.31225442886352,0.111457906663418,1.95621606332223,0,0,7.08166910807296,1575.30505210161,"Pasture_Intense use","Pasture","Intense use","MG1_2012__Littlewood 1","MG1_2012__Littlewood 1 Block A","56.262947,-4.379511","suction samplers","MG1_2012__Littlewood 1 Block A 4",1.38629436111989,3,3,1,"United Kingdom","2007","individuals"
0,50.6646709466367,49.3353290533633,0,0,0,6.31225442886353,0.111457906663418,1.92602047298117,0,0,7.08166910807296,1575.30505210161,"Pasture_Light use","Pasture","Light use","MG1_2012__Littlewood 1","MG1_2012__Littlewood 1 Block A","56.268914,-4.377685","suction samplers","MG1_2012__Littlewood 1 Block A 5",2.89037175789616,17,17,1,"United Kingdom","2007","individuals"
0,50.7565153062388,49.2434846937612,0,0,0,6.31225442886353,0.111457906663418,1.92847662759025,0,0,7.08166910807296,1575.30505210161,"Pasture_Light use","Pasture","Light use","MG1_2012__Littlewood 1","MG1_2012__Littlewood 1 Block A","56.26896,-4.377155","suction samplers","MG1_2012__Littlewood 1 Block A 6",1.94591014905531,6,6,1,"United Kingdom","2007","individuals"
0,50.5432611923981,49.4567388076019,0,0,0,6.31225442886353,0.111457906663418,1.93336439716944,0,0,7.08166910807296,1575.30505210161,"Pasture_Light use","Pasture","Light use","MG1_2012__Littlewood 1","MG1_2012__Littlewood 1 Block A","56.268647,-4.377087","suction samplers","MG1_2012__Littlewood 1 Block A 7",2.30258509299405,9,9,1,"United Kingdom","2007","individuals"
0,50.2191278317386,49.7808721682614,0,0,0,6.31225442886353,0.111457906663418,1.93403020780853,0,0,7.08166910807296,1575.30505210161,"Pasture_Light use","Pasture","Light use","MG1_2012__Littlewood 1","MG1_2012__Littlewood 1 Block A","56.268225,-4.378482","suction samplers","MG1_2012__Littlewood 1 Block A 8",0.693147180559945,1,1,1,"United Kingdom","2007","individuals"
0,50.3542230731897,49.6457769268103,0,0,0,6.31225442886352,0.111457906663418,1.93730565754298,0,0,7.08166910807296,1575.30505210161,"Pasture_Light use","Pasture","Light use","MG1_2012__Littlewood 1","MG1_2012__Littlewood 1 Block A","56.268404,-4.376668","suction samplers","MG1_2012__Littlewood 1 Block A 9",2.99573227355399,19,19,1,"United Kingdom","2007","individuals"
0,49.8832785531427,50.1167214468573,0,0,0,6.31225442886353,0.111457906663418,1.94436790765628,0,0,7.08166910807296,1575.30505210161,"Pasture_Light use","Pasture","Light use","MG1_2012__Littlewood 1","MG1_2012__Littlewood 1 Block A","56.267145,-4.376703","suction samplers","MG1_2012__Littlewood 1 Block A 10",2.07944154167984,7,7,1,"United Kingdom","2007","individuals"
0,50.0929286497949,49.9070713502051,0,0,0,6.31225442886353,0.111457906663418,1.94210485592486,0,0,7.08166910807296,1575.30505210161,"Pasture_Light use","Pasture","Light use","MG1_2012__Littlewood 1","MG1_2012__Littlewood 1 Block A","56.267623,-4.378477","suction samplers","MG1_2012__Littlewood 1 Block A 11",1.79175946922805,5,5,1,"United Kingdom","2007","individuals"
0,49.9624138811694,50.0375861188305,0,0,0,6.31225442886353,0.111457906663418,1.9456399051491,0,0,7.08166910807296,1575.30505210161,"Pasture_Light use","Pasture","Light use","MG1_2012__Littlewood 1","MG1_2012__Littlewood 1 Block A","56.266938,-4.377142","suction samplers","MG1_2012__Littlewood 1 Block A 12",1.94591014905531,6,6,1,"United Kingdom","2007","individuals"
0,50.0965066580638,49.9034933419362,0,0,0,6.31225442886352,0.111457906663418,1.94668349466513,0,0,7.08166910807296,1575.30505210161,"Pasture_Light use","Pasture","Light use","MG1_2012__Littlewood 1","MG1_2012__Littlewood 1 Block A","56.267098,-4.378218","suction samplers","MG1_2012__Littlewood 1 Block A 13",2.07944154167984,7,7,1,"United Kingdom","2007","individuals"
0,50.1838667975648,49.8161332024352,0,0,0,6.31225442886353,0.111457906663418,1.94906533727121,0,0,7.08166910807296,1575.30505210161,"Pasture_Light use","Pasture","Light use","MG1_2012__Littlewood 1","MG1_2012__Littlewood 1 Block A","56.26657,-4.378056","suction samplers","MG1_2012__Littlewood 1 Block A 14",0,0,0,1,"United Kingdom","2007","individuals"
0,50.6128454503414,49.3871545496586,0,0,0,6.31225442886353,0.111457906663418,1.95404889096508,0,0,7.08166910807296,1575.30505210161,"Pasture_Minimal use","Pasture","Minimal use","MG1_2012__Littlewood 1","MG1_2012__Littlewood 1 Block A","56.265552,-4.378655","suction samplers","MG1_2012__Littlewood 1 Block A 15",0,0,0,1,"United Kingdom","2007","individuals"
0,50.5424266795829,49.4575733204171,0,0,0,6.31225442886352,0.111457906663418,1.95961838221371,0,0,7.08166910807296,1575.30505210161,"Pasture_Minimal use","Pasture","Minimal use","MG1_2012__Littlewood 1","MG1_2012__Littlewood 1 Block A","56.265473,-4.379506","suction samplers","MG1_2012__Littlewood 1 Block A 16",1.79175946922805,5,5,1,"United Kingdom","2007","individuals"
0,50.3755813250799,49.6244186749201,0,0,0,6.31225442886353,0.111457906663418,1.96430144104537,0,0,7.08166910807296,1575.30505210161,"Pasture_Minimal use","Pasture","Minimal use","MG1_2012__Littlewood 1","MG1_2012__Littlewood 1 Block A","56.265229,-4.380056","suction samplers","MG1_2012__Littlewood 1 Block A 17",2.484906649788,11,11,1,"United Kingdom","2007","individuals"
0,50.5145110876698,49.4854889123302,0,0,0,6.31225442886352,0.111457906663418,1.96235826380888,0,0,7.08166910807296,1575.30505210161,"Pasture_Minimal use","Pasture","Minimal use","MG1_2012__Littlewood 1","MG1_2012__Littlewood 1 Block A","56.265056,-4.379706","suction samplers","MG1_2012__Littlewood 1 Block A 18",3.46573590279973,31,31,1,"United Kingdom","2007","individuals"
0,50.2945851974021,49.7054148025979,0,0,0,6.31225442886353,0.111457906663418,1.97293749862335,0,0,7.08166910807296,1575.30505210161,"Pasture_Minimal use","Pasture","Minimal use","MG1_2012__Littlewood 1","MG1_2012__Littlewood 1 Block A","56.264461,-4.380703","suction samplers","MG1_2012__Littlewood 1 Block A 19",3.43398720448515,30,30,1,"United Kingdom","2007","individuals"
0,49.8946807482396,50.1053192517604,0,0,0,6.31225442886353,0.111457906663418,1.9193111660951,0,0,7.08166910807296,1575.30505210161,"Pasture_Intense use","Pasture","Intense use","MG1_2012__Littlewood 1","MG1_2012__Littlewood 1 Block B","56.26457,-4.375978","suction samplers","MG1_2012__Littlewood 1 Block B 20",1.09861228866811,2,2,1,"United Kingdom","2007","individuals"
0,50.3209945747135,49.6790054252865,0,0,0,6.31225442886353,0.111457906663418,1.93183943553732,0,0,7.08166910807296,1575.30505210161,"Pasture_Intense use","Pasture","Intense use","MG1_2012__Littlewood 1","MG1_2012__Littlewood 1 Block B","56.264333,-4.37711","suction samplers","MG1_2012__Littlewood 1 Block B 21",1.94591014905531,6,6,1,"United Kingdom","2007","individuals"
0,50.2446657512364,49.7553342487636,0,0,0,6.31225442886352,0.111457906663418,1.92327995100593,0,0,7.08166910807296,1575.30505210161,"Pasture_Intense use","Pasture","Intense use","MG1_2012__Littlewood 1","MG1_2012__Littlewood 1 Block B","56.264125,-4.376693","suction samplers","MG1_2012__Littlewood 1 Block B 22",1.6094379124341,4,4,1,"United Kingdom","2007","individuals"
0,50.5797547274833,49.4202452725167,0,0,0,6.31225442886353,0.111457906663418,1.95436782605647,0,0,7.08166910807296,1575.30505210161,"Pasture_Intense use","Pasture","Intense use","MG1_2012__Littlewood 1","MG1_2012__Littlewood 1 Block B","56.264759,-4.378784","suction samplers","MG1_2012__Littlewood 1 Block B 23",2.63905732961526,13,13,1,"United Kingdom","2007","individuals"
0,50.4583577341294,49.5416422658706,0,0,0,6.31225442886353,0.111457906663418,1.9283398194528,0,0,7.08166910807296,1575.30505210161,"Pasture_Intense use","Pasture","Intense use","MG1_2012__Littlewood 1","MG1_2012__Littlewood 1 Block B","56.263625,-4.377437","suction samplers","MG1_2012__Littlewood 1 Block B 24",0.693147180559945,1,1,1,"United Kingdom","2007","individuals"
0,51.8070755237731,48.1929244762269,0,0,0,6.31225442886353,0.111457906663418,1.92348747208638,0,0,7.08166910807296,1575.30505210161,"Pasture_Light use","Pasture","Light use","MG1_2012__Littlewood 1","MG1_2012__Littlewood 1 Block B","56.270087,-4.375561","suction samplers","MG1_2012__Littlewood 1 Block B 25",2.30258509299405,9,9,1,"United Kingdom","2007","individuals"
0,51.2762594283641,48.7237405716359,0,0,0,6.31225442886353,0.111457906663418,1.93678772760685,0,0,7.08166910807296,1575.30505210161,"Pasture_Light use","Pasture","Light use","MG1_2012__Littlewood 1","MG1_2012__Littlewood 1 Block B","56.269396,-4.375066","suction samplers","MG1_2012__Littlewood 1 Block B 26",2.89037175789616,17,17,1,"United Kingdom","2007","individuals"
0,50.6201137506998,49.3798862493002,0,0,0,6.31225442886353,0.111457906663418,1.9395740244851,0,0,7.08166910807296,1575.30505210161,"Pasture_Light use","Pasture","Light use","MG1_2012__Littlewood 1","MG1_2012__Littlewood 1 Block B","56.268677,-4.375554","suction samplers","MG1_2012__Littlewood 1 Block B 27",2.30258509299405,9,9,1,"United Kingdom","2007","individuals"
0,50.6475011884772,49.3524988115228,0,0,0,6.31225442886353,0.111457906663418,1.94152676862298,0,0,7.08166910807296,1575.30505210161,"Pasture_Light use","Pasture","Light use","MG1_2012__Littlewood 1","MG1_2012__Littlewood 1 Block B","56.268686,-4.375054","suction samplers","MG1_2012__Littlewood 1 Block B 28",2.39789527279837,10,10,1,"United Kingdom","2007","individuals"
0,50.5167482082256,49.4832517917744,0,0,0,6.31225442886353,0.111457906663418,1.94569022681044,0,0,7.08166910807296,1575.30505210161,"Pasture_Light use","Pasture","Light use","MG1_2012__Littlewood 1","MG1_2012__Littlewood 1 Block B","56.268708,-4.373941","suction samplers","MG1_2012__Littlewood 1 Block B 29",2.19722457733622,8,8,1,"United Kingdom","2007","individuals"
0,49.5770568296485,50.4229431703515,0,0,0,6.31225442886353,0.111457906663418,1.93245244556348,0,0,7.08166910807296,1575.30505210161,"Pasture_Light use","Pasture","Light use","MG1_2012__Littlewood 1","MG1_2012__Littlewood 1 Block B","56.266555,-4.374664","suction samplers","MG1_2012__Littlewood 1 Block B 30",2.484906649788,11,11,1,"United Kingdom","2007","individuals"
0,49.6039729753478,50.3960270246522,0,0,0,6.31225442886353,0.111457906663418,1.93636914517748,0,0,7.08166910807296,1575.30505210161,"Pasture_Light use","Pasture","Light use","MG1_2012__Littlewood 1","MG1_2012__Littlewood 1 Block B","56.266506,-4.375323","suction samplers","MG1_2012__Littlewood 1 Block B 31",2.83321334405622,16,16,1,"United Kingdom","2007","individuals"
0,49.656203124268,50.343796875732,0,0,0,6.31225442886353,0.111457906663418,1.93614457076213,0,0,7.08166910807296,1575.30505210161,"Pasture_Light use","Pasture","Light use","MG1_2012__Littlewood 1","MG1_2012__Littlewood 1 Block B","56.265991,-4.375937","suction samplers","MG1_2012__Littlewood 1 Block B 32",2.484906649788,11,11,1,"United Kingdom","2007","individuals"
0,49.9752730028208,50.0247269971792,0,0,0,6.31225442886353,0.111457906663418,1.9419413702502,0,0,7.08166910807296,1575.30505210161,"Pasture_Light use","Pasture","Light use","MG1_2012__Littlewood 1","MG1_2012__Littlewood 1 Block B","56.265939,-4.376757","suction samplers","MG1_2012__Littlewood 1 Block B 33",2.94443897916644,18,18,1,"United Kingdom","2007","individuals"
0,49.5173126743205,50.4826873256795,0,0,0,6.31225442886353,0.111457906663418,1.91793811735897,0,0,7.08166910807296,1575.30505210161,"Pasture_Light use","Pasture","Light use","MG1_2012__Littlewood 1","MG1_2012__Littlewood 1 Block B","56.265115,-4.375237","suction samplers","MG1_2012__Littlewood 1 Block B 34",2.484906649788,11,11,1,"United Kingdom","2007","individuals"
0,50.3801412415856,49.6198587584144,0,0,0,6.31225442886353,0.111457906663418,1.94338900829791,0,0,7.08166910807296,1575.30505210161,"Pasture_Minimal use","Pasture","Minimal use","MG1_2012__Littlewood 1","MG1_2012__Littlewood 1 Block B","56.268391,-4.374503","suction samplers","MG1_2012__Littlewood 1 Block B 35",3.04452243772342,20,20,1,"United Kingdom","2007","individuals"
0,50.3240629210165,49.6759370789835,0,0,0,6.31225442886353,0.111457906663418,1.94464843307079,0,0,7.08166910807296,1575.30505210161,"Pasture_Minimal use","Pasture","Minimal use","MG1_2012__Littlewood 1","MG1_2012__Littlewood 1 Block B","56.268402,-4.373954","suction samplers","MG1_2012__Littlewood 1 Block B 36",3.04452243772342,20,20,1,"United Kingdom","2007","individuals"
0,50.1488826699888,49.8511173300113,0,0,0,6.31225442886352,0.111457906663418,1.94173038008079,0,0,7.08166910807296,1575.30505210161,"Pasture_Minimal use","Pasture","Minimal use","MG1_2012__Littlewood 1","MG1_2012__Littlewood 1 Block B","56.267966,-4.375607","suction samplers","MG1_2012__Littlewood 1 Block B 37",3.40119738166216,29,29,1,"United Kingdom","2007","individuals"
0,49.7692951459066,50.2307048540934,0,0,0,6.31225442886353,0.111457906663418,1.94044305707408,0,0,7.08166910807296,1575.30505210161,"Pasture_Minimal use","Pasture","Minimal use","MG1_2012__Littlewood 1","MG1_2012__Littlewood 1 Block B","56.26721,-4.375156","suction samplers","MG1_2012__Littlewood 1 Block B 38",3.63758615972639,37,37,1,"United Kingdom","2007","individuals"
0,49.755523367413,50.244476632587,0,0,0,6.31225442886353,0.111457906663418,1.93852648664934,0,0,7.08166910807296,1575.30505210161,"Pasture_Minimal use","Pasture","Minimal use","MG1_2012__Littlewood 1","MG1_2012__Littlewood 1 Block B","56.267221,-4.374624","suction samplers","MG1_2012__Littlewood 1 Block B 39",3.55534806148941,34,34,1,"United Kingdom","2007","individuals"
0,54.4346599750573,45.5653400249427,0,0,0,1.84138529094596,0.0789164340199117,1.84889740121886,0,0,6.99876244396548,1633.50951518538,"Pasture_Intense use","Pasture","Intense use","MG1_2012__Littlewood 1","MG1_2012__Littlewood 1 Block C","56.277327,-4.452262","suction samplers","MG1_2012__Littlewood 1 Block C 40",2.07944154167984,7,7,1,"United Kingdom","2007","individuals"
0,54.2596675240747,45.7403324759253,0,0,0,1.81466360766215,0.0827593499421002,1.83591694852978,0,0,7.00438928791639,1629.55920027952,"Pasture_Intense use","Pasture","Intense use","MG1_2012__Littlewood 1","MG1_2012__Littlewood 1 Block C","56.276781,-4.451242","suction samplers","MG1_2012__Littlewood 1 Block C 41",1.09861228866811,2,2,1,"United Kingdom","2007","individuals"
0,54.0919779744221,45.9080220255779,0,0,0,1.79469201250531,0.0856315178442756,1.82862361274675,0,0,7.0085961837092,1626.60575722996,"Pasture_Intense use","Pasture","Intense use","MG1_2012__Littlewood 1","MG1_2012__Littlewood 1 Block C","56.276536,-4.450483","suction samplers","MG1_2012__Littlewood 1 Block C 42",1.94591014905531,6,6,1,"United Kingdom","2007","individuals"
0,54.0732399855007,45.9267600144993,0,0,0,1.8005150760238,0.0847940876840948,1.82433663612097,0,0,7.00737046048161,1627.4662738497,"Pasture_Intense use","Pasture","Intense use","MG1_2012__Littlewood 1","MG1_2012__Littlewood 1 Block C","56.276199,-4.450704","suction samplers","MG1_2012__Littlewood 1 Block C 43",1.6094379124341,4,4,1,"United Kingdom","2007","individuals"
0,55.3872650838396,44.6127349161604,0,0,0,1.83162373034915,0.0803202698578305,1.96883681662289,0,0,7.00081583835023,1632.06793363158,"Pasture_Light use","Pasture","Light use","MG1_2012__Littlewood 1","MG1_2012__Littlewood 1 Block C","56.281343,-4.451889","suction samplers","MG1_2012__Littlewood 1 Block C 44",0.693147180559945,1,1,1,"United Kingdom","2007","individuals"
0,55.1875078485643,44.8124921514357,0,0,0,1.8326451005939,0.0801733839025783,1.95290535112023,0,0,7.0006008092204,1632.21889441602,"Pasture_Light use","Pasture","Light use","MG1_2012__Littlewood 1","MG1_2012__Littlewood 1 Block C","56.280938,-4.451928","suction samplers","MG1_2012__Littlewood 1 Block C 45",0.693147180559945,1,1,1,"United Kingdom","2007","individuals"
0,55.0231825414189,44.9768174585811,0,0,0,1.82156240787039,0.0817672152445232,1.94563265240196,0,0,7.00293558838137,1630.57976722466,"Pasture_Light use","Pasture","Light use","MG1_2012__Littlewood 1","MG1_2012__Littlewood 1 Block C","56.280901,-4.451505","suction samplers","MG1_2012__Littlewood 1 Block C 46",2.19722457733622,8,8,1,"United Kingdom","2007","individuals"
0,54.6843945450973,45.3156054549027,0,0,0,1.82355623692355,0.0814804774168908,1.91506872410149,0,0,7.00251545697669,1630.87471966422,"Pasture_Light use","Pasture","Light use","MG1_2012__Littlewood 1","MG1_2012__Littlewood 1 Block C","56.280064,-4.451581","suction samplers","MG1_2012__Littlewood 1 Block C 47",2.39789527279837,10,10,1,"United Kingdom","2007","individuals"
0,54.7302485601913,45.2697514398087,0,0,0,1.84830178568056,0.0779217546257248,1.91126021984614,0,0,6.99730981933,1634.52932749939,"Pasture_Light use","Pasture","Light use","MG1_2012__Littlewood 1","MG1_2012__Littlewood 1 Block C","56.279704,-4.452527","suction samplers","MG1_2012__Littlewood 1 Block C 48",2.30258509299405,9,9,1,"United Kingdom","2007","individuals"
0,54.136577188771,45.863422811229,0,0,0,1.82497682649535,0.0812761786747248,1.81706400323225,0,0,7.00221612627891,1631.08486420129,"Pasture_Light use","Pasture","Light use","MG1_2012__Littlewood 1","MG1_2012__Littlewood 1 Block C","56.275605,-4.451635","suction samplers","MG1_2012__Littlewood 1 Block C 49",1.09861228866811,2,2,1,"United Kingdom","2007","individuals"
0,54.0498533571774,45.9501466428226,0,0,0,1.8168969209907,0.0824381712476894,1.81242187210195,0,0,7.0039186954572,1629.88957880473,"Pasture_Light use","Pasture","Light use","MG1_2012__Littlewood 1","MG1_2012__Littlewood 1 Block C","56.275332,-4.451327","suction samplers","MG1_2012__Littlewood 1 Block C 50",1.6094379124341,4,4,1,"United Kingdom","2007","individuals"
0,53.7761141689581,46.2238858310419,0,0,0,1.77188547006703,0.0889113870101593,1.81137764362667,0,0,7.01338806899808,1623.24162343685,"Pasture_Light use","Pasture","Light use","MG1_2012__Littlewood 1","MG1_2012__Littlewood 1 Block C","56.275654,-4.449619","suction samplers","MG1_2012__Littlewood 1 Block C 51",1.79175946922805,5,5,1,"United Kingdom","2007","individuals"
0,53.6999770284676,46.3000229715324,0,0,0,1.76811468341489,0.0894536738081233,1.79872945507849,0,0,7.01418125369843,1622.68476965305,"Pasture_Light use","Pasture","Light use","MG1_2012__Littlewood 1","MG1_2012__Littlewood 1 Block C","56.274686,-4.449476","suction samplers","MG1_2012__Littlewood 1 Block C 52",0.693147180559945,1,1,1,"United Kingdom","2007","individuals"
0,53.3716682773058,46.6283317226942,0,0,0,1.73998543634996,0.0934990151991271,1.7953142611924,0,0,7.02010745876077,1618.52428885828,"Pasture_Light use","Pasture","Light use","MG1_2012__Littlewood 1","MG1_2012__Littlewood 1 Block C","56.274887,-4.448406","suction samplers","MG1_2012__Littlewood 1 Block C 53",3.36729582998647,28,28,1,"United Kingdom","2007","individuals"
0,54.613325468483,45.386674531517,0,0,0,1.82772428232479,0.0808810597879284,1.88957322584358,0,0,7.0016371824415,1631.49131060189,"Pasture_Minimal use","Pasture","Minimal use","MG1_2012__Littlewood 1","MG1_2012__Littlewood 1 Block C","56.279261,-4.45174","suction samplers","MG1_2012__Littlewood 1 Block C 54",3.46573590279973,31,31,1,"United Kingdom","2007","individuals"
0,54.6966288455822,45.3033711544178,0,0,0,1.85541295693412,0.0768990782865955,1.88573023527104,0,0,6.99581624479331,1635.57788861229,"Pasture_Minimal use","Pasture","Minimal use","MG1_2012__Littlewood 1","MG1_2012__Littlewood 1 Block C","56.278916,-4.4528","suction samplers","MG1_2012__Littlewood 1 Block C 55",0,0,0,1,"United Kingdom","2007","individuals"
0,54.5850968559982,45.4149031440018,0,0,0,1.85751828672833,0.0765963052426312,1.86734297693006,0,0,6.9953736573117,1635.88860629719,"Pasture_Minimal use","Pasture","Minimal use","MG1_2012__Littlewood 1","MG1_2012__Littlewood 1 Block C","56.278169,-4.452881","suction samplers","MG1_2012__Littlewood 1 Block C 56",2.484906649788,11,11,1,"United Kingdom","2007","individuals"
0,54.5243247537532,45.4756752462468,0,0,0,1.83387886315659,0.0799959532464338,1.8640111677826,0,0,7.00034112778173,1632.40120326747,"Pasture_Minimal use","Pasture","Minimal use","MG1_2012__Littlewood 1","MG1_2012__Littlewood 1 Block C","56.278142,-4.451975","suction samplers","MG1_2012__Littlewood 1 Block C 57",1.09861228866811,2,2,1,"United Kingdom","2007","individuals"
0,54.4776177564666,45.5223822435334,0,0,0,1.83500446714563,0.0798340771608481,1.85757128573482,0,0,7.00010425788272,1632.56749732165,"Pasture_Minimal use","Pasture","Minimal use","MG1_2012__Littlewood 1","MG1_2012__Littlewood 1 Block C","56.277808,-4.452018","suction samplers","MG1_2012__Littlewood 1 Block C 58",0.693147180559945,1,1,1,"United Kingdom","2007","individuals"
0,53.451874176607,46.548125823393,0,0,0,1.72922383169001,0.0950466700177594,1.82772113212643,0,0,7.0223740972001,1616.93299972867,"Pasture_Intense use","Pasture","Intense use","MG1_2012__Littlewood 1","MG1_2012__Littlewood 1 Block D","56.277807,-4.447995","suction samplers","MG1_2012__Littlewood 1 Block D 59",0,0,0,1,"United Kingdom","2007","individuals"
0,53.2710847382405,46.7289152617595,0,0,0,1.7211706223255,0.096204823348214,1.82071396793726,0,0,7.02406744466068,1615.74418842119,"Pasture_Intense use","Pasture","Intense use","MG1_2012__Littlewood 1","MG1_2012__Littlewood 1 Block D","56.277535,-4.447687","suction samplers","MG1_2012__Littlewood 1 Block D 60",1.38629436111989,3,3,1,"United Kingdom","2007","individuals"
0,53.6507284495129,46.3492715504871,0,0,0,1.75248226603317,0.0917018130822082,1.82152000382868,0,0,7.01747416757154,1620.37298584136,"Pasture_Intense use","Pasture","Intense use","MG1_2012__Littlewood 1","MG1_2012__Littlewood 1 Block D","56.276765,-4.448882","suction samplers","MG1_2012__Littlewood 1 Block D 61",1.09861228866811,2,2,1,"United Kingdom","2007","individuals"
0,53.7034949880272,46.2965050119728,0,0,0,1.75963507611369,0.0906731485532761,1.81956419442902,0,0,7.01596695090479,1621.43112438527,"Pasture_Intense use","Pasture","Intense use","MG1_2012__Littlewood 1","MG1_2012__Littlewood 1 Block D","56.276472,-4.449154","suction samplers","MG1_2012__Littlewood 1 Block D 62",1.38629436111989,3,3,1,"United Kingdom","2007","individuals"
0,53.036950021078,46.963049978922,0,0,0,1.71511148155747,0.0970762044016344,1.80753006052964,0,0,7.02533979255499,1614.85093904442,"Pasture_Intense use","Pasture","Intense use","MG1_2012__Littlewood 1","MG1_2012__Littlewood 1 Block D","56.276676,-4.447455","suction samplers","MG1_2012__Littlewood 1 Block D 63",1.79175946922805,5,5,1,"United Kingdom","2007","individuals"
0,53.3720299616987,46.6279700383013,0,0,0,1.71767375107019,0.0967077176487856,1.84529745251814,0,0,7.0248019280918,1615.22854574984,"Pasture_Light use","Pasture","Light use","MG1_2012__Littlewood 1","MG1_2012__Littlewood 1 Block D","56.279227,-4.447553","suction samplers","MG1_2012__Littlewood 1 Block D 64",2.19722457733622,8,8,1,"United Kingdom","2007","individuals"
0,54.4499373955698,45.5500626044302,0,0,0,1.79065654035879,0.086211869762927,1.86973107771552,0,0,7.00944485211782,1626.00995121615,"Pasture_Light use","Pasture","Light use","MG1_2012__Littlewood 1","MG1_2012__Littlewood 1 Block D","56.278947,-4.45033","suction samplers","MG1_2012__Littlewood 1 Block D 65",3.3322045101752,27,27,1,"United Kingdom","2007","individuals"
0,53.5165287529956,46.4834712470045,0,0,0,1.72595536322419,0.0955167171092825,1.83812415436636,0,0,7.02306167382751,1616.4502878881,"Pasture_Light use","Pasture","Light use","MG1_2012__Littlewood 1","MG1_2012__Littlewood 1 Block D","56.278618,-4.44787","suction samplers","MG1_2012__Littlewood 1 Block D 66",1.38629436111989,3,3,1,"United Kingdom","2007","individuals"
0,54.2135669603603,45.7864330396397,0,0,0,1.77874775335767,0.0879245039070705,1.84766400252879,0,0,7.01194600762665,1624.25401983177,"Pasture_Light use","Pasture","Light use","MG1_2012__Littlewood 1","MG1_2012__Littlewood 1 Block D","56.277959,-4.449879","suction samplers","MG1_2012__Littlewood 1 Block D 67",0.693147180559945,1,1,1,"United Kingdom","2007","individuals"
0,53.7814048315882,46.2185951684118,0,0,0,1.74694115208829,0.0924986953286504,1.83773079123492,0,0,7.01864177680822,1619.55326803647,"Pasture_Light use","Pasture","Light use","MG1_2012__Littlewood 1","MG1_2012__Littlewood 1 Block D","56.278018,-4.448671","suction samplers","MG1_2012__Littlewood 1 Block D 68",1.09861228866811,2,2,1,"United Kingdom","2007","individuals"
0,53.9578890058251,46.0421109941749,0,0,0,1.74907016682503,0.092192516090502,1.89402047797095,0,0,7.018193161614,1619.86821746535,"Pasture_Light use","Pasture","Light use","MG1_2012__Littlewood 1","MG1_2012__Littlewood 1 Block D","56.280551,-4.448752","suction samplers","MG1_2012__Littlewood 1 Block D 69",2.83321334405622,16,16,1,"United Kingdom","2007","individuals"
0,53.2618188146165,46.7381811853835,0,0,0,1.71201657669889,0.0975212908520064,1.8753547615739,0,0,7.02598964794875,1614.39470932291,"Pasture_Light use","Pasture","Light use","MG1_2012__Littlewood 1","MG1_2012__Littlewood 1 Block D","56.280633,-4.447336","suction samplers","MG1_2012__Littlewood 1 Block D 70",3.61091791264422,36,36,1,"United Kingdom","2007","individuals"
0,53.4654701348065,46.5345298651935,0,0,0,1.72930549807019,0.0950349253596884,1.87193285679855,0,0,7.02235691919258,1616.94505951561,"Pasture_Light use","Pasture","Light use","MG1_2012__Littlewood 1","MG1_2012__Littlewood 1 Block D","56.280126,-4.447998","suction samplers","MG1_2012__Littlewood 1 Block D 71",1.09861228866811,2,2,1,"United Kingdom","2007","individuals"
0,54.3279002858122,45.6720997141878,0,0,0,1.78392534536566,0.0871799007114041,1.88810443323752,0,0,7.01085902988118,1625.0171304543,"Pasture_Light use","Pasture","Light use","MG1_2012__Littlewood 1","MG1_2012__Littlewood 1 Block D","56.279761,-4.450075","suction samplers","MG1_2012__Littlewood 1 Block D 72",0.693147180559945,1,1,1,"United Kingdom","2007","individuals"
0,53.5381327826433,46.4618672173567,0,0,0,1.7301944969366,0.0949070760822846,1.8608802128208,0,0,7.02216982587955,1617.07640801393,"Pasture_Light use","Pasture","Light use","MG1_2012__Littlewood 1","MG1_2012__Littlewood 1 Block D","56.27964,-4.448032","suction samplers","MG1_2012__Littlewood 1 Block D 73",1.09861228866811,2,2,1,"United Kingdom","2007","individuals"
0,52.3354022392891,47.6645977607109,0,0,0,1.67935094436876,0.102219021801563,1.78800998871084,0,0,7.03286792432952,1609.56582870163,"Pasture_Minimal use","Pasture","Minimal use","MG1_2012__Littlewood 1","MG1_2012__Littlewood 1 Block D","56.276236,-4.44607","suction samplers","MG1_2012__Littlewood 1 Block D 74",3.29583686600433,26,26,1,"United Kingdom","2007","individuals"
0,53.3287098825254,46.6712901174746,0,0,0,1.73650011584658,0.0940002483554762,1.80190988342839,0,0,7.0208418781974,1618.00869111415,"Pasture_Minimal use","Pasture","Minimal use","MG1_2012__Littlewood 1","MG1_2012__Littlewood 1 Block D","56.275582,-4.448273","suction samplers","MG1_2012__Littlewood 1 Block D 75",3.55534806148941,34,34,1,"United Kingdom","2007","individuals"
0,53.1610737913819,46.8389262086181,0,0,0,1.72451197687782,0.0957242943158721,1.79229350116262,0,0,7.02336516481362,1616.23722262866,"Pasture_Minimal use","Pasture","Minimal use","MG1_2012__Littlewood 1","MG1_2012__Littlewood 1 Block D","56.274989,-4.447815","suction samplers","MG1_2012__Littlewood 1 Block D 76",3.40119738166216,29,29,1,"United Kingdom","2007","individuals"
0,52.7784836772804,47.2215163227196,0,0,0,1.69872291158198,0.0994330879794234,1.78572419235567,0,0,7.02878544507184,1612.43192536348,"Pasture_Minimal use","Pasture","Minimal use","MG1_2012__Littlewood 1","MG1_2012__Littlewood 1 Block D","56.275152,-4.446824","suction samplers","MG1_2012__Littlewood 1 Block D 77",3.91202300542815,49,49,1,"United Kingdom","2007","individuals"
0,52.9937168034294,47.0062831965706,0,0,0,1.71101645131452,0.0976651215278724,1.78610128233573,0,0,7.02619970699686,1614.24723777473,"Pasture_Minimal use","Pasture","Minimal use","MG1_2012__Littlewood 1","MG1_2012__Littlewood 1 Block D","56.274738,-4.447298","suction samplers","MG1_2012__Littlewood 1 Block D 78",2.83321334405622,16,16,1,"United Kingdom","2007","individuals"
0,53.3152567592471,46.6847432407529,0,0,0,3.80971982788168,0.14124383166247,0.8169621806302,0,0,7.08166910807296,1575.30505210161,"Pasture_Intense use","Pasture","Intense use","MG1_2012__Littlewood 1","MG1_2012__Littlewood 1 Block E","56.29549,-4.399603","suction samplers","MG1_2012__Littlewood 1 Block E 79",0,0,0,1,"United Kingdom","2007","individuals"
0,53.0996744839071,46.9003255160929,0,0,0,3.86963094186975,0.142675986875193,0.845416945449122,0,0,7.08166910807296,1575.30505210161,"Pasture_Intense use","Pasture","Intense use","MG1_2012__Littlewood 1","MG1_2012__Littlewood 1 Block E","56.295713,-4.399197","suction samplers","MG1_2012__Littlewood 1 Block E 80",0.693147180559945,1,1,1,"United Kingdom","2007","individuals"
0,52.5231247863431,47.4768752136569,0,0,0,4.08510827310938,0.148545524184829,0.944473223917733,0,0,7.08166910807296,1575.30505210161,"Pasture_Intense use","Pasture","Intense use","MG1_2012__Littlewood 1","MG1_2012__Littlewood 1 Block E","56.296533,-4.397681","suction samplers","MG1_2012__Littlewood 1 Block E 81",2.19722457733622,8,8,1,"United Kingdom","2007","individuals"
0,52.2896556969055,47.7103443030945,0,0,0,4.13762354722589,0.146733386677811,0.931004525182516,0,0,7.08166910807296,1575.30505210161,"Pasture_Intense use","Pasture","Intense use","MG1_2012__Littlewood 1","MG1_2012__Littlewood 1 Block E","56.296241,-4.397468","suction samplers","MG1_2012__Littlewood 1 Block E 82",2.70805020110221,14,14,1,"United Kingdom","2007","individuals"
0,52.0731586593377,47.9268413406623,0,0,0,4.18634489689601,0.14501495155682,0.919618255683111,0,0,7.08166910807296,1575.30505210161,"Pasture_Intense use","Pasture","Intense use","MG1_2012__Littlewood 1","MG1_2012__Littlewood 1 Block E","56.295966,-4.397273","suction samplers","MG1_2012__Littlewood 1 Block E 83",1.38629436111989,3,3,1,"United Kingdom","2007","individuals"
0,54.7561764934379,45.2438235065621,0,0,0,3.84008061123605,0.167663569787323,1.13255624436066,0,0,7.08166910807296,1575.30505210161,"Pasture_Light use","Pasture","Light use","MG1_2012__Littlewood 1","MG1_2012__Littlewood 1 Block E","56.299391,-4.398167","suction samplers","MG1_2012__Littlewood 1 Block E 84",2.07944154167984,7,7,1,"United Kingdom","2007","individuals"
0,54.0262908748334,45.9737091251666,0,0,0,3.88010360789471,0.161132289031692,1.06903996503306,0,0,7.08166910807296,1575.30505210161,"Pasture_Light use","Pasture","Light use","MG1_2012__Littlewood 1","MG1_2012__Littlewood 1 Block E","56.298464,-4.398254","suction samplers","MG1_2012__Littlewood 1 Block E 85",1.09861228866811,2,2,1,"United Kingdom","2007","individuals"
0,54.5382503180325,45.4617496819675,0,0,0,3.69023005388652,0.162599029777176,1.09385462250276,0,0,7.08166910807296,1575.30505210161,"Pasture_Light use","Pasture","Light use","MG1_2012__Littlewood 1","MG1_2012__Littlewood 1 Block E","56.298866,-4.399298","suction samplers","MG1_2012__Littlewood 1 Block E 86",2.30258509299405,9,9,1,"United Kingdom","2007","individuals"
0,53.5827865351149,46.4172134648851,0,0,0,3.92216835655228,0.157462266327032,1.03155024149453,0,0,7.08166910807296,1575.30505210161,"Pasture_Light use","Pasture","Light use","MG1_2012__Littlewood 1","MG1_2012__Littlewood 1 Block E","56.297917,-4.398188","suction samplers","MG1_2012__Littlewood 1 Block E 87",0.693147180559945,1,1,1,"United Kingdom","2007","individuals"
0,54.7843739241578,45.2156260758422,0,0,0,3.92970669374134,0.169728615920893,1.14778551440788,0,0,7.08166910807296,1575.30505210161,"Pasture_Light use","Pasture","Light use","MG1_2012__Littlewood 1","MG1_2012__Littlewood 1 Block E","56.299556,-4.397531","suction samplers","MG1_2012__Littlewood 1 Block E 88",2.07944154167984,7,7,1,"United Kingdom","2007","individuals"
0,56.0819612622592,43.9180387377408,0,0,0,3.2956666782199,0.150274068174827,0.958053498405897,0,0,7.08166910807296,1575.30505210161,"Pasture_Minimal use","Pasture","Minimal use","MG1_2012__Littlewood 1","MG1_2012__Littlewood 1 Block E","56.297336,-4.40216","suction samplers","MG1_2012__Littlewood 1 Block E 89",3.66356164612965,38,38,1,"United Kingdom","2007","individuals"
0,57.3169203076945,42.6830796923055,0,0,0,3.11128364110398,0.147315291365636,0.915949297901801,0,0,7.08166910807296,1575.30505210161,"Pasture_Minimal use","Pasture","Minimal use","MG1_2012__Littlewood 1","MG1_2012__Littlewood 1 Block E","56.296953,-4.403364","suction samplers","MG1_2012__Littlewood 1 Block E 90",3.95124371858143,51,51,1,"United Kingdom","2007","individuals"
0,57.6131793624682,42.3868206375318,0,0,0,2.98758474562734,0.160315989502177,1.16670366543447,0,0,7.08166910807296,1575.30505210161,"Pasture_Intense use","Pasture","Intense use","MG1_2012__Littlewood 1","MG1_2012__Littlewood 1 Block F","56.29943,-4.403584","suction samplers","MG1_2012__Littlewood 1 Block F 91",2.07944154167984,7,7,1,"United Kingdom","2007","individuals"
0,57.4628755800446,42.5371244199554,0,0,0,3.07502491274335,0.155824951615303,1.07740153079568,0,0,7.08166910807296,1575.30505210161,"Pasture_Intense use","Pasture","Intense use","MG1_2012__Littlewood 1","MG1_2012__Littlewood 1 Block F","56.298529,-4.403237","suction samplers","MG1_2012__Littlewood 1 Block F 92",1.09861228866811,2,2,1,"United Kingdom","2007","individuals"
0,56.3615296659755,43.6384703340244,0,0,0,3.25612743061961,0.153408311100935,1.01364392755197,0,0,7.08166910807296,1575.30505210161,"Pasture_Intense use","Pasture","Intense use","MG1_2012__Littlewood 1","MG1_2012__Littlewood 1 Block F","56.29791,-4.40226","suction samplers","MG1_2012__Littlewood 1 Block F 93",1.79175946922805,5,5,1,"United Kingdom","2007","individuals"
0,57.5402901737406,42.4597098262594,0,0,0,3.0848326461548,0.152219401805808,1.01309997456038,0,0,7.08166910807296,1575.30505210161,"Pasture_Intense use","Pasture","Intense use","MG1_2012__Littlewood 1","MG1_2012__Littlewood 1 Block F","56.29788,-4.403325","suction samplers","MG1_2012__Littlewood 1 Block F 94",2.89037175789616,17,17,1,"United Kingdom","2007","individuals"
0,56.9032370435264,43.0967629564736,0,0,0,3.17240460935731,0.15099868769976,0.981030248705074,0,0,7.08166910807296,1575.30505210161,"Pasture_Intense use","Pasture","Intense use","MG1_2012__Littlewood 1","MG1_2012__Littlewood 1 Block F","56.297574,-4.402854","suction samplers","MG1_2012__Littlewood 1 Block F 95",0,0,0,1,"United Kingdom","2007","individuals"
0,59.8146547857464,40.1853452142536,0,0,0,2.74765335217539,0.153158651314716,1.09167284667703,0,0,7.08166910807296,1575.30505210161,"Pasture_Light use","Pasture","Light use","MG1_2012__Littlewood 1","MG1_2012__Littlewood 1 Block F","56.298461,-4.40535","suction samplers","MG1_2012__Littlewood 1 Block F 96",1.09861228866811,2,2,1,"United Kingdom","2007","individuals"
0,58.3301282904408,41.6698717095592,0,0,0,2.981956326032,0.150254297824555,0.989013513270298,0,0,7.08166910807296,1575.30505210161,"Pasture_Light use","Pasture","Light use","MG1_2012__Littlewood 1","MG1_2012__Littlewood 1 Block F","56.297624,-4.404021","suction samplers","MG1_2012__Littlewood 1 Block F 97",2.30258509299405,9,9,1,"United Kingdom","2007","individuals"
0,60.222678242498,39.777321757502,0,0,0,2.69541287302307,0.152541519666296,1.09062082233739,0,0,7.08166910807296,1575.30505210161,"Pasture_Light use","Pasture","Light use","MG1_2012__Littlewood 1","MG1_2012__Littlewood 1 Block F","56.298409,-4.405702","suction samplers","MG1_2012__Littlewood 1 Block F 98",2.99573227355399,19,19,1,"United Kingdom","2007","individuals"
0,60.9703461117191,39.0296538882809,0,0,0,2.5541670433829,0.152691147155995,1.13181579226233,0,0,7.08166910807296,1575.30505210161,"Pasture_Light use","Pasture","Light use","MG1_2012__Littlewood 1","MG1_2012__Littlewood 1 Block F","56.298643,-4.406606","suction samplers","MG1_2012__Littlewood 1 Block F 99",1.94591014905531,6,6,1,"United Kingdom","2007","individuals"
0,60.685017664659,39.314982335341,0,0,0,2.64278542674263,0.151675016886321,1.08377100554236,0,0,7.08166910807296,1575.30505210161,"Pasture_Light use","Pasture","Light use","MG1_2012__Littlewood 1","MG1_2012__Littlewood 1 Block F","56.298303,-4.406068","suction samplers","MG1_2012__Littlewood 1 Block F 100",0.693147180559945,1,1,1,"United Kingdom","2007","individuals"
0,55.7287466142017,44.2712533857983,0,0,0,3.52058743695214,0.177278161354514,1.25966432381052,0,0,7.08166910807296,1575.30505210161,"Pasture_Light use","Pasture","Light use","MG1_2012__Littlewood 1","MG1_2012__Littlewood 1 Block F","56.301161,-4.399603","suction samplers","MG1_2012__Littlewood 1 Block F 101",2.89037175789616,17,17,1,"United Kingdom","2007","individuals"
0,55.2593281860858,44.7406718139142,0,0,0,3.81638619958673,0.173098794874257,1.18497077690818,0,0,7.08166910807296,1575.30505210161,"Pasture_Light use","Pasture","Light use","MG1_2012__Littlewood 1","MG1_2012__Littlewood 1 Block F","56.300139,-4.398036","suction samplers","MG1_2012__Littlewood 1 Block F 102",1.79175946922805,5,5,1,"United Kingdom","2007","individuals"
0,55.4092588422142,44.5907411577858,0,0,0,3.58806169278645,0.172270630895766,1.19987530318503,0,0,7.08166910807296,1575.30505210161,"Pasture_Light use","Pasture","Light use","MG1_2012__Littlewood 1","MG1_2012__Littlewood 1 Block F","56.300355,-4.39944","suction samplers","MG1_2012__Littlewood 1 Block F 103",1.94591014905531,6,6,1,"United Kingdom","2007","individuals"
0,55.0029784959841,44.9970215040159,0,0,0,3.7274115547899,0.16900722908545,1.1532641114852,0,0,7.08166910807296,1575.30505210161,"Pasture_Light use","Pasture","Light use","MG1_2012__Littlewood 1","MG1_2012__Littlewood 1 Block F","56.299712,-4.398769","suction samplers","MG1_2012__Littlewood 1 Block F 104",1.6094379124341,4,4,1,"United Kingdom","2007","individuals"
0,56.0702261051519,43.9297738948481,0,0,0,3.25187430631717,0.167460322562606,1.20501243601588,0,0,7.08166910807296,1575.30505210161,"Pasture_Minimal use","Pasture","Minimal use","MG1_2012__Littlewood 1","MG1_2012__Littlewood 1 Block F","56.300177,-4.401675","suction samplers","MG1_2012__Littlewood 1 Block F 105",3.25809653802148,25,25,1,"United Kingdom","2007","individuals"
0,55.8585541606793,44.1414458393207,0,0,0,3.30718570154731,0.165303625049726,1.17030199522264,0,0,7.08166910807296,1575.30505210161,"Pasture_Minimal use","Pasture","Minimal use","MG1_2012__Littlewood 1","MG1_2012__Littlewood 1 Block F","56.299759,-4.401439","suction samplers","MG1_2012__Littlewood 1 Block F 106",3.04452243772342,20,20,1,"United Kingdom","2007","individuals"
0,55.8284242629155,44.1715757370845,0,0,0,3.32011334810922,0.161816841398497,1.12606224780883,0,0,7.08166910807296,1575.30505210161,"Pasture_Minimal use","Pasture","Minimal use","MG1_2012__Littlewood 1","MG1_2012__Littlewood 1 Block F","56.2992,-4.401517","suction samplers","MG1_2012__Littlewood 1 Block F 107",4.12713438504509,61,61,1,"United Kingdom","2007","individuals"
0,55.4014265106426,44.5985734893574,0,0,0,3.41713573665156,0.16117903168102,1.10495806117811,0,0,7.08166910807296,1575.30505210161,"Pasture_Minimal use","Pasture","Minimal use","MG1_2012__Littlewood 1","MG1_2012__Littlewood 1 Block F","56.298977,-4.40097","suction samplers","MG1_2012__Littlewood 1 Block F 108",1.79175946922805,5,5,1,"United Kingdom","2007","individuals"
0,55.6368686512579,44.363131348742,0,0,0,3.36789044477247,0.15964052290989,1.09156403724692,0,0,7.08166910807296,1575.30505210161,"Pasture_Minimal use","Pasture","Minimal use","MG1_2012__Littlewood 1","MG1_2012__Littlewood 1 Block F","56.298799,-4.40133","suction samplers","MG1_2012__Littlewood 1 Block F 109",2.63905732961526,13,13,1,"United Kingdom","2007","individuals"
0,54.4511135037526,45.5488864962474,0,0,0,1.85520812332091,0.0769285359500825,1.84860175418208,0,0,6.99585930232478,1635.54766015565,"Pasture_Intense use","Pasture","Intense use","MG1_2012__Littlewood 2","MG1_2012__Littlewood 2 C","56.277281,-4.452792","aerial transect","MG1_2012__Littlewood 2 C 1",2.39789527279837,10,10,1,"United Kingdom","2007","individuals"
0,54.2596675240747,45.7403324759253,0,0,0,1.81466360766215,0.0827593499421002,1.83591694852978,0,0,7.00438928791639,1629.55920027952,"Pasture_Intense use","Pasture","Intense use","MG1_2012__Littlewood 2","MG1_2012__Littlewood 2 C","56.276781,-4.451242","aerial transect","MG1_2012__Littlewood 2 C 2",3.49650756146648,32,32,1,"United Kingdom","2007","individuals"
0,54.4346599750573,45.5653400249427,0,0,0,1.84138529094596,0.0789164340199117,1.84889740121886,0,0,6.99876244396548,1633.50951518538,"Pasture_Intense use","Pasture","Intense use","MG1_2012__Littlewood 2","MG1_2012__Littlewood 2 C","56.277327,-4.452262","aerial transect","MG1_2012__Littlewood 2 C 3",2.83321334405622,16,16,1,"United Kingdom","2007","individuals"
0,54.0732399855007,45.9267600144993,0,0,0,1.8005150760238,0.0847940876840948,1.82433663612097,0,0,7.00737046048161,1627.4662738497,"Pasture_Intense use","Pasture","Intense use","MG1_2012__Littlewood 2","MG1_2012__Littlewood 2 C","56.276199,-4.450704","aerial transect","MG1_2012__Littlewood 2 C 4",3.78418963391826,43,43,1,"United Kingdom","2007","individuals"
0,54.0919779744221,45.9080220255779,0,0,0,1.79469201250531,0.0856315178442756,1.82862361274675,0,0,7.0085961837092,1626.60575722996,"Pasture_Intense use","Pasture","Intense use","MG1_2012__Littlewood 2","MG1_2012__Littlewood 2 C","56.276536,-4.450483","aerial transect","MG1_2012__Littlewood 2 C 5",2.77258872223978,15,15,1,"United Kingdom","2007","individuals"
0,53.7034949880272,46.2965050119728,0,0,0,1.75963507611369,0.0906731485532761,1.81956419442902,0,0,7.01596695090479,1621.43112438527,"Pasture_Intense use","Pasture","Intense use","MG1_2012__Littlewood 2","MG1_2012__Littlewood 2 D","56.276472,-4.449154","aerial transect","MG1_2012__Littlewood 2 D 6",1.38629436111989,3,3,1,"United Kingdom","2007","individuals"
0,53.036950021078,46.963049978922,0,0,0,1.71511148155747,0.0970762044016344,1.80753006052964,0,0,7.02533979255499,1614.85093904442,"Pasture_Intense use","Pasture","Intense use","MG1_2012__Littlewood 2","MG1_2012__Littlewood 2 D","56.276676,-4.447455","aerial transect","MG1_2012__Littlewood 2 D 7",3.3322045101752,27,27,1,"United Kingdom","2007","individuals"
0,53.6507284495129,46.3492715504871,0,0,0,1.75248226603317,0.0917018130822082,1.82152000382868,0,0,7.01747416757154,1620.37298584136,"Pasture_Intense use","Pasture","Intense use","MG1_2012__Littlewood 2","MG1_2012__Littlewood 2 D","56.276765,-4.448882","aerial transect","MG1_2012__Littlewood 2 D 8",3.97029191355212,52,52,1,"United Kingdom","2007","individuals"
0,53.451874176607,46.548125823393,0,0,0,1.72922383169001,0.0950466700177594,1.82772113212643,0,0,7.0223740972001,1616.93299972867,"Pasture_Intense use","Pasture","Intense use","MG1_2012__Littlewood 2","MG1_2012__Littlewood 2 D","56.277807,-4.447995","aerial transect","MG1_2012__Littlewood 2 D 9",1.6094379124341,4,4,1,"United Kingdom","2007","individuals"
0,53.0996744839071,46.9003255160929,0,0,0,3.86963094186975,0.142675986875193,0.845416945449122,0,0,7.08166910807296,1575.30505210161,"Pasture_Intense use","Pasture","Intense use","MG1_2012__Littlewood 2","MG1_2012__Littlewood 2 E","56.295713,-4.399197","aerial transect","MG1_2012__Littlewood 2 E 10",2.99573227355399,19,19,1,"United Kingdom","2007","individuals"
0,52.5231247863431,47.4768752136569,0,0,0,4.08510827310938,0.148545524184829,0.944473223917733,0,0,7.08166910807296,1575.30505210161,"Pasture_Intense use","Pasture","Intense use","MG1_2012__Littlewood 2","MG1_2012__Littlewood 2 E","56.296533,-4.397681","aerial transect","MG1_2012__Littlewood 2 E 11",2.63905732961526,13,13,1,"United Kingdom","2007","individuals"
0,52.0731586593377,47.9268413406623,0,0,0,4.18634489689601,0.14501495155682,0.919618255683111,0,0,7.08166910807296,1575.30505210161,"Pasture_Intense use","Pasture","Intense use","MG1_2012__Littlewood 2","MG1_2012__Littlewood 2 E","56.295966,-4.397273","aerial transect","MG1_2012__Littlewood 2 E 12",3.09104245335832,21,21,1,"United Kingdom","2007","individuals"
0,53.3152567592471,46.6847432407529,0,0,0,3.80971982788168,0.14124383166247,0.8169621806302,0,0,7.08166910807296,1575.30505210161,"Pasture_Intense use","Pasture","Intense use","MG1_2012__Littlewood 2","MG1_2012__Littlewood 2 E","56.29549,-4.399603","aerial transect","MG1_2012__Littlewood 2 E 13",2.484906649788,11,11,1,"United Kingdom","2007","individuals"
0,52.2896556969055,47.7103443030945,0,0,0,4.13762354722589,0.146733386677811,0.931004525182516,0,0,7.08166910807296,1575.30505210161,"Pasture_Intense use","Pasture","Intense use","MG1_2012__Littlewood 2","MG1_2012__Littlewood 2 E","56.296241,-4.397468","aerial transect","MG1_2012__Littlewood 2 E 14",3.13549421592915,22,22,1,"United Kingdom","2007","individuals"
0,56.3615296659755,43.6384703340244,0,0,0,3.25612743061961,0.153408311100935,1.01364392755197,0,0,7.08166910807296,1575.30505210161,"Pasture_Intense use","Pasture","Intense use","MG1_2012__Littlewood 2","MG1_2012__Littlewood 2 F","56.29791,-4.40226","aerial transect","MG1_2012__Littlewood 2 F 15",2.89037175789616,17,17,1,"United Kingdom","2007","individuals"
0,57.6131793624682,42.3868206375318,0,0,0,2.98758474562734,0.160315989502177,1.16670366543447,0,0,7.08166910807296,1575.30505210161,"Pasture_Intense use","Pasture","Intense use","MG1_2012__Littlewood 2","MG1_2012__Littlewood 2 F","56.29943,-4.403584","aerial transect","MG1_2012__Littlewood 2 F 16",2.99573227355399,19,19,1,"United Kingdom","2007","individuals"
0,57.5402901737406,42.4597098262594,0,0,0,3.0848326461548,0.152219401805808,1.01309997456038,0,0,7.08166910807296,1575.30505210161,"Pasture_Intense use","Pasture","Intense use","MG1_2012__Littlewood 2","MG1_2012__Littlewood 2 F","56.29788,-4.403325","aerial transect","MG1_2012__Littlewood 2 F 17",2.99573227355399,19,19,1,"United Kingdom","2007","individuals"
0,56.9032370435264,43.0967629564736,0,0,0,3.17240460935731,0.15099868769976,0.981030248705074,0,0,7.08166910807296,1575.30505210161,"Pasture_Intense use","Pasture","Intense use","MG1_2012__Littlewood 2","MG1_2012__Littlewood 2 F","56.297574,-4.402854","aerial transect","MG1_2012__Littlewood 2 F 18",1.38629436111989,3,3,1,"United Kingdom","2007","individuals"
0,57.4628755800446,42.5371244199554,0,0,0,3.07502491274335,0.155824951615303,1.07740153079568,0,0,7.08166910807296,1575.30505210161,"Pasture_Intense use","Pasture","Intense use","MG1_2012__Littlewood 2","MG1_2012__Littlewood 2 F","56.298529,-4.403237","aerial transect","MG1_2012__Littlewood 2 F 19",2.70805020110221,14,14,1,"United Kingdom","2007","individuals"
0,50.7565153062388,49.2434846937612,0,0,0,6.31225442886353,0.111457906663418,1.92847662759025,0,0,7.08166910807296,1575.30505210161,"Pasture_Light use","Pasture","Light use","MG1_2012__Littlewood 2","MG1_2012__Littlewood 2 A","56.26896,-4.377155","aerial transect","MG1_2012__Littlewood 2 A 20",3.09104245335832,21,21,1,"United Kingdom","2007","individuals"
0,50.6646709466367,49.3353290533633,0,0,0,6.31225442886353,0.111457906663418,1.92602047298117,0,0,7.08166910807296,1575.30505210161,"Pasture_Light use","Pasture","Light use","MG1_2012__Littlewood 2","MG1_2012__Littlewood 2 A","56.268914,-4.377685","aerial transect","MG1_2012__Littlewood 2 A 21",4.63472898822964,102,102,1,"United Kingdom","2007","individuals"
0,50.7892512652897,49.2107487347103,0,0,0,6.31225442886353,0.111457906663418,1.93104084703979,0,0,7.08166910807296,1575.30505210161,"Pasture_Light use","Pasture","Light use","MG1_2012__Littlewood 2","MG1_2012__Littlewood 2 A","56.269007,-4.376625","aerial transect","MG1_2012__Littlewood 2 A 22",4.40671924726425,81,81,1,"United Kingdom","2007","individuals"
0,50.3542230731897,49.6457769268103,0,0,0,6.31225442886352,0.111457906663418,1.93730565754298,0,0,7.08166910807296,1575.30505210161,"Pasture_Light use","Pasture","Light use","MG1_2012__Littlewood 2","MG1_2012__Littlewood 2 A","56.268404,-4.376668","aerial transect","MG1_2012__Littlewood 2 A 23",3.98898404656427,53,53,1,"United Kingdom","2007","individuals"
0,54.7302485601913,45.2697514398087,0,0,0,1.84830178568056,0.0779217546257248,1.91126021984614,0,0,6.99730981933,1634.52932749939,"Pasture_Light use","Pasture","Light use","MG1_2012__Littlewood 2","MG1_2012__Littlewood 2 C","56.279704,-4.452527","aerial transect","MG1_2012__Littlewood 2 C 24",2.63905732961526,13,13,1,"United Kingdom","2007","individuals"
0,55.1875078485643,44.8124921514357,0,0,0,1.8326451005939,0.0801733839025783,1.95290535112023,0,0,7.0006008092204,1632.21889441602,"Pasture_Light use","Pasture","Light use","MG1_2012__Littlewood 2","MG1_2012__Littlewood 2 C","56.280938,-4.451928","aerial transect","MG1_2012__Littlewood 2 C 25",2.19722457733622,8,8,1,"United Kingdom","2007","individuals"
0,54.6843945450973,45.3156054549027,0,0,0,1.82355623692355,0.0814804774168908,1.91506872410149,0,0,7.00251545697669,1630.87471966422,"Pasture_Light use","Pasture","Light use","MG1_2012__Littlewood 2","MG1_2012__Littlewood 2 C","56.280064,-4.451581","aerial transect","MG1_2012__Littlewood 2 C 26",2.94443897916644,18,18,1,"United Kingdom","2007","individuals"
0,55.0231825414189,44.9768174585811,0,0,0,1.82156240787039,0.0817672152445232,1.94563265240196,0,0,7.00293558838137,1630.57976722466,"Pasture_Light use","Pasture","Light use","MG1_2012__Littlewood 2","MG1_2012__Littlewood 2 C","56.280901,-4.451505","aerial transect","MG1_2012__Littlewood 2 C 27",3.17805383034795,23,23,1,"United Kingdom","2007","individuals"
0,55.3872650838396,44.6127349161604,0,0,0,1.83162373034915,0.0803202698578305,1.96883681662289,0,0,7.00081583835023,1632.06793363158,"Pasture_Light use","Pasture","Light use","MG1_2012__Littlewood 2","MG1_2012__Littlewood 2 C","56.281343,-4.451889","aerial transect","MG1_2012__Littlewood 2 C 28",2.19722457733622,8,8,1,"United Kingdom","2007","individuals"
0,54.4499373955698,45.5500626044302,0,0,0,1.79065654035879,0.086211869762927,1.86973107771552,0,0,7.00944485211782,1626.00995121615,"Pasture_Light use","Pasture","Light use","MG1_2012__Littlewood 2","MG1_2012__Littlewood 2 D","56.278947,-4.45033","aerial transect","MG1_2012__Littlewood 2 D 29",2.99573227355399,19,19,1,"United Kingdom","2007","individuals"
0,54.2135669603603,45.7864330396397,0,0,0,1.77874775335767,0.0879245039070705,1.84766400252879,0,0,7.01194600762665,1624.25401983177,"Pasture_Light use","Pasture","Light use","MG1_2012__Littlewood 2","MG1_2012__Littlewood 2 D","56.277959,-4.449879","aerial transect","MG1_2012__Littlewood 2 D 30",1.94591014905531,6,6,1,"United Kingdom","2007","individuals"
0,53.7814048315882,46.2185951684118,0,0,0,1.74694115208829,0.0924986953286504,1.83773079123492,0,0,7.01864177680822,1619.55326803647,"Pasture_Light use","Pasture","Light use","MG1_2012__Littlewood 2","MG1_2012__Littlewood 2 D","56.278018,-4.448671","aerial transect","MG1_2012__Littlewood 2 D 31",2.19722457733622,8,8,1,"United Kingdom","2007","individuals"
0,53.5165287529956,46.4834712470045,0,0,0,1.72595536322419,0.0955167171092825,1.83812415436636,0,0,7.02306167382751,1616.4502878881,"Pasture_Light use","Pasture","Light use","MG1_2012__Littlewood 2","MG1_2012__Littlewood 2 D","56.278618,-4.44787","aerial transect","MG1_2012__Littlewood 2 D 32",2.07944154167984,7,7,1,"United Kingdom","2007","individuals"
0,58.3301282904408,41.6698717095592,0,0,0,2.981956326032,0.150254297824555,0.989013513270298,0,0,7.08166910807296,1575.30505210161,"Pasture_Light use","Pasture","Light use","MG1_2012__Littlewood 2","MG1_2012__Littlewood 2 F","56.297624,-4.404021","aerial transect","MG1_2012__Littlewood 2 F 33",3.17805383034795,23,23,1,"United Kingdom","2007","individuals"
0,60.685017664659,39.314982335341,0,0,0,2.64278542674263,0.151675016886321,1.08377100554236,0,0,7.08166910807296,1575.30505210161,"Pasture_Light use","Pasture","Light use","MG1_2012__Littlewood 2","MG1_2012__Littlewood 2 F","56.298303,-4.406068","aerial transect","MG1_2012__Littlewood 2 F 34",3.04452243772342,20,20,1,"United Kingdom","2007","individuals"
0,60.222678242498,39.777321757502,0,0,0,2.69541287302307,0.152541519666296,1.09062082233739,0,0,7.08166910807296,1575.30505210161,"Pasture_Light use","Pasture","Light use","MG1_2012__Littlewood 2","MG1_2012__Littlewood 2 F","56.298409,-4.405702","aerial transect","MG1_2012__Littlewood 2 F 35",4.15888308335967,63,63,1,"United Kingdom","2007","individuals"
0,60.9703461117191,39.0296538882809,0,0,0,2.5541670433829,0.152691147155995,1.13181579226233,0,0,7.08166910807296,1575.30505210161,"Pasture_Light use","Pasture","Light use","MG1_2012__Littlewood 2","MG1_2012__Littlewood 2 F","56.298643,-4.406606","aerial transect","MG1_2012__Littlewood 2 F 36",3.87120101090789,47,47,1,"United Kingdom","2007","individuals"
0,59.8146547857464,40.1853452142536,0,0,0,2.74765335217539,0.153158651314716,1.09167284667703,0,0,7.08166910807296,1575.30505210161,"Pasture_Light use","Pasture","Light use","MG1_2012__Littlewood 2","MG1_2012__Littlewood 2 F","56.298461,-4.40535","aerial transect","MG1_2012__Littlewood 2 F 37",2.99573227355399,19,19,1,"United Kingdom","2007","individuals"
0,50.1032082520563,49.8967917479437,0,0,0,6.31225442886353,0.111457906663418,1.94535570640279,0,0,7.08166910807296,1575.30505210161,"Pasture_Light use","Pasture","Light use","MG1_2012__Littlewood 2","MG1_2012__Littlewood 2 A","56.267305,-4.378635","aerial transect","MG1_2012__Littlewood 2 A 38",3.52636052461616,33,33,1,"United Kingdom","2007","individuals"
0,50.1035093022695,49.8964906977305,0,0,0,6.31225442886353,0.111457906663418,1.94811196407569,0,0,7.08166910807296,1575.30505210161,"Pasture_Light use","Pasture","Light use","MG1_2012__Littlewood 2","MG1_2012__Littlewood 2 A","56.267038,-4.378957","aerial transect","MG1_2012__Littlewood 2 A 39",2.63905732961526,13,13,1,"United Kingdom","2007","individuals"
0,50.1838667975648,49.8161332024352,0,0,0,6.31225442886353,0.111457906663418,1.94906533727121,0,0,7.08166910807296,1575.30505210161,"Pasture_Light use","Pasture","Light use","MG1_2012__Littlewood 2","MG1_2012__Littlewood 2 A","56.26657,-4.378056","aerial transect","MG1_2012__Littlewood 2 A 40",2.19722457733622,8,8,1,"United Kingdom","2007","individuals"
0,49.9753159260016,50.0246840739985,0,0,0,6.31225442886353,0.111457906663418,1.94452683906085,0,0,7.08166910807296,1575.30505210161,"Pasture_Light use","Pasture","Light use","MG1_2012__Littlewood 2","MG1_2012__Littlewood 2 A","56.266396,-4.376866","aerial transect","MG1_2012__Littlewood 2 A 41",2.484906649788,11,11,1,"United Kingdom","2007","individuals"
0,49.9624138811694,50.0375861188305,0,0,0,6.31225442886353,0.111457906663418,1.9456399051491,0,0,7.08166910807296,1575.30505210161,"Pasture_Light use","Pasture","Light use","MG1_2012__Littlewood 2","MG1_2012__Littlewood 2 A","56.266938,-4.377142","aerial transect","MG1_2012__Littlewood 2 A 42",2.89037175789616,17,17,1,"United Kingdom","2007","individuals"
0,53.6999770284676,46.3000229715324,0,0,0,1.76811468341489,0.0894536738081233,1.79872945507849,0,0,7.01418125369843,1622.68476965305,"Pasture_Light use","Pasture","Light use","MG1_2012__Littlewood 2","MG1_2012__Littlewood 2 C","56.274686,-4.449476","aerial transect","MG1_2012__Littlewood 2 C 43",3.63758615972639,37,37,1,"United Kingdom","2007","individuals"
0,53.9781590518844,46.0218409481156,0,0,0,1.80961974273644,0.0834847214924819,1.807856127134,0,0,7.00545211342154,1628.81304569056,"Pasture_Light use","Pasture","Light use","MG1_2012__Littlewood 2","MG1_2012__Littlewood 2 C","56.27505,-4.45105","aerial transect","MG1_2012__Littlewood 2 C 44",2.484906649788,11,11,1,"United Kingdom","2007","individuals"
0,53.7761141689581,46.2238858310419,0,0,0,1.77188547006703,0.0889113870101593,1.81137764362667,0,0,7.01338806899808,1623.24162343685,"Pasture_Light use","Pasture","Light use","MG1_2012__Littlewood 2","MG1_2012__Littlewood 2 C","56.275654,-4.449619","aerial transect","MG1_2012__Littlewood 2 C 45",1.94591014905531,6,6,1,"United Kingdom","2007","individuals"
0,53.3716682773058,46.6283317226942,0,0,0,1.73998543634996,0.0934990151991271,1.7953142611924,0,0,7.02010745876077,1618.52428885828,"Pasture_Light use","Pasture","Light use","MG1_2012__Littlewood 2","MG1_2012__Littlewood 2 C","56.274887,-4.448406","aerial transect","MG1_2012__Littlewood 2 C 46",3.29583686600433,26,26,1,"United Kingdom","2007","individuals"
0,54.0498533571774,45.9501466428226,0,0,0,1.8168969209907,0.0824381712476894,1.81242187210195,0,0,7.0039186954572,1629.88957880473,"Pasture_Light use","Pasture","Light use","MG1_2012__Littlewood 2","MG1_2012__Littlewood 2 C","56.275332,-4.451327","aerial transect","MG1_2012__Littlewood 2 C 47",2.19722457733622,8,8,1,"United Kingdom","2007","individuals"
0,53.5844373448604,46.4155626551396,0,0,0,1.72925382158505,0.0950423570916501,1.88434733050499,0,0,7.02236779514939,1616.93742407118,"Pasture_Light use","Pasture","Light use","MG1_2012__Littlewood 2","MG1_2012__Littlewood 2 D","56.280602,-4.447996","aerial transect","MG1_2012__Littlewood 2 D 48",1.6094379124341,4,4,1,"United Kingdom","2007","individuals"
0,53.9578890058251,46.0421109941749,0,0,0,1.74907016682503,0.092192516090502,1.89402047797095,0,0,7.018193161614,1619.86821746535,"Pasture_Light use","Pasture","Light use","MG1_2012__Littlewood 2","MG1_2012__Littlewood 2 D","56.280551,-4.448752","aerial transect","MG1_2012__Littlewood 2 D 49",3.2188758248682,24,24,1,"United Kingdom","2007","individuals"
0,53.5381327826433,46.4618672173567,0,0,0,1.7301944969366,0.0949070760822846,1.8608802128208,0,0,7.02216982587955,1617.07640801393,"Pasture_Light use","Pasture","Light use","MG1_2012__Littlewood 2","MG1_2012__Littlewood 2 D","56.27964,-4.448032","aerial transect","MG1_2012__Littlewood 2 D 50",4.31748811353631,74,74,1,"United Kingdom","2007","individuals"
0,54.3279002858122,45.6720997141878,0,0,0,1.78392534536566,0.0871799007114041,1.88810443323752,0,0,7.01085902988118,1625.0171304543,"Pasture_Light use","Pasture","Light use","MG1_2012__Littlewood 2","MG1_2012__Littlewood 2 D","56.279761,-4.450075","aerial transect","MG1_2012__Littlewood 2 D 51",2.484906649788,11,11,1,"United Kingdom","2007","individuals"
0,53.2618188146165,46.7381811853835,0,0,0,1.71201657669889,0.0975212908520064,1.8753547615739,0,0,7.02598964794875,1614.39470932291,"Pasture_Light use","Pasture","Light use","MG1_2012__Littlewood 2","MG1_2012__Littlewood 2 D","56.280633,-4.447336","aerial transect","MG1_2012__Littlewood 2 D 52",3.3322045101752,27,27,1,"United Kingdom","2007","individuals"
0,54.0262908748334,45.9737091251666,0,0,0,3.88010360789471,0.161132289031692,1.06903996503306,0,0,7.08166910807296,1575.30505210161,"Pasture_Light use","Pasture","Light use","MG1_2012__Littlewood 2","MG1_2012__Littlewood 2 E","56.298464,-4.398254","aerial transect","MG1_2012__Littlewood 2 E 53",2.39789527279837,10,10,1,"United Kingdom","2007","individuals"
0,53.5827865351149,46.4172134648851,0,0,0,3.92216835655228,0.157462266327032,1.03155024149453,0,0,7.08166910807296,1575.30505210161,"Pasture_Light use","Pasture","Light use","MG1_2012__Littlewood 2","MG1_2012__Littlewood 2 E","56.297917,-4.398188","aerial transect","MG1_2012__Littlewood 2 E 54",3.95124371858143,51,51,1,"United Kingdom","2007","individuals"
0,54.6020871000377,45.3979128999623,0,0,0,3.9443952629883,0.1679904210807,1.13125653335849,0,0,7.08166910807296,1575.30505210161,"Pasture_Light use","Pasture","Light use","MG1_2012__Littlewood 2","MG1_2012__Littlewood 2 E","56.299313,-4.397532","aerial transect","MG1_2012__Littlewood 2 E 55",1.09861228866811,2,2,1,"United Kingdom","2007","individuals"
0,53.1043009771635,46.8956990228365,0,0,0,3.98117665030094,0.153536137176326,0.991263582766449,0,0,7.08166910807296,1575.30505210161,"Pasture_Light use","Pasture","Light use","MG1_2012__Littlewood 2","MG1_2012__Littlewood 2 E","56.297317,-4.398037","aerial transect","MG1_2012__Littlewood 2 E 56",2.56494935746154,12,12,1,"United Kingdom","2007","individuals"
0,54.5382503180325,45.4617496819675,0,0,0,3.69023005388652,0.162599029777176,1.09385462250276,0,0,7.08166910807296,1575.30505210161,"Pasture_Light use","Pasture","Light use","MG1_2012__Littlewood 2","MG1_2012__Littlewood 2 E","56.298866,-4.399298","aerial transect","MG1_2012__Littlewood 2 E 57",2.07944154167984,7,7,1,"United Kingdom","2007","individuals"
0,50.2945851974021,49.7054148025979,0,0,0,6.31225442886353,0.111457906663418,1.97293749862335,0,0,7.08166910807296,1575.30505210161,"Pasture_Minimal use","Pasture","Minimal use","MG1_2012__Littlewood 2","MG1_2012__Littlewood 2 A","56.264461,-4.380703","aerial transect","MG1_2012__Littlewood 2 A 58",3.46573590279973,31,31,1,"United Kingdom","2007","individuals"
0,50.3755813250799,49.6244186749201,0,0,0,6.31225442886353,0.111457906663418,1.96430144104537,0,0,7.08166910807296,1575.30505210161,"Pasture_Minimal use","Pasture","Minimal use","MG1_2012__Littlewood 2","MG1_2012__Littlewood 2 A","56.265229,-4.380056","aerial transect","MG1_2012__Littlewood 2 A 59",2.89037175789616,17,17,1,"United Kingdom","2007","individuals"
0,50.5145110876698,49.4854889123302,0,0,0,6.31225442886352,0.111457906663418,1.96235826380888,0,0,7.08166910807296,1575.30505210161,"Pasture_Minimal use","Pasture","Minimal use","MG1_2012__Littlewood 2","MG1_2012__Littlewood 2 A","56.265056,-4.379706","aerial transect","MG1_2012__Littlewood 2 A 60",3.98898404656427,53,53,1,"United Kingdom","2007","individuals"
0,50.6128454503414,49.3871545496586,0,0,0,6.31225442886353,0.111457906663418,1.95404889096508,0,0,7.08166910807296,1575.30505210161,"Pasture_Minimal use","Pasture","Minimal use","MG1_2012__Littlewood 2","MG1_2012__Littlewood 2 A","56.265552,-4.378655","aerial transect","MG1_2012__Littlewood 2 A 61",3.04452243772342,20,20,1,"United Kingdom","2007","individuals"
0,50.5424266795829,49.4575733204171,0,0,0,6.31225442886352,0.111457906663418,1.95961838221371,0,0,7.08166910807296,1575.30505210161,"Pasture_Minimal use","Pasture","Minimal use","MG1_2012__Littlewood 2","MG1_2012__Littlewood 2 A","56.265473,-4.379506","aerial transect","MG1_2012__Littlewood 2 A 62",3.66356164612965,38,38,1,"United Kingdom","2007","individuals"
0,54.4776177564666,45.5223822435334,0,0,0,1.83500446714563,0.0798340771608481,1.85757128573482,0,0,7.00010425788272,1632.56749732165,"Pasture_Minimal use","Pasture","Minimal use","MG1_2012__Littlewood 2","MG1_2012__Littlewood 2 C","56.277808,-4.452018","aerial transect","MG1_2012__Littlewood 2 C 63",3.09104245335832,21,21,1,"United Kingdom","2007","individuals"
0,54.613325468483,45.386674531517,0,0,0,1.82772428232479,0.0808810597879284,1.88957322584358,0,0,7.0016371824415,1631.49131060189,"Pasture_Minimal use","Pasture","Minimal use","MG1_2012__Littlewood 2","MG1_2012__Littlewood 2 C","56.279261,-4.45174","aerial transect","MG1_2012__Littlewood 2 C 64",3.93182563272433,50,50,1,"United Kingdom","2007","individuals"
0,54.6966288455822,45.3033711544178,0,0,0,1.85541295693412,0.0768990782865955,1.88573023527104,0,0,6.99581624479331,1635.57788861229,"Pasture_Minimal use","Pasture","Minimal use","MG1_2012__Littlewood 2","MG1_2012__Littlewood 2 C","56.278916,-4.4528","aerial transect","MG1_2012__Littlewood 2 C 65",3.13549421592915,22,22,1,"United Kingdom","2007","individuals"
0,54.5850968559982,45.4149031440018,0,0,0,1.85751828672833,0.0765963052426312,1.86734297693006,0,0,6.9953736573117,1635.88860629719,"Pasture_Minimal use","Pasture","Minimal use","MG1_2012__Littlewood 2","MG1_2012__Littlewood 2 C","56.278169,-4.452881","aerial transect","MG1_2012__Littlewood 2 C 66",3.55534806148941,34,34,1,"United Kingdom","2007","individuals"
0,54.5243247537532,45.4756752462468,0,0,0,1.83387886315659,0.0799959532464338,1.8640111677826,0,0,7.00034112778173,1632.40120326747,"Pasture_Minimal use","Pasture","Minimal use","MG1_2012__Littlewood 2","MG1_2012__Littlewood 2 C","56.278142,-4.451975","aerial transect","MG1_2012__Littlewood 2 C 67",2.63905732961526,13,13,1,"United Kingdom","2007","individuals"
0,52.9937168034294,47.0062831965706,0,0,0,1.71101645131452,0.0976651215278724,1.78610128233573,0,0,7.02619970699686,1614.24723777473,"Pasture_Minimal use","Pasture","Minimal use","MG1_2012__Littlewood 2","MG1_2012__Littlewood 2 D","56.274738,-4.447298","aerial transect","MG1_2012__Littlewood 2 D 68",2.77258872223978,15,15,1,"United Kingdom","2007","individuals"
0,53.1610737913819,46.8389262086181,0,0,0,1.72451197687782,0.0957242943158721,1.79229350116262,0,0,7.02336516481362,1616.23722262866,"Pasture_Minimal use","Pasture","Minimal use","MG1_2012__Littlewood 2","MG1_2012__Littlewood 2 D","56.274989,-4.447815","aerial transect","MG1_2012__Littlewood 2 D 69",3.49650756146648,32,32,1,"United Kingdom","2007","individuals"
0,52.3354022392891,47.6645977607109,0,0,0,1.67935094436876,0.102219021801563,1.78800998871084,0,0,7.03286792432952,1609.56582870163,"Pasture_Minimal use","Pasture","Minimal use","MG1_2012__Littlewood 2","MG1_2012__Littlewood 2 D","56.276236,-4.44607","aerial transect","MG1_2012__Littlewood 2 D 70",2.83321334405622,16,16,1,"United Kingdom","2007","individuals"
0,52.7784836772804,47.2215163227196,0,0,0,1.69872291158198,0.0994330879794234,1.78572419235567,0,0,7.02878544507184,1612.43192536348,"Pasture_Minimal use","Pasture","Minimal use","MG1_2012__Littlewood 2","MG1_2012__Littlewood 2 D","56.275152,-4.446824","aerial transect","MG1_2012__Littlewood 2 D 71",2.19722457733622,8,8,1,"United Kingdom","2007","individuals"
0,56.0819612622592,43.9180387377408,0,0,0,3.2956666782199,0.150274068174827,0.958053498405897,0,0,7.08166910807296,1575.30505210161,"Pasture_Minimal use","Pasture","Minimal use","MG1_2012__Littlewood 2","MG1_2012__Littlewood 2 E","56.297336,-4.40216","aerial transect","MG1_2012__Littlewood 2 E 72",4.51085950651685,90,90,1,"United Kingdom","2007","individuals"
0,57.3169203076945,42.6830796923055,0,0,0,3.11128364110398,0.147315291365636,0.915949297901801,0,0,7.08166910807296,1575.30505210161,"Pasture_Minimal use","Pasture","Minimal use","MG1_2012__Littlewood 2","MG1_2012__Littlewood 2 E","56.296953,-4.403364","aerial transect","MG1_2012__Littlewood 2 E 73",3.40119738166216,29,29,1,"United Kingdom","2007","individuals"
0,55.8585541606793,44.1414458393207,0,0,0,3.30718570154731,0.165303625049726,1.17030199522264,0,0,7.08166910807296,1575.30505210161,"Pasture_Minimal use","Pasture","Minimal use","MG1_2012__Littlewood 2","MG1_2012__Littlewood 2 F","56.299759,-4.401439","aerial transect","MG1_2012__Littlewood 2 F 74",3.89182029811063,48,48,1,"United Kingdom","2007","individuals"
0,55.8284242629155,44.1715757370845,0,0,0,3.32011334810922,0.161816841398497,1.12606224780883,0,0,7.08166910807296,1575.30505210161,"Pasture_Minimal use","Pasture","Minimal use","MG1_2012__Littlewood 2","MG1_2012__Littlewood 2 F","56.2992,-4.401517","aerial transect","MG1_2012__Littlewood 2 F 75",4.43081679884331,83,83,1,"United Kingdom","2007","individuals"
0,55.4014265106426,44.5985734893574,0,0,0,3.41713573665156,0.16117903168102,1.10495806117811,0,0,7.08166910807296,1575.30505210161,"Pasture_Minimal use","Pasture","Minimal use","MG1_2012__Littlewood 2","MG1_2012__Littlewood 2 F","56.298977,-4.40097","aerial transect","MG1_2012__Littlewood 2 F 76",4.02535169073515,55,55,1,"United Kingdom","2007","individuals"
0,56.0702261051519,43.9297738948481,0,0,0,3.25187430631717,0.167460322562606,1.20501243601588,0,0,7.08166910807296,1575.30505210161,"Pasture_Minimal use","Pasture","Minimal use","MG1_2012__Littlewood 2","MG1_2012__Littlewood 2 F","56.300177,-4.401675","aerial transect","MG1_2012__Littlewood 2 F 77",3.97029191355212,52,52,1,"United Kingdom","2007","individuals"
0,56.0029311439119,43.9970688560881,0,0,0,3.27266215244465,0.167678693283882,1.20336622558856,0,0,7.08166910807296,1575.30505210161,"Pasture_Minimal use","Pasture","Minimal use","MG1_2012__Littlewood 2","MG1_2012__Littlewood 2 F","56.300177,-4.40154","aerial transect","MG1_2012__Littlewood 2 F 78",4.20469261939097,66,66,1,"United Kingdom","2007","individuals"
0,0,4.27797431321511,6.40163733727032,89.3203883495146,1.3572052273165,57.514239674157,1.62505643677821,2.90511492365541,0,0,8.6220114134708,840.454024504508,"Semi-natural vegetation_Intense use","Semi-natural vegetation","Intense use","SC1_2009__Meyer 1","SC1_2009__Meyer 1 ","51.53896834024,9.7619872470877","visual encounter survey","SC1_2009__Meyer 1  1",5.78382518232974,324,324,1,"Germany","2004","individuals"
0.273400118390246,0,2.60688644647086,0.471668742401467,96.6480446927374,0.0871840440379711,56.0436161132471,1.48381188726784,1.82641435395165,0,0,8.66804945034388,839.424034995511,"Semi-natural vegetation_Intense use","Semi-natural vegetation","Intense use","SC1_2009__Meyer 1","SC1_2009__Meyer 1 ","51.462468221775,9.7495309691739","visual encounter survey","SC1_2009__Meyer 1  2",5.95842469302978,386,386,1,"Germany","2004","individuals"
0.041058129676889,0.0760777784543469,1.09431783636216,0,98.7885462555066,0.781460817541006,91.8694458007812,1.51424920558929,3.37197638511799,0,0,8.56335601806643,836.816331022419,"Semi-natural vegetation_Intense use","Semi-natural vegetation","Intense use","SC1_2009__Meyer 1","SC1_2009__Meyer 1 ","51.415070061815,9.9337256261409","visual encounter survey","SC1_2009__Meyer 1  3",6.04025471127741,419,419,1,"Germany","2004","individuals"
0.644616405437355,0,3.81722312489533,0,95.5381604696673,0.636845394436111,66.7656056180363,1.36880348682302,3.911910527107,0,0,8.607632731602,852.259534211354,"Semi-natural vegetation_Intense use","Semi-natural vegetation","Intense use","SC1_2009__Meyer 1","SC1_2009__Meyer 1 ","51.595927677936,9.8420252896347","visual encounter survey","SC1_2009__Meyer 1  4",6.15909538849193,472,472,1,"Germany","2004","individuals"
0,0,5.76314122862571,0,94.2368587713743,1.54350840640847,49.6856683543092,1.40396321756925,2.56057513415579,0,0,8.61015745344425,839.59696514318,"Semi-natural vegetation_Intense use","Semi-natural vegetation","Intense use","SC1_2009__Meyer 1","SC1_2009__Meyer 1 ","51.448837537803,9.7925201697532","visual encounter survey","SC1_2009__Meyer 1  5",5.95583736946483,385,385,1,"Germany","2004","individuals"
0.120144022936884,0,1.89739983671224,0,97.9824561403509,0.768201596988422,24.3922677041787,1.75974746187913,2.95543956057132,0,0,8.59314117431643,844.508124166168,"Semi-natural vegetation_Intense use","Semi-natural vegetation","Intense use","SC1_2009__Meyer 1","SC1_2009__Meyer 1 ","51.505905921619,10.015015849153","visual encounter survey","SC1_2009__Meyer 1  6",6.06842558824411,431,431,1,"Germany","2004","individuals"
0,0,1.37203422729079,0.018888173880501,98.6090775988287,0.390486817398269,74.2824978419872,1.27011400733379,2.50202454494473,0,0,8.60359785192644,839.346588142663,"Semi-natural vegetation_Intense use","Semi-natural vegetation","Intense use","SC1_2009__Meyer 1","SC1_2009__Meyer 1 ","51.447859033502,9.8413250488128","visual encounter survey","SC1_2009__Meyer 1  7",6.0913098820777,441,441,1,"Germany","2004","individuals"
1.15604179029334,0,0.836045332258773,1.43994517892836,96.5679676985195,0.406027854433542,55.3938684124127,1.611592308994,2.32723432226071,0,0,8.61820627848311,840.539155178703,"Semi-natural vegetation_Intense use","Semi-natural vegetation","Intense use","SC1_2009__Meyer 1","SC1_2009__Meyer 1 ","51.50583860086,9.774166264918","visual encounter survey","SC1_2009__Meyer 1  8",6.21460809842219,499,499,1,"Germany","2004","individuals"
0.361265692730705,0,3.05962618265109,0,96.5791081246182,0.558329596035497,24.2623229668629,1.6977926402157,2.15055530304622,0,0,8.78691251938761,858.70057139994,"Semi-natural vegetation_Intense use","Semi-natural vegetation","Intense use","SC1_2009__Meyer 1","SC1_2009__Meyer 1 ","51.552668957921,10.045109229088","visual encounter survey","SC1_2009__Meyer 1  9",6.04263283368238,420,280,0.666666666666667,"Germany","2004","individuals"
0,0,2.98812934916087,0,97.0118706508391,0.63444512395939,56.5883947371888,1.55447280680457,2.59966427798538,0,0,8.61820627848311,840.539155178703,"Semi-natural vegetation_Intense use","Semi-natural vegetation","Intense use","SC1_2009__Meyer 1","SC1_2009__Meyer 1 ","51.519321379499,9.8008755194704","visual encounter survey","SC1_2009__Meyer 1  10",5.80211837537706,330,220,0.666666666666667,"Germany","2004","individuals"
4.96506006276495,0,9.48907060141205,1.62125736243054,83.9246119733925,1.02019657775122,63.8991546372589,1.51017950170113,2.92677022455789,0,0,8.59151357014974,851.478417986073,"Semi-natural vegetation_Intense use","Semi-natural vegetation","Intense use","SC1_2009__Meyer 1","SC1_2009__Meyer 1 ","51.596623503923,9.788467695717","visual encounter survey","SC1_2009__Meyer 1  11",6.04618944679723,421.5,281,0.666666666666667,"Germany","2004","individuals"
0.833449309596138,0.0519561115171675,2.57989945085518,0.0503201280315141,96.484375,0.659087704291346,43.3405073052925,1.64069182387532,3.08516061577462,0,0,8.60437164306643,838.919682078995,"Semi-natural vegetation_Intense use","Semi-natural vegetation","Intense use","SC1_2009__Meyer 1","SC1_2009__Meyer 1 ","51.39553745439,9.7789108446891","visual encounter survey","SC1_2009__Meyer 1  12",6.37587624601831,586.5,391,0.666666666666667,"Germany","2004","individuals"
1.83676507094979,0,7.09818846729182,0,91.0650464617584,0.263290434141488,55.753877467766,1.361617130477,2.63625333211811,0,0,8.60706350591603,854.12440684628,"Semi-natural vegetation_Intense use","Semi-natural vegetation","Intense use","SC1_2009__Meyer 1","SC1_2009__Meyer 1 ","51.643293061074,9.83984038664","visual encounter survey","SC1_2009__Meyer 1  13",5.98015078720771,394.5,263,0.666666666666667,"Germany","2004","individuals"
0,0,8.23214357520742,0.58535471597508,91.1825017088175,0.832903445636778,69.1485957711233,1.51591738087818,2.40724305303703,0,0,8.6258687075186,845.840285556608,"Semi-natural vegetation_Intense use","Semi-natural vegetation","Intense use","SC1_2009__Meyer 1","SC1_2009__Meyer 1 ","51.554693971165,9.7372775804669","visual encounter survey","SC1_2009__Meyer 1  14",6.25958146406492,522,348,0.666666666666667,"Germany","2004","individuals"
0.683324760084075,0,5.88075314984035,0.0933901825212466,93.3425319075543,0.674292004522057,72.3526463030767,1.50977786243437,3.66866098301811,0,0,8.59314117431643,844.508124166168,"Semi-natural vegetation_Intense use","Semi-natural vegetation","Intense use","SC1_2009__Meyer 1","SC1_2009__Meyer 1 ","51.47525619244,9.9949900741814","visual encounter survey","SC1_2009__Meyer 1  15",6.10479323241498,447,298,0.666666666666667,"Germany","2004","individuals"
0,0,8.75486381322958,0,91.2451361867704,0.453677915375226,39.816738003428,1.56439655678255,2.30707879879814,0,0,8.60437164306643,838.919682078995,"Semi-natural vegetation_Intense use","Semi-natural vegetation","Intense use","SC1_2009__Meyer 1","SC1_2009__Meyer 1 ","51.40090385023,9.7855978946872","visual encounter survey","SC1_2009__Meyer 1  16",5.62941805936734,277.5,185,0.666666666666667,"Germany","2004","individuals"
0,0.284728186904897,3.57014709654182,0,96.1451247165533,0.871448392165774,69.2800891087788,1.40929513034394,3.06274249770782,0,0,8.62202133334944,852.95678948219,"Semi-natural vegetation_Intense use","Semi-natural vegetation","Intense use","SC1_2009__Meyer 1","SC1_2009__Meyer 1 ","51.576836810356,9.8457545873223","visual encounter survey","SC1_2009__Meyer 1  17",6.06029073803783,427.5,285,0.666666666666667,"Germany","2004","individuals"
0.00596610918140688,0,0.540183535821336,0,99.4538503549973,0.315688731980324,37.3946507663465,1.49310781763978,2.02495492131291,0,0,8.60389922384427,839.089898306283,"Semi-natural vegetation_Intense use","Semi-natural vegetation","Intense use","SC1_2009__Meyer 1","SC1_2009__Meyer 1 ","51.405819273261,9.7612937211845","visual encounter survey","SC1_2009__Meyer 1  18",6.22455842927536,504,336,0.666666666666667,"Germany","2004","individuals"
3.99023315829229,0,2.86072838016926,0,93.1490384615385,0.180458510321585,42.4163352958435,1.59228602992099,2.16154571178992,0,0,8.76105003540864,858.375841921043,"Semi-natural vegetation_Intense use","Semi-natural vegetation","Intense use","SC1_2009__Meyer 1","SC1_2009__Meyer 1 ","51.593536403559,9.948090639667","visual encounter survey","SC1_2009__Meyer 1  19",6.09807428216624,444,296,0.666666666666667,"Germany","2004","individuals"
0.758007862629179,0,1.58861356796172,0,97.6533785694091,0.929481523321091,69.650263827788,1.56444651854108,2.50389030982878,0,0,8.58270297716474,842.995109961739,"Semi-natural vegetation_Intense use","Semi-natural vegetation","Intense use","SC1_2009__Meyer 1","SC1_2009__Meyer 1 ","51.455397055109,10.048985113476","visual encounter survey","SC1_2009__Meyer 1  20",6.04973345523196,423,282,0.666666666666667,"Germany","2004","individuals"
0,0,1.09976433621367,0,98.9002356637863,0.122218696792312,74.1138046966078,1.24252400084008,2.59687724385228,0,0,8.59743727426498,838.564075844902,"Semi-natural vegetation_Intense use","Semi-natural vegetation","Intense use","SC1_2009__Meyer 1","SC1_2009__Meyer 1 ","51.435781809787,9.8421240421643","visual encounter survey","SC1_2009__Meyer 1  21",5.65073325356639,283.5,189,0.666666666666667,"Germany","2004","individuals"
0,0,3.43551809170275,0.594056769665089,95.9704251386322,0.369824190832017,91.6076126098633,1.43332588672638,2.42605519544326,0,0,8.56335601806643,836.816331022419,"Semi-natural vegetation_Intense use","Semi-natural vegetation","Intense use","SC1_2009__Meyer 1","SC1_2009__Meyer 1 ","51.414279226238,9.8706926790174","visual encounter survey","SC1_2009__Meyer 1  22",5.99146454710798,399,133,0.333333333333333,"Germany","2004","individuals"
0.386736189899941,0,3.76326381010005,0,95.85,1.0945865573489,31.7409858703613,1.73691284656525,2.54581832485592,0,0,8.50378570556643,830.248308950104,"Semi-natural vegetation_Intense use","Semi-natural vegetation","Intense use","SC1_2009__Meyer 1","SC1_2009__Meyer 1 ","51.417881817888,9.9779874767534","visual encounter survey","SC1_2009__Meyer 1  23",5.61312810638807,273,91,0.333333333333333,"Germany","2004","individuals"
0,0,0.679299249195566,0,99.3207007508044,1.11066709853039,89.6165878628931,1.52259183654362,3.38163387080595,0,0,8.56112361889271,836.570194206413,"Semi-natural vegetation_Intense use","Semi-natural vegetation","Intense use","SC1_2009__Meyer 1","SC1_2009__Meyer 1 ","51.42265859295,9.9379490444318","visual encounter survey","SC1_2009__Meyer 1  24",5.77455154554441,321,107,0.333333333333333,"Germany","2004","individuals"
0.929364216280721,0,2.17146991091289,8.74608766981139,88.153078202995,1.28567928193891,55.5754425184972,1.63623695439088,3.08602059932923,0,0,8.61723179750317,840.938519057681,"Semi-natural vegetation_Intense use","Semi-natural vegetation","Intense use","SC1_2009__Meyer 1","SC1_2009__Meyer 1 ","51.54243879531,9.7645966264577","visual encounter survey","SC1_2009__Meyer 1  25",5.64544689764324,282,94,0.333333333333333,"Germany","2004","individuals"
0,0,4.36571744821663,0.00455096196918404,95.6297315898142,0.773901074737707,79.6435623168945,1.45994591712952,2.51593450607083,0,0,8.38871409098311,824.207497411408,"Semi-natural vegetation_Intense use","Semi-natural vegetation","Intense use","SC1_2009__Meyer 1","SC1_2009__Meyer 1 ","51.437779381341,10.132973840828","visual encounter survey","SC1_2009__Meyer 1  26",6.383506634884,591,197,0.333333333333333,"Germany","2004","individuals"
2.98000493009531,0,9.70919000131049,0.179437776368988,87.1313672922252,0.899618779897078,62.3027332816408,1.4784683462029,2.74051341381202,0,0,8.59151357014974,851.478417986073,"Semi-natural vegetation_Intense use","Semi-natural vegetation","Intense use","SC1_2009__Meyer 1","SC1_2009__Meyer 1 ","51.598170885777,9.7935890700185","visual encounter survey","SC1_2009__Meyer 1  27",5.36597601502185,213,71,0.333333333333333,"Germany","2004","individuals"
0,0,2.11315610088616,0,97.8868438991138,1.77496607185565,35.6361198425293,1.47387945652008,2.2283831731078,0,0,8.60437164306643,838.919682078995,"Semi-natural vegetation_Intense use","Semi-natural vegetation","Intense use","SC1_2009__Meyer 1","SC1_2009__Meyer 1 ","51.431509488307,9.7693565382324","visual encounter survey","SC1_2009__Meyer 1  28",5.91350300563827,369,123,0.333333333333333,"Germany","2004","individuals"
0,0,0.705247873885085,0,99.2947521261149,2.62293695615055,42.562960373921,1.44782267943581,2.19928463108784,0,0,8.60874289176841,839.431377506577,"Semi-natural vegetation_Intense use","Semi-natural vegetation","Intense use","SC1_2009__Meyer 1","SC1_2009__Meyer 1 ","51.447362452947,9.7752043640949","visual encounter survey","SC1_2009__Meyer 1  29",6.20657592672493,495,165,0.333333333333333,"Germany","2004","individuals"
0,0,1.68491996630161,0,98.3150800336984,0.511849922104965,71.306523907061,1.21190548304862,2.76083090708811,0,0,8.602906652308,838.84455485956,"Semi-natural vegetation_Intense use","Semi-natural vegetation","Intense use","SC1_2009__Meyer 1","SC1_2009__Meyer 1 ","51.425960930312,9.8378744251531","visual encounter survey","SC1_2009__Meyer 1  30",6.0137151560428,408,136,0.333333333333333,"Germany","2004","individuals"
1.47665406674615,0,10.5749355353345,0.178831689487869,86.8167202572347,1.12102794733133,67.9797134399414,1.51682412624359,2.84569547052196,0,0,8.59151357014974,851.478417986073,"Semi-natural vegetation_Intense use","Semi-natural vegetation","Intense use","SC1_2009__Meyer 1","SC1_2009__Meyer 1 ","51.586531739949,9.7760430772026","visual encounter survey","SC1_2009__Meyer 1  31",5.07517381523383,159,53,0.333333333333333,"Germany","2004","individuals"
2.72422912249795,0,9.58494745030218,0.0183014698598506,87.67252195734,0.947162698873651,57.8845091761097,1.49078513014207,2.751047839407,0,0,8.59151357014974,851.478417986073,"Semi-natural vegetation_Intense use","Semi-natural vegetation","Intense use","SC1_2009__Meyer 1","SC1_2009__Meyer 1 ","51.602000753516,9.7921259458822","visual encounter survey","SC1_2009__Meyer 1  32",5.55682806169954,258,86,0.333333333333333,"Germany","2004","individuals"
0,5.89469387845677,3.88642674319751,89.3059275778615,0,0.168044705650442,9.53550714533678,1.69800339466745,2.86251084421119,100,0,10.2108989989663,1058.88354923283,"Semi-natural vegetation_Light use","Semi-natural vegetation","Light use","SC1_2009__Williams 1","SC1_2009__Williams 1 ","53.1535927778,-8.7872925","sweep path","SC1_2009__Williams 1  1",5.8636311755981,351,351,1,"Ireland","2004","individuals"
0,43.5190417327894,7.06927118299013,49.4116870842205,0,0.113086783405523,3.63767896633269,1.52443955503264,2.59824446099311,100,0,10.1275239358139,1076.32263347603,"Semi-natural vegetation_Light use","Semi-natural vegetation","Light use","SC1_2009__Williams 1","SC1_2009__Williams 1 ","53.6072947222,-9.14152111111","sweep path","SC1_2009__Williams 1  2",3.40119738166216,29,29,1,"Ireland","2004","individuals"
0,0,0,0,100,0.116325752587916,4.97270912207126,1.73147077086313,3.37658332043744,100,0,10.2417089446671,1109.34234855789,"Semi-natural vegetation_Light use","Semi-natural vegetation","Light use","SC1_2009__Williams 1","SC1_2009__Williams 1 ","53.0272452778,-8.86381833333","sweep path","SC1_2009__Williams 1  3",2.77258872223978,15,15,1,"Ireland","2004","individuals"
0,51.0177828071293,0,28.9822171928707,20,0.0210084053627218,3.73496362359462,1.85357403026563,2.72248797185012,100,0,10.2388117472331,1088.42485945206,"Semi-natural vegetation_Light use","Semi-natural vegetation","Light use","SC1_2009__Williams 1","SC1_2009__Williams 1 ","53.0614088889,-8.8918575","sweep path","SC1_2009__Williams 1  4",3.3322045101752,27,27,1,"Ireland","2004","individuals"
0,13.4076272511163,2.38902528486813,84.2033474640156,0,0.0603866291701456,5.34964840112957,1.81779108568076,2.33068282535342,100,0,10.1278091430664,1076.57636504155,"Semi-natural vegetation_Light use","Semi-natural vegetation","Light use","SC1_2009__Williams 1","SC1_2009__Williams 1 ","53.1227177778,-8.79954444444","sweep path","SC1_2009__Williams 1  5",3.68887945411394,39,39,1,"Ireland","2004","individuals"
0,0,0,0,100,0.0887463111424264,4.4746927947669,1.64406843559108,2.46823358983183,100,0,10.1309015909831,1065.25111000519,"Semi-natural vegetation_Light use","Semi-natural vegetation","Light use","SC1_2009__Williams 1","SC1_2009__Williams 1 ","53.6051741667,-9.09733555556","sweep path","SC1_2009__Williams 1  6",2.99573227355399,19,19,1,"Ireland","2004","individuals"
0,8.83551047449569,0.0321898432258964,20.2989663489451,70.8333333333333,0.0720738068693656,7.36876726150513,1.57415223121643,2.95374001507398,100,0,10.3608820597331,1057.99124937039,"Semi-natural vegetation_Light use","Semi-natural vegetation","Light use","SC1_2009__Williams 1","SC1_2009__Williams 1 ","53.1621222222,-8.86970777778","sweep path","SC1_2009__Williams 1  7",4.48863636973214,88,88,1,"Ireland","2004","individuals"
0,15.9191135109864,0,82.5384405320534,0,0.112592293584325,4.92398396558991,1.70217652166038,2.77059403333188,0,0,10.0371515909831,961.50217752438,"Semi-natural vegetation_Light use","Semi-natural vegetation","Light use","SC1_2009__Williams 1","SC1_2009__Williams 1 ","53.4968116667,-8.18182694444","sweep path","SC1_2009__Williams 1  8",2.07944154167984,7,7,1,"Ireland","2004","individuals"
0,26.8294681457993,0,73.1705318542007,0,0.108729672143129,6.53319769031235,1.67092952110711,2.97123564604283,0,0,9.88714710708899,972.529057697553,"Semi-natural vegetation_Light use","Semi-natural vegetation","Light use","SC1_2009__Williams 1","SC1_2009__Williams 1 ","53.5917033333,-8.25376944444","sweep path","SC1_2009__Williams 1  9",4.48863636973214,88,88,1,"Ireland","2004","individuals"
0,12.9915017111941,13.4505544037663,73.5579438850396,0,0.0913139006655785,1.770920753479,1.67789471149445,2.71955269464756,100,0,9.72009429931643,1007.40942161065,"Semi-natural vegetation_Light use","Semi-natural vegetation","Light use","SC1_2009__Williams 1","SC1_2009__Williams 1 ","53.6858166667,-8.61563083333","sweep path","SC1_2009__Williams 1  10",3.17805383034795,23,23,1,"Ireland","2004","individuals"
0,5.66135862960664,4.53471893779158,89.4534180332864,0,0.153443901929021,9.26866209220689,1.70613945643553,2.85885411623271,100,0,10.2076502921144,1059.57531565034,"Semi-natural vegetation_Light use","Semi-natural vegetation","Light use","SC1_2009__Williams 1","SC1_2009__Williams 1 ","53.1531488889,-8.7878375","sweep path","SC1_2009__Williams 1  11",5.18738580584075,178,178,1,"Ireland","2004","individuals"
0,5.11396257447557,5.08048286396415,86.3011134162629,0,0.159344414437623,8.76359594715886,1.7366029960406,2.80752544318946,100,0,10.1971116153063,1061.81937860621,"Semi-natural vegetation_Light use","Semi-natural vegetation","Light use","SC1_2009__Williams 1","SC1_2009__Williams 1 ","53.1517602778,-8.78586888889","sweep path","SC1_2009__Williams 1  12",1.94591014905531,6,6,1,"Ireland","2004","individuals"
0,0,0,0,100,0.0731391908468505,4.96729564666748,1.73080253601074,3.33091391261401,100,0,10.2436945597331,1109.47405348998,"Semi-natural vegetation_Light use","Semi-natural vegetation","Light use","SC1_2009__Williams 1","SC1_2009__Williams 1 ","53.0269352778,-8.87060833333","sweep path","SC1_2009__Williams 1  13",2.30258509299405,9,9,1,"Ireland","2004","individuals"
0,47.5916202942001,0,32.4083797057999,20,0.0307361096848849,3.74105865023076,1.8547447700273,2.75151006189357,100,0,10.2388117472331,1088.42485945206,"Semi-natural vegetation_Light use","Semi-natural vegetation","Light use","SC1_2009__Williams 1","SC1_2009__Williams 1 ","53.062625,-8.89146472222","sweep path","SC1_2009__Williams 1  14",4.44265125649032,84,84,1,"Ireland","2004","individuals"
0,13.2108878283131,2.79555588139334,83.9935562902935,0,0.0639083339339013,5.31036381726814,1.82138288994263,2.34597468483124,100,0,10.1278091430664,1076.57636504155,"Semi-natural vegetation_Light use","Semi-natural vegetation","Light use","SC1_2009__Williams 1","SC1_2009__Williams 1 ","53.1233941667,-8.79918333333","sweep path","SC1_2009__Williams 1  15",4.47895887485008,87.1428571428572,61,0.7,"Ireland","2004","individuals"
0,37.325942943778,0,62.674057056222,0,0.099208813887494,4.38886212186658,1.62219386491755,2.47601380425498,100,0,10.1309015909831,1065.25111000519,"Semi-natural vegetation_Light use","Semi-natural vegetation","Light use","SC1_2009__Williams 1","SC1_2009__Williams 1 ","53.6065786111,-9.09997055556","sweep path","SC1_2009__Williams 1  16",3.56347818757266,34.2857142857143,24,0.7,"Ireland","2004","individuals"
0,0,0,0,100,0.0876624835264106,4.48957327806863,1.64529679858418,2.4726461297198,100,0,10.1309015909831,1065.25111000519,"Semi-natural vegetation_Light use","Semi-natural vegetation","Light use","SC1_2009__Williams 1","SC1_2009__Williams 1 ","53.6052925,-9.0971875","sweep path","SC1_2009__Williams 1  17",4.20041910861358,65.7142857142857,46,0.7,"Ireland","2004","individuals"
0,7.61013006831475,0.283667911139084,20.9950909094351,71.1111111111111,0.0735298916463091,7.36876726150513,1.57415223121643,2.93591758175201,100,0,10.3608820597331,1057.99124937039,"Semi-natural vegetation_Light use","Semi-natural vegetation","Light use","SC1_2009__Williams 1","SC1_2009__Williams 1 ","53.1635941667,-8.86870583333","sweep path","SC1_2009__Williams 1  18",2.81626378574244,15.7142857142857,11,0.7,"Ireland","2004","individuals"
0,10.3372368662766,0.0347736248229719,22.9613228422337,66.6666666666667,0.0715344696892485,7.36876726150513,1.57415223121643,2.96978077531685,100,0,10.3608820597331,1057.99124937039,"Semi-natural vegetation_Light use","Semi-natural vegetation","Light use","SC1_2009__Williams 1","SC1_2009__Williams 1 ","53.1624697222,-8.8688775","sweep path","SC1_2009__Williams 1  19",5.11628148323124,165.714285714286,116,0.7,"Ireland","2004","individuals"
0,15.6646479160019,0,82.831309648257,0,0.113987308562394,4.94386764932701,1.70827542864315,2.7607486823102,0,0,10.0371515909831,961.50217752438,"Semi-natural vegetation_Light use","Semi-natural vegetation","Light use","SC1_2009__Williams 1","SC1_2009__Williams 1 ","53.4971627778,-8.18142166667","sweep path","SC1_2009__Williams 1  20",4.32129039948605,74.2857142857143,52,0.7,"Ireland","2004","individuals"
0,15.6646479160019,0,82.831309648257,0,0.113987308562394,4.94386764932701,1.70827542864315,2.7607486823102,0,0,10.0371515909831,961.50217752438,"Semi-natural vegetation_Light use","Semi-natural vegetation","Light use","SC1_2009__Williams 1","SC1_2009__Williams 1 ","53.4971627778,-8.18142166667","sweep path","SC1_2009__Williams 1  21",3.95945169899926,51.4285714285714,36,0.7,"Ireland","2004","individuals"
0,26.952818447216,0,73.047181552784,0,0.106842374397083,6.58008655923665,1.67208733858873,2.96359509760484,0,0,9.88785851363362,972.468262778635,"Semi-natural vegetation_Light use","Semi-natural vegetation","Light use","SC1_2009__Williams 1","SC1_2009__Williams 1 ","53.5917038889,-8.25357333333","sweep path","SC1_2009__Williams 1  22",5.91620206260743,370,259,0.7,"Ireland","2004","individuals"
0,11.8605210123543,0.00073224632663537,34.8054134079857,53.3333333333333,0.0960276506906224,6.91969062173523,1.67628967656207,3.00598785336779,0,0,9.89131273892032,972.17307383525,"Semi-natural vegetation_Light use","Semi-natural vegetation","Light use","SC1_2009__Williams 1","SC1_2009__Williams 1 ","53.5928916667,-8.25262888889","sweep path","SC1_2009__Williams 1  23",2.97407077677281,18.5714285714286,13,0.7,"Ireland","2004","individuals"
0,12.9969494318113,13.4057507321214,73.5972998360673,0,0.0872573405706511,1.770920753479,1.67789471149445,2.71465005798578,100,0,9.72009429931643,1007.40942161065,"Semi-natural vegetation_Light use","Semi-natural vegetation","Light use","SC1_2009__Williams 1","SC1_2009__Williams 1 ","53.6855641667,-8.61579361111","sweep path","SC1_2009__Williams 1  24",3.43398720448515,30,21,0.7,"Ireland","2004","individuals"
0,0.036706146517564,0,2.14338864021229,97.8199052132701,0.185502393310784,33.8852307738003,2.24682269614071,3.36242896716768,0,0,10.4807365984196,522.857394996171,"Semi-natural vegetation_Light use","Semi-natural vegetation","Light use","SC1_2014__Fowler 1","SC1_2014__Fowler 1 ","52.4136885055,-1.73886424899","various","SC1_2014__Fowler 1  9",4.43081679884331,83,83,1,"United Kingdom","2011","individuals"
3.00243398238243,0.161962871444775,0,4.22800820946393,92.6075949367089,0.293082262178962,26.7223260898886,2.4651317930196,2.25652783490024,0,0,10.4889567057292,522.808772395365,"Semi-natural vegetation_Light use","Semi-natural vegetation","Light use","SC1_2014__Fowler 1","SC1_2014__Fowler 1 ","52.3972983355,-1.72674328977","various","SC1_2014__Fowler 1  10",4.31748811353631,74,74,1,"United Kingdom","2011","individuals"
0.505047886244563,0,0,2.52203655347929,96.9729155602761,0.123058087906985,22.5686664581299,2.58072805404663,2.94831515333435,0,0,10.4889567057292,522.808772395365,"Semi-natural vegetation_Light use","Semi-natural vegetation","Light use","SC1_2014__Fowler 1","SC1_2014__Fowler 1 ","52.382946227,-1.72310956085","various","SC1_2014__Fowler 1  11",3.97029191355212,52,52,1,"United Kingdom","2011","individuals"
0.709374833393504,0.0739060638557372,0,4.69943662360892,94.5172824791418,0.0419303445463346,14.1253302484179,2.82656515810364,3.22282941065787,0,0,10.6159644244588,510.515281246644,"Semi-natural vegetation_Light use","Semi-natural vegetation","Light use","SC1_2014__Fowler 1","SC1_2014__Fowler 1 ","52.339063859,-1.7471426925","various","SC1_2014__Fowler 1  12",4.49980967033027,89,89,1,"United Kingdom","2011","individuals"
0.762812098650183,0.120957494978982,0,3.0509000425995,96.0653303637713,0.20382241229738,21.650558108858,2.52765196302049,3.54344457566326,0,0,10.4919267270922,514.996559302479,"Semi-natural vegetation_Light use","Semi-natural vegetation","Light use","SC1_2014__Fowler 1","SC1_2014__Fowler 1 ","52.347817068,-1.77138693092","various","SC1_2014__Fowler 1  13",4.8283137373023,124,124,1,"United Kingdom","2011","individuals"
0.834780931931615,0.0232772387342868,0,2.18762710852192,96.9543147208122,0.0442488221352365,8.17535209655762,2.87802886962891,2.53276638476047,0,0,10.3696533203125,523.514461587183,"Semi-natural vegetation_Light use","Semi-natural vegetation","Light use","SC1_2014__Fowler 1","SC1_2014__Fowler 1 ","52.382233696,-1.83328082","various","SC1_2014__Fowler 1  14",4.81218435537242,122,122,1,"United Kingdom","2011","individuals"
20.042592896075,2.25472511275722,43.3326847499603,34.3699972412075,0,0.0772423250711665,15.9301885139003,2.61665007550257,2.22095086906769,0,0,10.2817626953125,527.186195366085,"Natural vegetation","Natural vegetation","Minimal use","SC1_2014__Fowler 1","SC1_2014__Fowler 1 ","52.37372025,-2.0002189802","various","SC1_2014__Fowler 1  15",4.86753445045558,129,129,1,"United Kingdom","2011","individuals"
100,0,0,0,0,0,3.2055652141571,2.64994859695435,2.55712346998285,0,0,10.3113850911458,524.941143463366,"Semi-natural vegetation_Light use","Semi-natural vegetation","Light use","SC1_2014__Fowler 1","SC1_2014__Fowler 1 ","52.411903034,-1.9322703257","various","SC1_2014__Fowler 1  16",4.51085950651685,90,90,1,"United Kingdom","2011","individuals"
0,0,0,0,100,0,5.19540452957153,2.59070253372192,2.74107771219787,0,0,10.2817626953125,527.186195366085,"Semi-natural vegetation_Light use","Semi-natural vegetation","Light use","SC1_2014__Fowler 1","SC1_2014__Fowler 1 ","52.4216519311,-1.9784838772","various","SC1_2014__Fowler 1  17",4.93447393313069,138,138,1,"United Kingdom","2011","individuals"
0,0,0,0,100,0,3.88081322894467,2.29750475305403,2.00674252479774,52.2629131567687,0,10.2763670288983,532.599686514467,"Semi-natural vegetation_Light use","Semi-natural vegetation","Light use","SC1_2014__Fowler 1","SC1_2014__Fowler 1 ","52.4490944581,-1.9805717526","various","SC1_2014__Fowler 1  18",4.4188406077966,82,82,1,"United Kingdom","2011","individuals"
8.6378312600912,0.0578209138218515,0,0,91.304347826087,0.00072390863575938,11.7326891664143,2.08266828273147,2.60316498874577,93.7044243229172,0,10.2763074750653,532.659437085234,"Semi-natural vegetation_Light use","Semi-natural vegetation","Light use","SC1_2014__Fowler 1","SC1_2014__Fowler 1 ","52.4491625094,-2.00643962843","various","SC1_2014__Fowler 1  19",4.64439089914137,103,103,1,"United Kingdom","2011","individuals"
0,0,0,0,100,0,3.56196791338128,2.37942898798524,2.43622701369146,0,0,10.300211648528,528.799193105282,"Semi-natural vegetation_Light use","Semi-natural vegetation","Light use","SC1_2014__Fowler 1","SC1_2014__Fowler 1 ","52.4463507629,-1.94863120708","various","SC1_2014__Fowler 1  20",4.9272536851572,137,137,1,"United Kingdom","2011","individuals"
0.665070497472726,0,0,0,99.3349295025273,0.465399964148125,24.658296585083,2.34753584861755,2.6894584353859,0,0,10.4873291015625,528.921496937983,"Semi-natural vegetation_Light use","Semi-natural vegetation","Light use","SC1_2014__Fowler 1","SC1_2014__Fowler 1 ","52.5408212629,-1.73049320819","various","SC1_2014__Fowler 1  32",4.15888308335967,63,63,1,"United Kingdom","2011","individuals"
0.385496089574338,2.24632467991514,0.954937582089746,1.68931526805268,94.7239263803681,0.252477957630371,50.108729481034,2.02722193847159,3.91821665471353,0,0,10.5283447265625,534.135119058192,"Semi-natural vegetation_Light use","Semi-natural vegetation","Light use","SC1_2014__Fowler 1","SC1_2014__Fowler 1 ","52.5699899385,-1.70430261545","various","SC1_2014__Fowler 1  33",4.14313472639153,62,62,1,"United Kingdom","2011","individuals"
0.299008839764616,1.02020877665436,0,0.611594933862616,98.0691874497184,0.0787713943881635,50.9636501191805,2.01491260155757,3.2095478046528,0,0,10.5283447265625,534.135119058192,"Natural vegetation","Natural vegetation","Light use","SC1_2014__Fowler 1","SC1_2014__Fowler 1 ","52.5874976541,-1.70618697917","various","SC1_2014__Fowler 1  34",4.12713438504509,61,61,1,"United Kingdom","2011","individuals"
0.777926929764618,1.2971534820582,0,1.12185053446874,96.8030690537084,0.0455150452688008,52.0635245003187,1.99907636633701,3.60680008320936,0,0,10.5283447265625,534.135119058192,"Natural vegetation","Natural vegetation","Minimal use","SC1_2014__Fowler 1","SC1_2014__Fowler 1 ","52.5819189344,-1.70881925959","various","SC1_2014__Fowler 1  35",4.68213122712422,107,107,1,"United Kingdom","2011","individuals"
1.96030011148724,0.183903081654885,0,11.8313734690017,86.0244233378562,0.0335965010197576,11.5509748458862,2.90451741218567,2.82443591152354,0,0,10.6517171223958,510.539409588091,"Natural vegetation","Natural vegetation","Minimal use","SC1_2014__Fowler 1","SC1_2014__Fowler 1 ","52.3370977197,-1.72765682918","various","SC1_2014__Fowler 1  36",4.31748811353631,74,74,1,"United Kingdom","2011","individuals"
0,0,6.41915800377227,3.19622661161234,90.3846153846154,0.033070791364179,6.68237832465648,2.54325368027574,3.57328659590133,66.1241836374811,0,14.7255997257046,1475.92029575457,"Cropland_Minimal use","Cropland","Minimal use","SC2_2011__DAniello 1","SC2_2011__DAniello 1 ","40.8447222222,14.6969444444","visual encounter survey","SC2_2011__DAniello 1  1",7.79028238070348,2416,2416,1,"Italy","2008","individuals"
0,0,66.5272793147284,0.0726799008692337,0,1.22651757456272,6.69187116622925,2.48482275009155,3.79124992479499,42.7175064297489,0,14.88271484375,1480.51247888361,"Pasture_Light use","Pasture","Light use","SC2_2011__DAniello 1","SC2_2011__DAniello 1 ","40.8361111111,14.6663888889","visual encounter survey","SC2_2011__DAniello 1  2",8.70051424854327,6005,6005,1,"Italy","2008","individuals"
3.00644317420629,15.5649853972223,0,0,81.4285714285714,0,15.7448196411133,2.29716753959656,3.69172045320137,86.1316020435924,0,12.9455403645833,1066.45948492223,"Cropland_Minimal use","Cropland","Minimal use","SC2_2012__Kati 1","SC2_2012__Kati 1 ","39.6355888889,20.8846111111","visual encounter survey","SC2_2012__Kati 1  1",4.15888308335967,63,63,1,"Greece","2008","individuals"
0,2.26938044405373,1.36698319230991,0,96.3636363636364,0,15.9687213897705,1.34212279319763,3.89661851443203,100,0,15.7918417129894,1131.80542352525,"Cropland_Minimal use","Cropland","Minimal use","SC2_2012__Kati 1","SC2_2012__Kati 1 ","39.5339305556,20.2170305556","visual encounter survey","SC2_2012__Kati 1  2",4.55387689160054,94,94,1,"Greece","2008","individuals"
0,2.53293700192815,16.6873712482985,0,80.7796917497733,0.143343993824115,15.9891287185161,2.11494119234953,3.35103073145571,73.3854335987692,0,12.6208522104184,1112.99356373205,"Natural vegetation","Natural vegetation","Minimal use","SC2_2012__Kati 1","SC2_2012__Kati 1 ","39.5498805556,20.8805","visual encounter survey","SC2_2012__Kati 1  3",3.95124371858143,51,51,1,"Greece","2008","individuals"
0,5.17503157065034,5.50810796423338,0,89.3168604651163,0,15.8766851425171,2.57215428352356,2.54379267759572,0,0,12.4155924479167,1022.85426162416,"Natural vegetation","Natural vegetation","Minimal use","SC2_2012__Kati 1","SC2_2012__Kati 1 ","39.9186888889,20.6155888889","visual encounter survey","SC2_2012__Kati 1  4",3.89182029811063,48,48,1,"Greece","2008","individuals"
0,1.81420057315484,3.88324539934025,0,94.3025540275049,0,17.9027861280618,2.18214780612083,3.18938159079926,0,0,13.2927083333333,1108.66068446194,"Natural vegetation","Natural vegetation","Minimal use","SC2_2012__Kati 1","SC2_2012__Kati 1 ","39.8048611111,20.5812694444","visual encounter survey","SC2_2012__Kati 1  5",4.9272536851572,137,137,1,"Greece","2008","individuals"
0,1.37373727347506,2.09931661874052,0,96.5269461077844,0,16.1346168518066,2.33733296394348,4.01263081419645,19.8357706100751,0,13.6847981770833,1127.736432034,"Cropland_Minimal use","Cropland","Minimal use","SC2_2012__Kati 1","SC2_2012__Kati 1 ","39.4801,20.4645388889","visual encounter survey","SC2_2012__Kati 1  6",3.13549421592915,22,22,1,"Greece","2008","individuals"
0,3.0880958031644,1.98263033466636,0,93.4362934362934,0.00376016195947127,12.7237433103188,1.54940566478378,1.81614909371568,90.2948197242186,0,15.990625,1163.07648605289,"Cropland_Minimal use","Cropland","Minimal use","SC2_2012__Kati 1","SC2_2012__Kati 1 ","39.59685,20.1910888889","visual encounter survey","SC2_2012__Kati 1  7",4.52178857704904,91,91,1,"Greece","2008","individuals"
0,3.64770497864843,0.472349591610784,0,95.8799454297408,0.00300632029583791,14.7593186447422,1.21868209415596,4.32023883360526,100,0,15.8089048639628,1135.21057411144,"Cropland_Minimal use","Cropland","Minimal use","SC2_2012__Kati 1","SC2_2012__Kati 1 ","39.5365111111,20.2032111111","visual encounter survey","SC2_2012__Kati 1  8",3.95124371858143,51,51,1,"Greece","2008","individuals"
0,3.55961142153672e-15,2.40903038271608e-15,0,96.8241042345277,0.00279201585396163,11.8280103197605,0.959225050844909,2.73049407295689,100,0,15.990625,1163.07648605289,"Natural vegetation","Natural vegetation","Minimal use","SC2_2012__Kati 1","SC2_2012__Kati 1 ","39.54695,20.17355","visual encounter survey","SC2_2012__Kati 1  9",2.77258872223978,15,15,1,"Greece","2008","individuals"
0,17.7202398267882,10.5166747737627,0,71.763085399449,0.0426267650202054,23.3935352680221,2.38698294458944,5.2243350124951,98.9500923952048,0,15.7990559895833,1069.90065759601,"Pasture_Minimal use","Pasture","Minimal use","SC2_2012__Kati 1","SC2_2012__Kati 1 ","39.3052194444,20.4707","visual encounter survey","SC2_2012__Kati 1  10",3.43398720448515,30,30,1,"Greece","2008","individuals"
0,0.501948445039995,0.146524940531469,0,99.3515266144285,0.0367089420723451,29.777568902441,2.28451646165731,2.51766618078305,77.6433184726651,22.3566815273349,14.7840949592016,293.389567240296,"Pasture_Minimal use","Pasture","Minimal use","SC2_2012__Numa 1","SC2_2012__Numa 1 1","39.2502312129256,-4.40041627129835","baited pit-fall traps","SC2_2012__Numa 1 1 1",3.25809653802148,25,25,1,"Spain","2005","individuals"
0,0.484275714526642,0.105536617913035,0,99.4101876675603,0.0398536532448377,30.1036980359848,2.28624659621412,2.59041665525325,77.2343655539596,22.7656344460404,14.784123433004,293.494955935262,"Pasture_Minimal use","Pasture","Minimal use","SC2_2012__Numa 1","SC2_2012__Numa 1 1","39.250377095869,-4.39959904100444","baited pit-fall traps","SC2_2012__Numa 1 1 2",3.46573590279973,31,31,1,"Spain","2005","individuals"
0,0.486935249520579,0.125581394953463,0,99.387483355526,0.0453545635142112,29.6439649461396,2.28467498167053,2.57559959149692,73.310230394073,26.689769605927,14.7839804243634,292.965645034485,"Pasture_Minimal use","Pasture","Minimal use","SC2_2012__Numa 1","SC2_2012__Numa 1 1","39.249644539425,-4.40010943924802","baited pit-fall traps","SC2_2012__Numa 1 1 3",3.36729582998647,28,28,1,"Spain","2005","individuals"
0,0.663508674596677,0.572446381583099,0,98.7640449438202,0.0166319825904623,28.8296179641122,2.27522009734435,2.30528756302721,91.5933070163576,8.40669298364235,14.7843684552726,294.401844897925,"Pasture_Minimal use","Pasture","Minimal use","SC2_2012__Numa 1","SC2_2012__Numa 1 2","39.2516414250983,-4.40628606273134","baited pit-fall traps","SC2_2012__Numa 1 2 4",3.17805383034795,23,23,1,"Spain","2005","individuals"
0,0.657397915371527,0.528481841936802,0,98.8141202426917,0.0208152051571139,28.401969306352,2.27414661040579,2.32436362602697,88.52185501563,11.47814498437,14.7842529674458,293.974395441929,"Pasture_Minimal use","Pasture","Minimal use","SC2_2012__Numa 1","SC2_2012__Numa 1 2","39.2510430758231,-4.40650715993832","baited pit-fall traps","SC2_2012__Numa 1 2 5",3.36729582998647,28,28,1,"Spain","2005","individuals"
0,0.616070784482484,0.543829795467806,0,98.8400994200497,0.0225994592724032,28.4983244834099,2.27360655222845,2.33375797703199,90.5294979707953,9.47050202920472,14.7843275122742,294.250304576466,"Pasture_Minimal use","Pasture","Minimal use","SC2_2012__Numa 1","SC2_2012__Numa 1 2","39.2514285687466,-4.40717612328555","baited pit-fall traps","SC2_2012__Numa 1 2 6",3.13549421592915,22,22,1,"Spain","2005","individuals"
0,0.297074261866773,0.124030518911037,0,99.5788952192222,0.0710581292678604,27.8669509686728,2.28037634853964,2.7235861538325,49.0980168308941,40.5461218142225,14.783271736319,290.342612568279,"Pasture_Minimal use","Pasture","Minimal use","SC2_2012__Numa 1","SC2_2012__Numa 1 3","39.2458663082361,-4.40076689244774","baited pit-fall traps","SC2_2012__Numa 1 3 7",3.04452243772342,20,20,1,"Spain","2005","individuals"
0,0.319125844367799,0.129640049424273,0,99.5512341062079,0.069224355950654,27.7633271953082,2.27974143413342,2.68722952083143,50.5428067980825,39.8164730829987,14.7832959691149,290.432304232989,"Pasture_Minimal use","Pasture","Minimal use","SC2_2012__Numa 1","SC2_2012__Numa 1 3","39.2460052384701,-4.40108983246208","baited pit-fall traps","SC2_2012__Numa 1 3 8",2.77258872223978,15,15,1,"Spain","2005","individuals"
0,0.30982049515264,0.115073281403222,0,99.5751062234441,0.0698424759246569,28.0687894314229,2.28089406259839,2.71342629323989,51.6059493023525,40.0828450477023,14.7833429134928,290.606057167668,"Pasture_Minimal use","Pasture","Minimal use","SC2_2012__Numa 1","SC2_2012__Numa 1 3","39.246271044533,-4.40067053685341","baited pit-fall traps","SC2_2012__Numa 1 3 9",3.29583686600433,26,26,1,"Spain","2005","individuals"
0,0.324239204965371,0.185691015109777,0,99.4900697799249,0.0677512051423765,32.5144348553542,2.29015941227015,2.71393434279296,100,0,14.78537944781,298.143782227845,"Pasture_Minimal use","Pasture","Minimal use","SC2_2012__Numa 1","SC2_2012__Numa 1 4","39.2581048804749,-4.4001239422263","baited pit-fall traps","SC2_2012__Numa 1 4 10",3.29583686600433,26,26,1,"Spain","2005","individuals"
0,0.300149329828979,0.149586119906463,0,99.5502645502646,0.0779520121759702,32.5957938737045,2.29149132318126,2.85054851236566,100,0,14.7854081634979,298.250066201807,"Pasture_Minimal use","Pasture","Minimal use","SC2_2012__Numa 1","SC2_2012__Numa 1 4","39.2584799034859,-4.39924615635684","baited pit-fall traps","SC2_2012__Numa 1 4 11",3.3322045101752,27,27,1,"Spain","2005","individuals"
0,0.299933738777563,0.152314199503896,0,99.5477520617185,0.0717764736019651,32.4984487402679,2.2911134130328,2.78519000783641,99.9618257692123,0.0381742307877382,14.7853537828343,298.048789706328,"Pasture_Minimal use","Pasture","Minimal use","SC2_2012__Numa 1","SC2_2012__Numa 1 4","39.2578247429502,-4.39938971006067","baited pit-fall traps","SC2_2012__Numa 1 4 12",3.2188758248682,24,24,1,"Spain","2005","individuals"
0,0,0.605355064027932,0,99.3946449359721,0.040021368786581,18.9740123748779,2.21654582023621,3.32598292161831,100,0,14.7854324340821,298.33989773033,"Natural vegetation","Natural vegetation","Minimal use","SC2_2012__Numa 1","SC2_2012__Numa 1 5","39.3149543268883,-4.38565067514545","baited pit-fall traps","SC2_2012__Numa 1 5 13",3.49650756146648,32,32,1,"Spain","2005","individuals"
0,0,0.679475164011251,0,99.3205248359887,0.046676152735885,18.9740123748779,2.21654582023621,3.32437613106452,100,0,14.7854324340821,298.33989773033,"Natural vegetation","Natural vegetation","Minimal use","SC2_2012__Numa 1","SC2_2012__Numa 1 5","39.3155707484196,-4.38574704909556","baited pit-fall traps","SC2_2012__Numa 1 5 14",3.58351893845611,35,35,1,"Spain","2005","individuals"
0,0,0.667433831990791,0,99.3325661680092,0.0432135828407046,18.9740123748779,2.21654582023621,3.32759489593609,100,0,14.7854324340821,298.33989773033,"Natural vegetation","Natural vegetation","Minimal use","SC2_2012__Numa 1","SC2_2012__Numa 1 5","39.3151455505564,-4.38502030859063","baited pit-fall traps","SC2_2012__Numa 1 5 15",3.55534806148941,34,34,1,"Spain","2005","individuals"
0,0,0.891136801541421,0,99.1088631984586,0.0401983974983235,18.5259548151244,2.23616185882812,3.22659506728389,100,0,14.7854324340821,298.33989773033,"Natural vegetation","Natural vegetation","Minimal use","SC2_2012__Numa 1","SC2_2012__Numa 1 6","39.321573134716,-4.39286765461023","baited pit-fall traps","SC2_2012__Numa 1 6 16",3.2188758248682,24,24,1,"Spain","2005","individuals"
0,0,0.769230769230774,0,99.2307692307692,0.0427670593760377,18.6118518039305,2.23240127358501,3.23534481312908,100,0,14.7854324340821,298.33989773033,"Natural vegetation","Natural vegetation","Minimal use","SC2_2012__Numa 1","SC2_2012__Numa 1 6","39.3213292381971,-4.39225657873008","baited pit-fall traps","SC2_2012__Numa 1 6 17",3.40119738166216,29,29,1,"Spain","2005","individuals"
0,0,1.03614457831326,0,98.9638554216867,0.0437610837395991,18.6224070935442,2.23193916115452,3.22791102263459,100,0,14.7854324340821,298.33989773033,"Natural vegetation","Natural vegetation","Minimal use","SC2_2012__Numa 1","SC2_2012__Numa 1 6","39.3218901600143,-4.3921788409189","baited pit-fall traps","SC2_2012__Numa 1 6 18",3.3322045101752,27,27,1,"Spain","2005","individuals"
0,0,0.257941269048835,0,99.3636164143077,0.0586385292070865,18.9841634679359,2.21679527547549,3.33759329150755,100,0,14.7854547088249,298.32892932452,"Natural vegetation","Natural vegetation","Minimal use","SC2_2012__Numa 1","SC2_2012__Numa 1 7","39.3166868888993,-4.36132694832155","baited pit-fall traps","SC2_2012__Numa 1 7 19",3.29583686600433,26,26,1,"Spain","2005","individuals"
0,0,0.230001277410671,0,99.4743758212878,0.0552392103779063,19.0144769211756,2.21754020507932,3.32355599967224,100,0,14.7855374847631,298.288169254411,"Natural vegetation","Natural vegetation","Minimal use","SC2_2012__Numa 1","SC2_2012__Numa 1 7","39.3160738974107,-4.36095083945402","baited pit-fall traps","SC2_2012__Numa 1 7 20",3.29583686600433,26,26,1,"Spain","2005","individuals"
0,0,1.2514220705347,0,98.7485779294653,0.0858127963977789,18.9740123748779,2.21654582023621,3.23175314773443,100,0,14.7854324340821,298.33989773033,"Natural vegetation","Natural vegetation","Minimal use","SC2_2012__Numa 1","SC2_2012__Numa 1 8","39.3222139430047,-4.38422065932685","baited pit-fall traps","SC2_2012__Numa 1 8 21",3.43398720448515,30,30,1,"Spain","2005","individuals"
0,0,1.25085285421879,0,98.7491471457812,0.0824658746999662,18.9740123748779,2.21654582023621,3.2524245382092,100,0,14.7854324340821,298.33989773033,"Natural vegetation","Natural vegetation","Minimal use","SC2_2012__Numa 1","SC2_2012__Numa 1 8","39.321629102187,-4.38437049248399","baited pit-fall traps","SC2_2012__Numa 1 8 22",3.55534806148941,34,34,1,"Spain","2005","individuals"
0,0,1.25771781385777,0,98.7422821861422,0.0827793268858625,18.9740123748779,2.21654582023621,3.23590140529956,100,0,14.7854324340821,298.33989773033,"Natural vegetation","Natural vegetation","Minimal use","SC2_2012__Numa 1","SC2_2012__Numa 1 8","39.3220293992481,-4.38503207517844","baited pit-fall traps","SC2_2012__Numa 1 8 23",3.25809653802148,25,25,1,"Spain","2005","individuals"
0,0,20.4678362573099,0,79.5321637426901,0.577026233438626,4.37556838989258,2.42415904998779,2.65252879063746,100,0,16.5310379028321,331.339464759367,"Natural vegetation","Natural vegetation","Minimal use","SC2_2012__Verdasca 1","SC2_2012__Verdasca 1 ","37.1688645467,-7.86624457865","fixed plots/quadrats","SC2_2012__Verdasca 1  1",4.4188406077966,82,82,1,"Portugal","2005","individuals"
0,0,66.6666666666667,0,33.3333333333333,0,1.46337962150574,0.0704223215579987,0.213972118110652,52.916407576753,0,16.4882319132487,336.151645864447,"Natural vegetation","Natural vegetation","Light use","SC2_2012__Verdasca 1","SC2_2012__Verdasca 1 ","37.2308117748,-7.97980705862","fixed plots/quadrats","SC2_2012__Verdasca 1  2",3.52636052461616,33,33,1,"Portugal","2005","individuals"
0,0,9.09090909090909,0,90.9090909090909,0,1.46337962150574,0.0704223215579987,0.170011846933449,7.39377454388495,0,16.4882319132487,336.151645864447,"Natural vegetation","Natural vegetation","Minimal use","SC2_2012__Verdasca 1","SC2_2012__Verdasca 1 ","37.2168087743,-7.96321006732","fixed plots/quadrats","SC2_2012__Verdasca 1  3",2.70805020110221,14,14,1,"Portugal","2005","individuals"
0,0,18.5185185185185,0,81.4814814814815,0,2.41296183591349,1.12971438024618,0.193471595004088,79.3470477073074,0,16.5310379028321,331.339464759367,"Natural vegetation","Natural vegetation","Light use","SC2_2012__Verdasca 1","SC2_2012__Verdasca 1 ","37.2007838346,-7.88850083149","fixed plots/quadrats","SC2_2012__Verdasca 1  4",4.07753744390572,58,58,1,"Portugal","2005","individuals"
0,0,8.79629629629629,0,91.2037037037037,0,1.56289196014404,0.0235702600330114,1.38276120385989,100,0,16.1734532674154,328.052484775981,"Natural vegetation","Natural vegetation","Minimal use","SC2_2012__Verdasca 1","SC2_2012__Verdasca 1 ","37.2819464621,-7.91680396658","fixed plots/quadrats","SC2_2012__Verdasca 1  5",3.87120101090789,47,47,1,"Portugal","2005","individuals"
0,0,22.2222222222222,0,77.7777777777778,0,3.22025157340787,1.69795333391463,0.00642190074033497,39.7769248080311,0,16.5310379028321,331.339464759367,"Natural vegetation","Natural vegetation","Light use","SC2_2012__Verdasca 1","SC2_2012__Verdasca 1 ","37.1978474396,-7.92723582698","fixed plots/quadrats","SC2_2012__Verdasca 1  6",4.55387689160054,94,94,1,"Portugal","2005","individuals"
0,0,30.952380952381,0,69.047619047619,0,0.798069894313812,0.0286744851619005,1.36236837099408,92.1274121541782,0,16.1734532674154,328.052484775981,"Natural vegetation","Natural vegetation","Minimal use","SC2_2012__Verdasca 1","SC2_2012__Verdasca 1 ","37.2870406749,-7.8690208743","fixed plots/quadrats","SC2_2012__Verdasca 1  7",3.43398720448515,30,30,1,"Portugal","2005","individuals"
0,0,25,0,75,0,4.06290612716556,2.19850976509306,1.26122654878989,82.3287697931182,0,16.4882319132487,336.151645864447,"Natural vegetation","Natural vegetation","Minimal use","SC2_2012__Verdasca 1","SC2_2012__Verdasca 1 ","37.1952624472,-7.96504221501","fixed plots/quadrats","SC2_2012__Verdasca 1  8",3.3322045101752,27,27,1,"Portugal","2005","individuals"
0,0,19.1780821917808,0,80.8219178082192,0,2.5380060694845,1.20630458226632,0.447996916611124,93.7129250565295,0,16.5715422842484,330.767552510137,"Natural vegetation","Natural vegetation","Minimal use","SC2_2012__Verdasca 1","SC2_2012__Verdasca 1 ","37.2002961513,-7.85705169061","fixed plots/quadrats","SC2_2012__Verdasca 1  9",3.68887945411394,39,39,1,"Portugal","2005","individuals"
0,0,7.4074074074074,0,92.5925925925926,0,1.46337962150574,0.0704223215579987,0.601375561682284,37.819446640644,0,16.4882319132487,336.151645864447,"Natural vegetation","Natural vegetation","Minimal use","SC2_2012__Verdasca 1","SC2_2012__Verdasca 1 ","37.2186336728,-7.98410554725","fixed plots/quadrats","SC2_2012__Verdasca 1  10",2.63905732961526,13,13,1,"Portugal","2005","individuals"
0,0,10.2880658436214,0,89.7119341563786,0,1.71189731262754,0.354693410020958,1.13597663078911,73.5786444709613,0,16.1103794274172,338.813141771805,"Natural vegetation","Natural vegetation","Minimal use","SC2_2012__Verdasca 1","SC2_2012__Verdasca 1 ","37.2813619898,-8.04970866356","fixed plots/quadrats","SC2_2012__Verdasca 1  11",4.58496747867057,97,97,1,"Portugal","2005","individuals"
0,0,28.5714285714286,0,71.4285714285714,0,2.01090830234895,0.719351678408683,0.623991381030675,100,0,16.8483999947742,326.858387367832,"Natural vegetation","Natural vegetation","Light use","SC2_2012__Verdasca 1","SC2_2012__Verdasca 1 ","37.2031732391,-7.83914745642","fixed plots/quadrats","SC2_2012__Verdasca 1  12",3.78418963391826,43,43,1,"Portugal","2005","individuals"
0,0,12,0,88,0,1.10059254759373,0.0797215357883692,0.202186576037168,44.8550057194961,0,15.9913243611654,334.291839386424,"Natural vegetation","Natural vegetation","Minimal use","SC2_2012__Verdasca 1","SC2_2012__Verdasca 1 ","37.2717209009,-8.00290310451","fixed plots/quadrats","SC2_2012__Verdasca 1  13",3.3322045101752,27,27,1,"Portugal","2005","individuals"
0,0,18.1818181818182,0,81.8181818181818,0,4.50209463664132,2.55804891590584,1.42307851638006,83.7865625458026,0,16.4882319132487,336.151645864447,"Natural vegetation","Natural vegetation","Minimal use","SC2_2012__Verdasca 1","SC2_2012__Verdasca 1 ","37.192575807,-7.9743232682","fixed plots/quadrats","SC2_2012__Verdasca 1  14",3.46573590279973,31,31,1,"Portugal","2005","individuals"
2.18695595111421,0,11.4343065073576,0,86.3787375415282,0,1.04516732692719,0.0869022905826569,2.10720905224124,100,0,15.9913243611654,334.291839386424,"Natural vegetation","Natural vegetation","Minimal use","SC2_2012__Verdasca 1","SC2_2012__Verdasca 1 ","37.2700959336,-7.96758235944","fixed plots/quadrats","SC2_2012__Verdasca 1  15",3.73766961828337,41,41,1,"Portugal","2005","individuals"
0,0,2.92207792207793,0,97.0779220779221,0,4.57371379618901,2.55774357358516,1.8112635744965,59.1750168496559,0,16.5309169619069,331.353060745363,"Natural vegetation","Natural vegetation","Minimal use","SC2_2012__Verdasca 1","SC2_2012__Verdasca 1 ","37.1857565325,-7.93912736203","fixed plots/quadrats","SC2_2012__Verdasca 1  16",3.49650756146648,32,32,1,"Portugal","2005","individuals"
0,0,100,0,0,0,2.20483692227704,0.897748188830217,0.301692302412457,7.63631336181273,0,16.5105860145965,333.638633429177,"Natural vegetation","Natural vegetation","Minimal use","SC2_2012__Verdasca 1","SC2_2012__Verdasca 1 ","37.2025448762,-7.94960913066","fixed plots/quadrats","SC2_2012__Verdasca 1  17",3.17805383034795,23,23,1,"Portugal","2005","individuals"
0,0,100,0,0,0,1.46337962150574,0.0704223215579987,0.458824994776464,26.7327186333406,0,16.4882319132487,336.151645864447,"Natural vegetation","Natural vegetation","Minimal use","SC2_2012__Verdasca 1","SC2_2012__Verdasca 1 ","37.2150250541,-7.97056242002","fixed plots/quadrats","SC2_2012__Verdasca 1  18",2.63905732961526,13,13,1,"Portugal","2005","individuals"
0,0,21.4285714285714,0,78.5714285714286,0,3.85949617613303,2.0693167619696,0.704752298751978,38.4283338011546,0,16.5062584146778,334.125135312718,"Natural vegetation","Natural vegetation","Minimal use","SC2_2012__Verdasca 1","SC2_2012__Verdasca 1 ","37.1958521135,-7.95138975566","fixed plots/quadrats","SC2_2012__Verdasca 1  19",3.68887945411394,39,39,1,"Portugal","2005","individuals"
0,0,22.3300970873786,0,77.6699029126214,0.0211942753616828,4.27020806539618,2.41624756301965,2.20958461725287,100,0,16.6137314033396,330.171852164921,"Natural vegetation","Natural vegetation","Minimal use","SC2_2012__Verdasca 1","SC2_2012__Verdasca 1 ","37.1704936025,-7.85433184101","fixed plots/quadrats","SC2_2012__Verdasca 1  20",4.57471097850338,96,96,1,"Portugal","2005","individuals"
0,0,33.3333333333333,0,66.6666666666667,0,1.12884211540222,0.0760615915060043,0.582699017582214,68.7070066525938,0,15.9913243611654,334.291839386424,"Natural vegetation","Natural vegetation","Minimal use","SC2_2012__Verdasca 1","SC2_2012__Verdasca 1 ","37.2604747718,-8.02337153153","fixed plots/quadrats","SC2_2012__Verdasca 1  21",3.80666248977032,44,44,1,"Portugal","2005","individuals"
0,0,20.8333333333333,0,79.1666666666667,0,1.12884211540222,0.0760615915060043,2.36884229462289,62.6056342022536,0,15.9913243611654,334.291839386424,"Natural vegetation","Natural vegetation","Minimal use","SC2_2012__Verdasca 1","SC2_2012__Verdasca 1 ","37.2746245908,-8.0232020605","fixed plots/quadrats","SC2_2012__Verdasca 1  22",3.95124371858143,51,51,1,"Portugal","2005","individuals"
0,0,16,0,84,0,0.798069894313812,0.0286744851619005,1.82161448697949,77.7895541421148,0,16.1734532674154,328.052484775981,"Natural vegetation","Natural vegetation","Minimal use","SC2_2012__Verdasca 1","SC2_2012__Verdasca 1 ","37.2736376266,-7.87266046658","fixed plots/quadrats","SC2_2012__Verdasca 1  23",4.47733681447821,87,87,1,"Portugal","2005","individuals"
0,0,16.4948453608247,0,83.5051546391753,0,1.04516732692719,0.0869022905826569,1.56424797566124,90.9454168959501,0,15.9913243611654,334.291839386424,"Natural vegetation","Natural vegetation","Minimal use","SC2_2012__Verdasca 1","SC2_2012__Verdasca 1 ","37.2799671711,-7.96178093422","fixed plots/quadrats","SC2_2012__Verdasca 1  24",4.0943445622221,59,59,1,"Portugal","2005","individuals"
0,0,100,0,0,0,1.0966771967807,0.0780887443519118,1.1199038592514,63.4937481452057,0,16.7292003214624,328.541458455141,"Natural vegetation","Natural vegetation","Minimal use","SC2_2012__Verdasca 1","SC2_2012__Verdasca 1 ","37.2338511574,-7.84783289811","fixed plots/quadrats","SC2_2012__Verdasca 1  25",3.87120101090789,47,47,1,"Portugal","2005","individuals"
0,0,17.3228346456693,0,82.6771653543307,0,1.40661811828613,0.357393324375153,3.03631808255008,93.7073964603327,0,16.1734532674154,328.052484775981,"Natural vegetation","Natural vegetation","Minimal use","SC2_2012__Verdasca 1","SC2_2012__Verdasca 1 ","37.3103259392,-7.92218095453","fixed plots/quadrats","SC2_2012__Verdasca 1  26",3.49650756146648,32,32,1,"Portugal","2005","individuals"
0,0,9.64513193812557,0,90.3548680618744,0,1.56289196014404,0.0235702600330114,2.60083120027494,100,0,16.1734532674154,328.052484775981,"Natural vegetation","Natural vegetation","Light use","SC2_2012__Verdasca 1","SC2_2012__Verdasca 1 ","37.287546553,-7.92577380533","fixed plots/quadrats","SC2_2012__Verdasca 1  27",3.58351893845611,35,35,1,"Portugal","2005","individuals"
0,0,8.04597701149426,0,91.9540229885057,0,4.57765592876671,2.56463166514394,1.29522649143821,35.9882924600402,0,16.5282994797407,331.647313917538,"Natural vegetation","Natural vegetation","Minimal use","SC2_2012__Verdasca 1","SC2_2012__Verdasca 1 ","37.1900156277,-7.94138775445","fixed plots/quadrats","SC2_2012__Verdasca 1  28",3.73766961828337,41,41,1,"Portugal","2005","individuals"
0,0,100,0,0,0,0.798069894313812,0.0286744851619005,1.44675516153267,50.8003200168972,0,16.1734532674154,328.052484775981,"Natural vegetation","Natural vegetation","Minimal use","SC2_2012__Verdasca 1","SC2_2012__Verdasca 1 ","37.2654657957,-7.86519253854","fixed plots/quadrats","SC2_2012__Verdasca 1  29",4.12713438504509,61,61,1,"Portugal","2005","individuals"
0,0,24.7311827956989,0,75.2688172043011,0,1.21285292258751,0.116208877889334,0.95948432251968,56.6746236456273,0,16.0081413764434,334.930491849401,"Natural vegetation","Natural vegetation","Minimal use","SC2_2012__Verdasca 1","SC2_2012__Verdasca 1 ","37.2761047424,-8.04149454746","fixed plots/quadrats","SC2_2012__Verdasca 1  30",3.98898404656427,53,53,1,"Portugal","2005","individuals"
0,0,100,0,0,0,4.57349109649658,2.55735445022583,0.422791224737861,16.1514112000657,0,16.5310379028321,331.339464759367,"Natural vegetation","Natural vegetation","Minimal use","SC2_2012__Verdasca 1","SC2_2012__Verdasca 1 ","37.1901080946,-7.92822893126","fixed plots/quadrats","SC2_2012__Verdasca 1  31",3.52636052461616,33,33,1,"Portugal","2005","individuals"
0,0,100,0,0,0,0.839551738930455,0.183232973529816,0.28812932522123,12.9778969475204,0,16.5308354300135,331.362226430837,"Natural vegetation","Natural vegetation","Minimal use","SC2_2012__Verdasca 1","SC2_2012__Verdasca 1 ","37.2076093256,-7.93925305315","fixed plots/quadrats","SC2_2012__Verdasca 1  32",3.2188758248682,24,24,1,"Portugal","2005","individuals"
0,0,21.4285714285714,0,78.5714285714286,0,2.05790478995312,0.959782369943857,0.178605279179019,47.3693127430672,0,16.5310379028321,331.339464759367,"Natural vegetation","Natural vegetation","Minimal use","SC2_2012__Verdasca 1","SC2_2012__Verdasca 1 ","37.2021251313,-7.91531796082","fixed plots/quadrats","SC2_2012__Verdasca 1  33",4.77068462446567,117,117,1,"Portugal","2005","individuals"
0,0,10.5263157894737,0,89.4736842105263,0,4.50941341919967,2.51423230410974,0.945516066490651,50.2960801596699,0,16.5310379028321,331.339464759367,"Natural vegetation","Natural vegetation","Minimal use","SC2_2012__Verdasca 1","SC2_2012__Verdasca 1 ","37.1869192984,-7.90315402599","fixed plots/quadrats","SC2_2012__Verdasca 1  34",4.46590811865458,86,86,1,"Portugal","2005","individuals"
0,0,32.3943661971831,0,67.6056338028169,0,4.37556838989258,2.42415904998779,1.56589570817043,100,0,16.5310379028321,331.339464759367,"Natural vegetation","Natural vegetation","Minimal use","SC2_2012__Verdasca 1","SC2_2012__Verdasca 1 ","37.1805491745,-7.86799803003","fixed plots/quadrats","SC2_2012__Verdasca 1  35",3.91202300542815,49,49,1,"Portugal","2005","individuals"
0,0,10.6382978723404,0,89.3617021276596,0,0.991092542828388,0.0360059932674732,0.79685362136757,86.683996294081,0,16.4605948002009,324.166230509429,"Natural vegetation","Natural vegetation","Minimal use","SC2_2012__Verdasca 1","SC2_2012__Verdasca 1 ","37.2548827668,-7.84535491154","fixed plots/quadrats","SC2_2012__Verdasca 1  36",3.93182563272433,50,50,1,"Portugal","2005","individuals"
0,0,13.0434782608696,0,86.9565217391304,0,0.882862678333727,0.0917458976659089,1.66864030781679,75.1125772273329,0,16.5616331058627,330.907467756351,"Natural vegetation","Natural vegetation","Minimal use","SC2_2012__Verdasca 1","SC2_2012__Verdasca 1 ","37.2215173341,-7.85778486438","fixed plots/quadrats","SC2_2012__Verdasca 1  37",3.61091791264422,36,36,1,"Portugal","2005","individuals"
0,0,9.62566844919786,0,90.3743315508021,0,1.07701887782783,0.0856471563385143,1.77793162807779,81.5800468844464,0,16.029939338691,334.43636603942,"Natural vegetation","Natural vegetation","Minimal use","SC2_2012__Verdasca 1","SC2_2012__Verdasca 1 ","37.2566571869,-7.97024585634","fixed plots/quadrats","SC2_2012__Verdasca 1  38",3.43398720448515,30,30,1,"Portugal","2005","individuals"
0,0,0,0,100,0,1.17993114044289,0.100476137542007,1.4647081325331,23.7896525565163,0,16.0014446851916,334.676174523107,"Natural vegetation","Natural vegetation","Minimal use","SC2_2012__Verdasca 1","SC2_2012__Verdasca 1 ","37.2648771601,-8.04070656053","fixed plots/quadrats","SC2_2012__Verdasca 1  39",3.46573590279973,31,31,1,"Portugal","2005","individuals"
0,0,8.61244019138756,0,91.3875598086124,0,1.5566627308961,0.0929558529803447,1.48012953419427,83.1879754043109,0,16.4882319132487,336.151645864447,"Natural vegetation","Natural vegetation","Minimal use","SC2_2012__Verdasca 1","SC2_2012__Verdasca 1 ","37.2318051652,-7.99357046622","fixed plots/quadrats","SC2_2012__Verdasca 1  40",3.46573590279973,31,31,1,"Portugal","2005","individuals"
0,0,12.3076923076923,0,87.6923076923077,0,1.46337962150574,0.0704223215579987,0.731597375627391,35.0884861292791,0,16.4882319132487,336.151645864447,"Natural vegetation","Natural vegetation","Minimal use","SC2_2012__Verdasca 1","SC2_2012__Verdasca 1 ","37.2237382656,-7.98525087069","fixed plots/quadrats","SC2_2012__Verdasca 1  41",2.70805020110221,14,14,1,"Portugal","2005","individuals"
0,0,100,0,0,0,2.5391546555308,0.979168175637651,0.344339905998803,37.9736000401288,0,16.4906312919756,335.881911533212,"Natural vegetation","Natural vegetation","Minimal use","SC2_2012__Verdasca 1","SC2_2012__Verdasca 1 ","37.2021384337,-7.95883592621","fixed plots/quadrats","SC2_2012__Verdasca 1  42",3.17805383034795,23,23,1,"Portugal","2005","individuals"
0.642720941500944,0,8.0529312324121,0,91.304347826087,0,1.04516732692719,0.0869022905826569,1.24219828787325,38.9635828357589,0,15.9913243611654,334.291839386424,"Natural vegetation","Natural vegetation","Minimal use","SC2_2012__Verdasca 1","SC2_2012__Verdasca 1 ","37.2665166434,-7.98861630648","fixed plots/quadrats","SC2_2012__Verdasca 1  43",3.3322045101752,27,27,1,"Portugal","2005","individuals"
0,0,16.6666666666667,0,83.3333333333333,0,4.07419914759486,2.24657922837865,0.76650338816735,14.5387200886213,0,16.5227283612702,332.273610174185,"Natural vegetation","Natural vegetation","Minimal use","SC2_2012__Verdasca 1","SC2_2012__Verdasca 1 ","37.1944614701,-7.94437724313","fixed plots/quadrats","SC2_2012__Verdasca 1  44",3.55534806148941,34,34,1,"Portugal","2005","individuals"
0,0,21.6867469879518,0,78.3132530120482,0,0.798069894313812,0.0286744851619005,1.65229196008448,83.4579634301087,0,16.1734532674154,328.052484775981,"Natural vegetation","Natural vegetation","Minimal use","SC2_2012__Verdasca 1","SC2_2012__Verdasca 1 ","37.2758249141,-7.86705930689","fixed plots/quadrats","SC2_2012__Verdasca 1  45",4.61512051684126,100,100,1,"Portugal","2005","individuals"
0,0,0.385988900119901,3.17695646805113,96.437054631829,0.324384515140536,52.8740196228027,2.13972473144531,2.29541514377058,0,0,10.5937744140625,755.409814999439,"Semi-natural vegetation_Light use","Semi-natural vegetation","Light use","VB1_2006__Smith 1","VB1_2006__Smith 1 ","51.4162539,-1.4183809","soil core","VB1_2006__Smith 1  1",2.56494935746154,12,12,1,"United Kingdom","2006","individuals"
0,0,0.385988900119901,3.17695646805113,96.437054631829,0.324384515140536,52.8740196228027,2.13972473144531,2.29541514377058,0,0,10.5937744140625,755.409814999439,"Semi-natural vegetation_Light use","Semi-natural vegetation","Light use","VB1_2006__Smith 1","VB1_2006__Smith 1 ","51.4162539,-1.4183809","soil core","VB1_2006__Smith 1  2",2.19722457733622,8,8,1,"United Kingdom","2006","individuals"
0,0,0.385988900119901,3.17695646805113,96.437054631829,0.324384515140536,52.8740196228027,2.13972473144531,2.29541514377058,0,0,10.5937744140625,755.409814999439,"Semi-natural vegetation_Light use","Semi-natural vegetation","Light use","VB1_2006__Smith 1","VB1_2006__Smith 1 ","51.4162539,-1.4183809","soil core","VB1_2006__Smith 1  3",2.83321334405622,16,16,1,"United Kingdom","2006","individuals"
0,0,0.385988900119901,3.17695646805113,96.437054631829,0.324384515140536,52.8740196228027,2.13972473144531,2.29541514377058,0,0,10.5937744140625,755.409814999439,"Semi-natural vegetation_Light use","Semi-natural vegetation","Light use","VB1_2006__Smith 1","VB1_2006__Smith 1 ","51.4159461,-1.4083816","soil core","VB1_2006__Smith 1  4",2.39789527279837,10,10,1,"United Kingdom","2006","individuals"
0,0,0.385988900119901,3.17695646805113,96.437054631829,0.324384515140536,52.8740196228027,2.13972473144531,2.29541514377058,0,0,10.5937744140625,755.409814999439,"Semi-natural vegetation_Light use","Semi-natural vegetation","Light use","VB1_2006__Smith 1","VB1_2006__Smith 1 ","51.4159461,-1.4083816","soil core","VB1_2006__Smith 1  5",2.99573227355399,19,19,1,"United Kingdom","2006","individuals"
0,0,0.385988900119901,3.17695646805113,96.437054631829,0.324384515140536,52.8740196228027,2.13972473144531,2.29541514377058,0,0,10.5937744140625,755.409814999439,"Semi-natural vegetation_Light use","Semi-natural vegetation","Light use","VB1_2006__Smith 1","VB1_2006__Smith 1 ","51.4159461,-1.4083816","soil core","VB1_2006__Smith 1  6",2.63905732961526,13,13,1,"United Kingdom","2006","individuals"
0,0,0.385988900119901,3.17695646805113,96.437054631829,0.324384515140536,52.8740196228027,2.13972473144531,2.29541514377058,0,0,10.5937744140625,755.409814999439,"Semi-natural vegetation_Light use","Semi-natural vegetation","Light use","VB1_2006__Smith 1","VB1_2006__Smith 1 ","51.4207501,-1.4059998","soil core","VB1_2006__Smith 1  7",2.70805020110221,14,14,1,"United Kingdom","2006","individuals"
0,0,0.385988900119901,3.17695646805113,96.437054631829,0.324384515140536,52.8740196228027,2.13972473144531,2.29541514377058,0,0,10.5937744140625,755.409814999439,"Semi-natural vegetation_Light use","Semi-natural vegetation","Light use","VB1_2006__Smith 1","VB1_2006__Smith 1 ","51.4207501,-1.4059998","soil core","VB1_2006__Smith 1  8",2.39789527279837,10,10,1,"United Kingdom","2006","individuals"
0,0,0.385988900119901,3.17695646805113,96.437054631829,0.324384515140536,52.8740196228027,2.13972473144531,2.29541514377058,0,0,10.5937744140625,755.409814999439,"Semi-natural vegetation_Light use","Semi-natural vegetation","Light use","VB1_2006__Smith 1","VB1_2006__Smith 1 ","51.4207501,-1.4059998","soil core","VB1_2006__Smith 1  9",2.56494935746154,12,12,1,"United Kingdom","2006","individuals"
0,0,0.385988900119901,3.17695646805113,96.437054631829,0.324384515140536,52.8740196228027,2.13972473144531,2.29541514377058,0,0,10.5937744140625,755.409814999439,"Cropland_Intense use","Cropland","Intense use","VB1_2006__Smith 1","VB1_2006__Smith 1 ","51.4168579,-1.4164615","soil core","VB1_2006__Smith 1  10",1.09861228866811,2,2,1,"United Kingdom","2006","individuals"
0,0,0.385988900119901,3.17695646805113,96.437054631829,0.324384515140536,52.8740196228027,2.13972473144531,2.29541514377058,0,0,10.5937744140625,755.409814999439,"Cropland_Intense use","Cropland","Intense use","VB1_2006__Smith 1","VB1_2006__Smith 1 ","51.4168579,-1.4164615","soil core","VB1_2006__Smith 1  11",1.38629436111989,3,3,1,"United Kingdom","2006","individuals"
0,0,0.385988900119901,3.17695646805113,96.437054631829,0.324384515140536,52.8740196228027,2.13972473144531,2.29541514377058,0,0,10.5937744140625,755.409814999439,"Cropland_Intense use","Cropland","Intense use","VB1_2006__Smith 1","VB1_2006__Smith 1 ","51.4168579,-1.4164615","soil core","VB1_2006__Smith 1  12",1.09861228866811,2,2,1,"United Kingdom","2006","individuals"
0,0,0.385988900119901,3.17695646805113,96.437054631829,0.324384515140536,52.8740196228027,2.13972473144531,2.29541514377058,0,0,10.5937744140625,755.409814999439,"Cropland_Intense use","Cropland","Intense use","VB1_2006__Smith 1","VB1_2006__Smith 1 ","51.4158944,-1.4134789","soil core","VB1_2006__Smith 1  13",1.09861228866811,2,2,1,"United Kingdom","2006","individuals"
0,0,0.385988900119901,3.17695646805113,96.437054631829,0.324384515140536,52.8740196228027,2.13972473144531,2.29541514377058,0,0,10.5937744140625,755.409814999439,"Cropland_Intense use","Cropland","Intense use","VB1_2006__Smith 1","VB1_2006__Smith 1 ","51.4158944,-1.4134789","soil core","VB1_2006__Smith 1  14",1.94591014905531,6,6,1,"United Kingdom","2006","individuals"
0,0,0.385988900119901,3.17695646805113,96.437054631829,0.324384515140536,52.8740196228027,2.13972473144531,2.29541514377058,0,0,10.5937744140625,755.409814999439,"Cropland_Intense use","Cropland","Intense use","VB1_2006__Smith 1","VB1_2006__Smith 1 ","51.4158944,-1.4134789","soil core","VB1_2006__Smith 1  15",1.09861228866811,2,2,1,"United Kingdom","2006","individuals"
0,0,0.385988900119901,3.17695646805113,96.437054631829,0.324384515140536,52.8740196228027,2.13972473144531,2.29541514377058,0,0,10.5937744140625,755.409814999439,"Cropland_Intense use","Cropland","Intense use","VB1_2006__Smith 1","VB1_2006__Smith 1 ","51.4228445,-1.4063493","soil core","VB1_2006__Smith 1  16",1.6094379124341,4,4,1,"United Kingdom","2006","individuals"
0,0,0.385988900119901,3.17695646805113,96.437054631829,0.324384515140536,52.8740196228027,2.13972473144531,2.29541514377058,0,0,10.5937744140625,755.409814999439,"Cropland_Intense use","Cropland","Intense use","VB1_2006__Smith 1","VB1_2006__Smith 1 ","51.4228445,-1.4063493","soil core","VB1_2006__Smith 1  17",2.07944154167984,7,7,1,"United Kingdom","2006","individuals"
0,0,0.385988900119901,3.17695646805113,96.437054631829,0.324384515140536,52.8740196228027,2.13972473144531,2.29541514377058,0,0,10.5937744140625,755.409814999439,"Cropland_Intense use","Cropland","Intense use","VB1_2006__Smith 1","VB1_2006__Smith 1 ","51.4228445,-1.4063493","soil core","VB1_2006__Smith 1  18",2.07944154167984,7,7,1,"United Kingdom","2006","individuals"
0,0,0.385988900119901,3.17695646805113,96.437054631829,0.324384515140536,52.8740196228027,2.13972473144531,2.29541514377058,0,0,10.5937744140625,755.409814999439,"Natural vegetation","Natural vegetation","Light use","VB1_2006__Smith 1","VB1_2006__Smith 1 ","51.4137633,-1.392089","soil core","VB1_2006__Smith 1  19",1.38629436111989,3,3,1,"United Kingdom","2006","individuals"
0,0,0.385988900119901,3.17695646805113,96.437054631829,0.324384515140536,52.8740196228027,2.13972473144531,2.29541514377058,0,0,10.5937744140625,755.409814999439,"Natural vegetation","Natural vegetation","Light use","VB1_2006__Smith 1","VB1_2006__Smith 1 ","51.4137633,-1.392089","soil core","VB1_2006__Smith 1  20",1.79175946922805,5,5,1,"United Kingdom","2006","individuals"
0,0,0.385988900119901,3.17695646805113,96.437054631829,0.324384515140536,52.8740196228027,2.13972473144531,2.29541514377058,0,0,10.5937744140625,755.409814999439,"Natural vegetation","Natural vegetation","Light use","VB1_2006__Smith 1","VB1_2006__Smith 1 ","51.4137633,-1.392089","soil core","VB1_2006__Smith 1  21",1.6094379124341,4,4,1,"United Kingdom","2006","individuals"
0,0,0.385988900119901,3.17695646805113,96.437054631829,0.324384515140536,52.8740196228027,2.13972473144531,2.29541514377058,0,0,10.5937744140625,755.409814999439,"Natural vegetation","Natural vegetation","Light use","VB1_2006__Smith 1","VB1_2006__Smith 1 ","51.4221874,-1.4161106","soil core","VB1_2006__Smith 1  22",0.693147180559945,1,1,1,"United Kingdom","2006","individuals"
0,0,0.385988900119901,3.17695646805113,96.437054631829,0.324384515140536,52.8740196228027,2.13972473144531,2.29541514377058,0,0,10.5937744140625,755.409814999439,"Natural vegetation","Natural vegetation","Light use","VB1_2006__Smith 1","VB1_2006__Smith 1 ","51.4221874,-1.4161106","soil core","VB1_2006__Smith 1  23",1.38629436111989,3,3,1,"United Kingdom","2006","individuals"
0,0,0.385988900119901,3.17695646805113,96.437054631829,0.324384515140536,52.8740196228027,2.13972473144531,2.29541514377058,0,0,10.5937744140625,755.409814999439,"Natural vegetation","Natural vegetation","Light use","VB1_2006__Smith 1","VB1_2006__Smith 1 ","51.4221874,-1.4161106","soil core","VB1_2006__Smith 1  24",1.6094379124341,4,4,1,"United Kingdom","2006","individuals"
0,0,0.385988900119901,3.17695646805113,96.437054631829,0.324384515140536,52.8740196228027,2.13972473144531,2.29541514377058,0,0,10.5937744140625,755.409814999439,"Natural vegetation","Natural vegetation","Light use","VB1_2006__Smith 1","VB1_2006__Smith 1 ","51.4341139,-1.4443787","soil core","VB1_2006__Smith 1  25",1.38629436111989,3,3,1,"United Kingdom","2006","individuals"
0,0,0.385988900119901,3.17695646805113,96.437054631829,0.324384515140536,52.8740196228027,2.13972473144531,2.29541514377058,0,0,10.5937744140625,755.409814999439,"Natural vegetation","Natural vegetation","Light use","VB1_2006__Smith 1","VB1_2006__Smith 1 ","51.4341139,-1.4443787","soil core","VB1_2006__Smith 1  26",0.693147180559945,1,1,1,"United Kingdom","2006","individuals"
0,0,0.385988900119901,3.17695646805113,96.437054631829,0.324384515140536,52.8740196228027,2.13972473144531,2.29541514377058,0,0,10.5937744140625,755.409814999439,"Natural vegetation","Natural vegetation","Light use","VB1_2006__Smith 1","VB1_2006__Smith 1 ","51.4341139,-1.4443787","soil core","VB1_2006__Smith 1  27",1.79175946922805,5,5,1,"United Kingdom","2006","individuals"
0,0,0.385988900119901,3.17695646805113,96.437054631829,0.324384515140536,52.8740196228027,2.13972473144531,2.29541514377058,0,0,10.5937744140625,755.409814999439,"Semi-natural vegetation_Light use","Semi-natural vegetation","Light use","VB1_2006__Smith 1","VB1_2006__Smith 1 ","51.4164148,-1.414868","soil core","VB1_2006__Smith 1  37",3.46573590279973,31,31,1,"United Kingdom","2006","individuals"
0,0,0.385988900119901,3.17695646805113,96.437054631829,0.324384515140536,52.8740196228027,2.13972473144531,2.29541514377058,0,0,10.5937744140625,755.409814999439,"Semi-natural vegetation_Light use","Semi-natural vegetation","Light use","VB1_2006__Smith 1","VB1_2006__Smith 1 ","51.4164148,-1.414868","soil core","VB1_2006__Smith 1  38",2.94443897916644,18,18,1,"United Kingdom","2006","individuals"
0,0,0.385988900119901,3.17695646805113,96.437054631829,0.324384515140536,52.8740196228027,2.13972473144531,2.29541514377058,0,0,10.5937744140625,755.409814999439,"Semi-natural vegetation_Light use","Semi-natural vegetation","Light use","VB1_2006__Smith 1","VB1_2006__Smith 1 ","51.4164148,-1.414868","soil core","VB1_2006__Smith 1  39",3.73766961828337,41,41,1,"United Kingdom","2006","individuals"
0,0,0.385988900119901,3.17695646805113,96.437054631829,0.324384515140536,52.8740196228027,2.13972473144531,2.29541514377058,0,0,10.5937744140625,755.409814999439,"Semi-natural vegetation_Light use","Semi-natural vegetation","Light use","VB1_2006__Smith 1","VB1_2006__Smith 1 ","51.4163044,-1.4120839","soil core","VB1_2006__Smith 1  40",3.49650756146648,32,32,1,"United Kingdom","2006","individuals"
0,0,0.385988900119901,3.17695646805113,96.437054631829,0.324384515140536,52.8740196228027,2.13972473144531,2.29541514377058,0,0,10.5937744140625,755.409814999439,"Semi-natural vegetation_Light use","Semi-natural vegetation","Light use","VB1_2006__Smith 1","VB1_2006__Smith 1 ","51.4163044,-1.4120839","soil core","VB1_2006__Smith 1  41",3.46573590279973,31,31,1,"United Kingdom","2006","individuals"
0,0,0.385988900119901,3.17695646805113,96.437054631829,0.324384515140536,52.8740196228027,2.13972473144531,2.29541514377058,0,0,10.5937744140625,755.409814999439,"Semi-natural vegetation_Light use","Semi-natural vegetation","Light use","VB1_2006__Smith 1","VB1_2006__Smith 1 ","51.4163044,-1.4120839","soil core","VB1_2006__Smith 1  42",3.78418963391826,43,43,1,"United Kingdom","2006","individuals"
0,0,0.385988900119901,3.17695646805113,96.437054631829,0.324384515140536,52.8740196228027,2.13972473144531,2.29541514377058,0,0,10.5937744140625,755.409814999439,"Semi-natural vegetation_Light use","Semi-natural vegetation","Light use","VB1_2006__Smith 1","VB1_2006__Smith 1 ","51.4213191,-1.4061348","soil core","VB1_2006__Smith 1  43",2.77258872223978,15,15,1,"United Kingdom","2006","individuals"
0,0,0.385988900119901,3.17695646805113,96.437054631829,0.324384515140536,52.8740196228027,2.13972473144531,2.29541514377058,0,0,10.5937744140625,755.409814999439,"Semi-natural vegetation_Light use","Semi-natural vegetation","Light use","VB1_2006__Smith 1","VB1_2006__Smith 1 ","51.4213191,-1.4061348","soil core","VB1_2006__Smith 1  44",3.3322045101752,27,27,1,"United Kingdom","2006","individuals"
0,0,0.385988900119901,3.17695646805113,96.437054631829,0.324384515140536,52.8740196228027,2.13972473144531,2.29541514377058,0,0,10.5937744140625,755.409814999439,"Semi-natural vegetation_Light use","Semi-natural vegetation","Light use","VB1_2006__Smith 1","VB1_2006__Smith 1 ","51.4213191,-1.4061348","soil core","VB1_2006__Smith 1  45",2.77258872223978,15,15,1,"United Kingdom","2006","individuals"
0,0,0.385988900119901,3.17695646805113,96.437054631829,0.324384515140536,52.8740196228027,2.13972473144531,2.29541514377058,0,0,10.5937744140625,755.409814999439,"Semi-natural vegetation_Light use","Semi-natural vegetation","Light use","VB1_2006__Smith 1","VB1_2006__Smith 1 ","51.4207287,-1.4112722","soil core","VB1_2006__Smith 1  55",1.79175946922805,5,5,1,"United Kingdom","2006","individuals"
0,0,0.385988900119901,3.17695646805113,96.437054631829,0.324384515140536,52.8740196228027,2.13972473144531,2.29541514377058,0,0,10.5937744140625,755.409814999439,"Semi-natural vegetation_Light use","Semi-natural vegetation","Light use","VB1_2006__Smith 1","VB1_2006__Smith 1 ","51.4207287,-1.4112722","soil core","VB1_2006__Smith 1  56",2.07944154167984,7,7,1,"United Kingdom","2006","individuals"
0,0,0.385988900119901,3.17695646805113,96.437054631829,0.324384515140536,52.8740196228027,2.13972473144531,2.29541514377058,0,0,10.5937744140625,755.409814999439,"Semi-natural vegetation_Light use","Semi-natural vegetation","Light use","VB1_2006__Smith 1","VB1_2006__Smith 1 ","51.4207287,-1.4112722","soil core","VB1_2006__Smith 1  57",2.30258509299405,9,9,1,"United Kingdom","2006","individuals"
0,0,0.385988900119901,3.17695646805113,96.437054631829,0.324384515140536,52.8740196228027,2.13972473144531,2.29541514377058,0,0,10.5937744140625,755.409814999439,"Semi-natural vegetation_Light use","Semi-natural vegetation","Light use","VB1_2006__Smith 1","VB1_2006__Smith 1 ","51.4123648,-1.3876151","soil core","VB1_2006__Smith 1  58",1.6094379124341,4,4,1,"United Kingdom","2006","individuals"
0,0,0.385988900119901,3.17695646805113,96.437054631829,0.324384515140536,52.8740196228027,2.13972473144531,2.29541514377058,0,0,10.5937744140625,755.409814999439,"Semi-natural vegetation_Light use","Semi-natural vegetation","Light use","VB1_2006__Smith 1","VB1_2006__Smith 1 ","51.4123648,-1.3876151","soil core","VB1_2006__Smith 1  59",2.56494935746154,12,12,1,"United Kingdom","2006","individuals"
0,0,0.385988900119901,3.17695646805113,96.437054631829,0.324384515140536,52.8740196228027,2.13972473144531,2.29541514377058,0,0,10.5937744140625,755.409814999439,"Semi-natural vegetation_Light use","Semi-natural vegetation","Light use","VB1_2006__Smith 1","VB1_2006__Smith 1 ","51.4123648,-1.3876151","soil core","VB1_2006__Smith 1  60",2.83321334405622,16,16,1,"United Kingdom","2006","individuals"
0,0,0.385988900119901,3.17695646805113,96.437054631829,0.324384515140536,52.8740196228027,2.13972473144531,2.29541514377058,0,0,10.5937744140625,755.409814999439,"Semi-natural vegetation_Light use","Semi-natural vegetation","Light use","VB1_2006__Smith 1","VB1_2006__Smith 1 ","51.4268579,-1.444276","soil core","VB1_2006__Smith 1  61",2.484906649788,11,11,1,"United Kingdom","2006","individuals"
0,0,0.385988900119901,3.17695646805113,96.437054631829,0.324384515140536,52.8740196228027,2.13972473144531,2.29541514377058,0,0,10.5937744140625,755.409814999439,"Semi-natural vegetation_Light use","Semi-natural vegetation","Light use","VB1_2006__Smith 1","VB1_2006__Smith 1 ","51.4268579,-1.444276","soil core","VB1_2006__Smith 1  62",2.484906649788,11,11,1,"United Kingdom","2006","individuals"
0,0,0.385988900119901,3.17695646805113,96.437054631829,0.324384515140536,52.8740196228027,2.13972473144531,2.29541514377058,0,0,10.5937744140625,755.409814999439,"Semi-natural vegetation_Light use","Semi-natural vegetation","Light use","VB1_2006__Smith 1","VB1_2006__Smith 1 ","51.4268579,-1.444276","soil core","VB1_2006__Smith 1  63",2.484906649788,11,11,1,"United Kingdom","2006","individuals"
0,0,0.385988900119901,3.17695646805113,96.437054631829,0.324384515140536,52.8740196228027,2.13972473144531,2.29541514377058,0,0,10.5937744140625,755.409814999439,"Cropland_Intense use","Cropland","Intense use","VB1_2006__Smith 1","VB1_2006__Smith 1 ","51.4081984,-1.3908137","soil core","VB1_2006__Smith 1  64",2.30258509299405,9,9,1,"United Kingdom","2006","individuals"
0,0,0.385988900119901,3.17695646805113,96.437054631829,0.324384515140536,52.8740196228027,2.13972473144531,2.29541514377058,0,0,10.5937744140625,755.409814999439,"Cropland_Intense use","Cropland","Intense use","VB1_2006__Smith 1","VB1_2006__Smith 1 ","51.4081984,-1.3908137","soil core","VB1_2006__Smith 1  65",2.484906649788,11,11,1,"United Kingdom","2006","individuals"
0,0,0.385988900119901,3.17695646805113,96.437054631829,0.324384515140536,52.8740196228027,2.13972473144531,2.29541514377058,0,0,10.5937744140625,755.409814999439,"Cropland_Intense use","Cropland","Intense use","VB1_2006__Smith 1","VB1_2006__Smith 1 ","51.4081984,-1.3908137","soil core","VB1_2006__Smith 1  66",2.70805020110221,14,14,1,"United Kingdom","2006","individuals"
0,0,0.385988900119901,3.17695646805113,96.437054631829,0.324384515140536,52.8740196228027,2.13972473144531,2.29541514377058,0,0,10.5937744140625,755.409814999439,"Cropland_Intense use","Cropland","Intense use","VB1_2006__Smith 1","VB1_2006__Smith 1 ","51.4285903,-1.4488748","soil core","VB1_2006__Smith 1  67",1.38629436111989,3,3,1,"United Kingdom","2006","individuals"
0,0,0.385988900119901,3.17695646805113,96.437054631829,0.324384515140536,52.8740196228027,2.13972473144531,2.29541514377058,0,0,10.5937744140625,755.409814999439,"Cropland_Intense use","Cropland","Intense use","VB1_2006__Smith 1","VB1_2006__Smith 1 ","51.4285903,-1.4488748","soil core","VB1_2006__Smith 1  68",0.693147180559945,1,1,1,"United Kingdom","2006","individuals"
0,0,0.385988900119901,3.17695646805113,96.437054631829,0.324384515140536,52.8740196228027,2.13972473144531,2.29541514377058,0,0,10.5937744140625,755.409814999439,"Cropland_Intense use","Cropland","Intense use","VB1_2006__Smith 1","VB1_2006__Smith 1 ","51.4285903,-1.4488748","soil core","VB1_2006__Smith 1  69",1.09861228866811,2,2,1,"United Kingdom","2006","individuals"
0,0,0.385988900119901,3.17695646805113,96.437054631829,0.324384515140536,52.8740196228027,2.13972473144531,2.29541514377058,0,0,10.5937744140625,755.409814999439,"Cropland_Intense use","Cropland","Intense use","VB1_2006__Smith 1","VB1_2006__Smith 1 ","51.4354664,-1.3991361","soil core","VB1_2006__Smith 1  70",1.79175946922805,5,5,1,"United Kingdom","2006","individuals"
0,0,0.385988900119901,3.17695646805113,96.437054631829,0.324384515140536,52.8740196228027,2.13972473144531,2.29541514377058,0,0,10.5937744140625,755.409814999439,"Cropland_Intense use","Cropland","Intense use","VB1_2006__Smith 1","VB1_2006__Smith 1 ","51.4354664,-1.3991361","soil core","VB1_2006__Smith 1  71",2.07944154167984,7,7,1,"United Kingdom","2006","individuals"
0,0,0.385988900119901,3.17695646805113,96.437054631829,0.324384515140536,52.8740196228027,2.13972473144531,2.29541514377058,0,0,10.5937744140625,755.409814999439,"Cropland_Intense use","Cropland","Intense use","VB1_2006__Smith 1","VB1_2006__Smith 1 ","51.4354664,-1.3991361","soil core","VB1_2006__Smith 1  72",1.6094379124341,4,4,1,"United Kingdom","2006","individuals"
0,0,0.385988900119901,3.17695646805113,96.437054631829,0.324384515140536,52.8740196228027,2.13972473144531,2.29541514377058,0,0,10.5937744140625,755.409814999439,"Semi-natural vegetation_Light use","Semi-natural vegetation","Light use","VB1_2006__Smith 2","VB1_2006__Smith 2 ","51.4162539,-1.4183809","soil core","VB1_2006__Smith 2  1",3.40119738166216,29,29,1,"United Kingdom","2006","individuals"
0,0,0.385988900119901,3.17695646805113,96.437054631829,0.324384515140536,52.8740196228027,2.13972473144531,2.29541514377058,0,0,10.5937744140625,755.409814999439,"Semi-natural vegetation_Light use","Semi-natural vegetation","Light use","VB1_2006__Smith 2","VB1_2006__Smith 2 ","51.4162539,-1.4183809","soil core","VB1_2006__Smith 2  2",3.17805383034795,23,23,1,"United Kingdom","2006","individuals"
0,0,0.385988900119901,3.17695646805113,96.437054631829,0.324384515140536,52.8740196228027,2.13972473144531,2.29541514377058,0,0,10.5937744140625,755.409814999439,"Semi-natural vegetation_Light use","Semi-natural vegetation","Light use","VB1_2006__Smith 2","VB1_2006__Smith 2 ","51.4162539,-1.4183809","soil core","VB1_2006__Smith 2  3",3.68887945411394,39,39,1,"United Kingdom","2006","individuals"
0,0,0.385988900119901,3.17695646805113,96.437054631829,0.324384515140536,52.8740196228027,2.13972473144531,2.29541514377058,0,0,10.5937744140625,755.409814999439,"Semi-natural vegetation_Light use","Semi-natural vegetation","Light use","VB1_2006__Smith 2","VB1_2006__Smith 2 ","51.4159461,-1.4083816","soil core","VB1_2006__Smith 2  4",3.29583686600433,26,26,1,"United Kingdom","2006","individuals"
0,0,0.385988900119901,3.17695646805113,96.437054631829,0.324384515140536,52.8740196228027,2.13972473144531,2.29541514377058,0,0,10.5937744140625,755.409814999439,"Semi-natural vegetation_Light use","Semi-natural vegetation","Light use","VB1_2006__Smith 2","VB1_2006__Smith 2 ","51.4159461,-1.4083816","soil core","VB1_2006__Smith 2  5",3.78418963391826,43,43,1,"United Kingdom","2006","individuals"
0,0,0.385988900119901,3.17695646805113,96.437054631829,0.324384515140536,52.8740196228027,2.13972473144531,2.29541514377058,0,0,10.5937744140625,755.409814999439,"Semi-natural vegetation_Light use","Semi-natural vegetation","Light use","VB1_2006__Smith 2","VB1_2006__Smith 2 ","51.4159461,-1.4083816","soil core","VB1_2006__Smith 2  6",3.13549421592915,22,22,1,"United Kingdom","2006","individuals"
0,0,0.385988900119901,3.17695646805113,96.437054631829,0.324384515140536,52.8740196228027,2.13972473144531,2.29541514377058,0,0,10.5937744140625,755.409814999439,"Semi-natural vegetation_Light use","Semi-natural vegetation","Light use","VB1_2006__Smith 2","VB1_2006__Smith 2 ","51.4211518,-1.4059509","soil core","VB1_2006__Smith 2  7",3.43398720448515,30,30,1,"United Kingdom","2006","individuals"
0,0,0.385988900119901,3.17695646805113,96.437054631829,0.324384515140536,52.8740196228027,2.13972473144531,2.29541514377058,0,0,10.5937744140625,755.409814999439,"Semi-natural vegetation_Light use","Semi-natural vegetation","Light use","VB1_2006__Smith 2","VB1_2006__Smith 2 ","51.4207501,-1.4059998","soil core","VB1_2006__Smith 2  8",3.3322045101752,27,27,1,"United Kingdom","2006","individuals"
0,0,0.385988900119901,3.17695646805113,96.437054631829,0.324384515140536,52.8740196228027,2.13972473144531,2.29541514377058,0,0,10.5937744140625,755.409814999439,"Semi-natural vegetation_Light use","Semi-natural vegetation","Light use","VB1_2006__Smith 2","VB1_2006__Smith 2 ","51.4207501,-1.4059998","soil core","VB1_2006__Smith 2  9",3.29583686600433,26,26,1,"United Kingdom","2006","individuals"
0,0,0.385988900119901,3.17695646805113,96.437054631829,0.324384515140536,52.8740196228027,2.13972473144531,2.29541514377058,0,0,10.5937744140625,755.409814999439,"Cropland_Intense use","Cropland","Intense use","VB1_2006__Smith 2","VB1_2006__Smith 2 ","51.4162539,-1.4183809","soil core","VB1_2006__Smith 2  10",1.79175946922805,5,5,1,"United Kingdom","2006","individuals"
0,0,0.385988900119901,3.17695646805113,96.437054631829,0.324384515140536,52.8740196228027,2.13972473144531,2.29541514377058,0,0,10.5937744140625,755.409814999439,"Cropland_Intense use","Cropland","Intense use","VB1_2006__Smith 2","VB1_2006__Smith 2 ","51.4162539,-1.4183809","soil core","VB1_2006__Smith 2  11",1.94591014905531,6,6,1,"United Kingdom","2006","individuals"
0,0,0.385988900119901,3.17695646805113,96.437054631829,0.324384515140536,52.8740196228027,2.13972473144531,2.29541514377058,0,0,10.5937744140625,755.409814999439,"Cropland_Intense use","Cropland","Intense use","VB1_2006__Smith 2","VB1_2006__Smith 2 ","51.4162539,-1.4183809","soil core","VB1_2006__Smith 2  12",2.30258509299405,9,9,1,"United Kingdom","2006","individuals"
0,0,0.385988900119901,3.17695646805113,96.437054631829,0.324384515140536,52.8740196228027,2.13972473144531,2.29541514377058,0,0,10.5937744140625,755.409814999439,"Cropland_Intense use","Cropland","Intense use","VB1_2006__Smith 2","VB1_2006__Smith 2 ","51.4162539,-1.4183809","soil core","VB1_2006__Smith 2  13",1.94591014905531,6,6,1,"United Kingdom","2006","individuals"
0,0,0.385988900119901,3.17695646805113,96.437054631829,0.324384515140536,52.8740196228027,2.13972473144531,2.29541514377058,0,0,10.5937744140625,755.409814999439,"Cropland_Intense use","Cropland","Intense use","VB1_2006__Smith 2","VB1_2006__Smith 2 ","51.4162539,-1.4183809","soil core","VB1_2006__Smith 2  14",1.94591014905531,6,6,1,"United Kingdom","2006","individuals"
0,0,0.385988900119901,3.17695646805113,96.437054631829,0.324384515140536,52.8740196228027,2.13972473144531,2.29541514377058,0,0,10.5937744140625,755.409814999439,"Cropland_Intense use","Cropland","Intense use","VB1_2006__Smith 2","VB1_2006__Smith 2 ","51.4162539,-1.4183809","soil core","VB1_2006__Smith 2  15",1.6094379124341,4,4,1,"United Kingdom","2006","individuals"
0,0,0.385988900119901,3.17695646805113,96.437054631829,0.324384515140536,52.8740196228027,2.13972473144531,2.29541514377058,0,0,10.5937744140625,755.409814999439,"Cropland_Intense use","Cropland","Intense use","VB1_2006__Smith 2","VB1_2006__Smith 2 ","51.4164148,-1.414868","soil core","VB1_2006__Smith 2  16",1.38629436111989,3,3,1,"United Kingdom","2006","individuals"
0,0,0.385988900119901,3.17695646805113,96.437054631829,0.324384515140536,52.8740196228027,2.13972473144531,2.29541514377058,0,0,10.5937744140625,755.409814999439,"Cropland_Intense use","Cropland","Intense use","VB1_2006__Smith 2","VB1_2006__Smith 2 ","51.4164148,-1.414868","soil core","VB1_2006__Smith 2  17",2.07944154167984,7,7,1,"United Kingdom","2006","individuals"
0,0,0.385988900119901,3.17695646805113,96.437054631829,0.324384515140536,52.8740196228027,2.13972473144531,2.29541514377058,0,0,10.5937744140625,755.409814999439,"Cropland_Intense use","Cropland","Intense use","VB1_2006__Smith 2","VB1_2006__Smith 2 ","51.4164148,-1.414868","soil core","VB1_2006__Smith 2  18",2.19722457733622,8,8,1,"United Kingdom","2006","individuals"
0,0,0.385988900119901,3.17695646805113,96.437054631829,0.324384515140536,52.8740196228027,2.13972473144531,2.29541514377058,0,0,10.5937744140625,755.409814999439,"Cropland_Intense use","Cropland","Intense use","VB1_2006__Smith 2","VB1_2006__Smith 2 ","51.4164148,-1.414868","soil core","VB1_2006__Smith 2  19",2.30258509299405,9,9,1,"United Kingdom","2006","individuals"
0,0,0.385988900119901,3.17695646805113,96.437054631829,0.324384515140536,52.8740196228027,2.13972473144531,2.29541514377058,0,0,10.5937744140625,755.409814999439,"Cropland_Intense use","Cropland","Intense use","VB1_2006__Smith 2","VB1_2006__Smith 2 ","51.4164148,-1.414868","soil core","VB1_2006__Smith 2  20",2.30258509299405,9,9,1,"United Kingdom","2006","individuals"
0,0,0.385988900119901,3.17695646805113,96.437054631829,0.324384515140536,52.8740196228027,2.13972473144531,2.29541514377058,0,0,10.5937744140625,755.409814999439,"Cropland_Intense use","Cropland","Intense use","VB1_2006__Smith 2","VB1_2006__Smith 2 ","51.4164148,-1.414868","soil core","VB1_2006__Smith 2  21",2.30258509299405,9,9,1,"United Kingdom","2006","individuals"
0,0,0.385988900119901,3.17695646805113,96.437054631829,0.324384515140536,52.8740196228027,2.13972473144531,2.29541514377058,0,0,10.5937744140625,755.409814999439,"Cropland_Intense use","Cropland","Intense use","VB1_2006__Smith 2","VB1_2006__Smith 2 ","51.4164148,-1.414868","soil core","VB1_2006__Smith 2  22",2.77258872223978,15,15,1,"United Kingdom","2006","individuals"
0,0,0.385988900119901,3.17695646805113,96.437054631829,0.324384515140536,52.8740196228027,2.13972473144531,2.29541514377058,0,0,10.5937744140625,755.409814999439,"Cropland_Intense use","Cropland","Intense use","VB1_2006__Smith 2","VB1_2006__Smith 2 ","51.4164148,-1.414868","soil core","VB1_2006__Smith 2  23",1.94591014905531,6,6,1,"United Kingdom","2006","individuals"
0,0,0.385988900119901,3.17695646805113,96.437054631829,0.324384515140536,52.8740196228027,2.13972473144531,2.29541514377058,0,0,10.5937744140625,755.409814999439,"Cropland_Intense use","Cropland","Intense use","VB1_2006__Smith 2","VB1_2006__Smith 2 ","51.4164148,-1.414868","soil core","VB1_2006__Smith 2  24",1.94591014905531,6,6,1,"United Kingdom","2006","individuals"
0,0,0.385988900119901,3.17695646805113,96.437054631829,0.324384515140536,52.8740196228027,2.13972473144531,2.29541514377058,0,0,10.5937744140625,755.409814999439,"Cropland_Intense use","Cropland","Intense use","VB1_2006__Smith 2","VB1_2006__Smith 2 ","51.4159461,-1.4083816","soil core","VB1_2006__Smith 2  25",2.07944154167984,7,7,1,"United Kingdom","2006","individuals"
0,0,0.385988900119901,3.17695646805113,96.437054631829,0.324384515140536,52.8740196228027,2.13972473144531,2.29541514377058,0,0,10.5937744140625,755.409814999439,"Cropland_Intense use","Cropland","Intense use","VB1_2006__Smith 2","VB1_2006__Smith 2 ","51.4159461,-1.4083816","soil core","VB1_2006__Smith 2  26",2.30258509299405,9,9,1,"United Kingdom","2006","individuals"
0,0,0.385988900119901,3.17695646805113,96.437054631829,0.324384515140536,52.8740196228027,2.13972473144531,2.29541514377058,0,0,10.5937744140625,755.409814999439,"Cropland_Intense use","Cropland","Intense use","VB1_2006__Smith 2","VB1_2006__Smith 2 ","51.4159461,-1.4083816","soil core","VB1_2006__Smith 2  27",2.94443897916644,18,18,1,"United Kingdom","2006","individuals"
0,0,0.385988900119901,3.17695646805113,96.437054631829,0.324384515140536,52.8740196228027,2.13972473144531,2.29541514377058,0,0,10.5937744140625,755.409814999439,"Cropland_Intense use","Cropland","Intense use","VB1_2006__Smith 2","VB1_2006__Smith 2 ","51.4159461,-1.4083816","soil core","VB1_2006__Smith 2  28",2.484906649788,11,11,1,"United Kingdom","2006","individuals"
0,0,0.385988900119901,3.17695646805113,96.437054631829,0.324384515140536,52.8740196228027,2.13972473144531,2.29541514377058,0,0,10.5937744140625,755.409814999439,"Cropland_Intense use","Cropland","Intense use","VB1_2006__Smith 2","VB1_2006__Smith 2 ","51.4159461,-1.4083816","soil core","VB1_2006__Smith 2  29",2.94443897916644,18,18,1,"United Kingdom","2006","individuals"
0,0,0.385988900119901,3.17695646805113,96.437054631829,0.324384515140536,52.8740196228027,2.13972473144531,2.29541514377058,0,0,10.5937744140625,755.409814999439,"Cropland_Intense use","Cropland","Intense use","VB1_2006__Smith 2","VB1_2006__Smith 2 ","51.4159461,-1.4083816","soil core","VB1_2006__Smith 2  30",2.30258509299405,9,9,1,"United Kingdom","2006","individuals"
0,0,0.385988900119901,3.17695646805113,96.437054631829,0.324384515140536,52.8740196228027,2.13972473144531,2.29541514377058,0,0,10.5937744140625,755.409814999439,"Cropland_Intense use","Cropland","Intense use","VB1_2006__Smith 2","VB1_2006__Smith 2 ","51.4163044,-1.4120839","soil core","VB1_2006__Smith 2  31",2.07944154167984,7,7,1,"United Kingdom","2006","individuals"
0,0,0.385988900119901,3.17695646805113,96.437054631829,0.324384515140536,52.8740196228027,2.13972473144531,2.29541514377058,0,0,10.5937744140625,755.409814999439,"Cropland_Intense use","Cropland","Intense use","VB1_2006__Smith 2","VB1_2006__Smith 2 ","51.4163044,-1.4120839","soil core","VB1_2006__Smith 2  32",0,0,0,1,"United Kingdom","2006","individuals"
0,0,0.385988900119901,3.17695646805113,96.437054631829,0.324384515140536,52.8740196228027,2.13972473144531,2.29541514377058,0,0,10.5937744140625,755.409814999439,"Cropland_Intense use","Cropland","Intense use","VB1_2006__Smith 2","VB1_2006__Smith 2 ","51.4163044,-1.4120839","soil core","VB1_2006__Smith 2  33",1.94591014905531,6,6,1,"United Kingdom","2006","individuals"
0,0,0.385988900119901,3.17695646805113,96.437054631829,0.324384515140536,52.8740196228027,2.13972473144531,2.29541514377058,0,0,10.5937744140625,755.409814999439,"Cropland_Intense use","Cropland","Intense use","VB1_2006__Smith 2","VB1_2006__Smith 2 ","51.4163044,-1.4120839","soil core","VB1_2006__Smith 2  34",2.70805020110221,14,14,1,"United Kingdom","2006","individuals"
0,0,0.385988900119901,3.17695646805113,96.437054631829,0.324384515140536,52.8740196228027,2.13972473144531,2.29541514377058,0,0,10.5937744140625,755.409814999439,"Cropland_Intense use","Cropland","Intense use","VB1_2006__Smith 2","VB1_2006__Smith 2 ","51.4163044,-1.4120839","soil core","VB1_2006__Smith 2  35",2.56494935746154,12,12,1,"United Kingdom","2006","individuals"
0,0,0.385988900119901,3.17695646805113,96.437054631829,0.324384515140536,52.8740196228027,2.13972473144531,2.29541514377058,0,0,10.5937744140625,755.409814999439,"Cropland_Intense use","Cropland","Intense use","VB1_2006__Smith 2","VB1_2006__Smith 2 ","51.4163044,-1.4120839","soil core","VB1_2006__Smith 2  36",2.70805020110221,14,14,1,"United Kingdom","2006","individuals"
0,0,0.385988900119901,3.17695646805113,96.437054631829,0.324384515140536,52.8740196228027,2.13972473144531,2.29541514377058,0,0,10.5937744140625,755.409814999439,"Cropland_Intense use","Cropland","Intense use","VB1_2006__Smith 2","VB1_2006__Smith 2 ","51.4163044,-1.4120839","soil core","VB1_2006__Smith 2  37",2.484906649788,11,11,1,"United Kingdom","2006","individuals"
0,0,0.385988900119901,3.17695646805113,96.437054631829,0.324384515140536,52.8740196228027,2.13972473144531,2.29541514377058,0,0,10.5937744140625,755.409814999439,"Cropland_Intense use","Cropland","Intense use","VB1_2006__Smith 2","VB1_2006__Smith 2 ","51.4163044,-1.4120839","soil core","VB1_2006__Smith 2  38",2.89037175789616,17,17,1,"United Kingdom","2006","individuals"
0,0,0.385988900119901,3.17695646805113,96.437054631829,0.324384515140536,52.8740196228027,2.13972473144531,2.29541514377058,0,0,10.5937744140625,755.409814999439,"Cropland_Intense use","Cropland","Intense use","VB1_2006__Smith 2","VB1_2006__Smith 2 ","51.4163044,-1.4120839","soil core","VB1_2006__Smith 2  39",1.94591014905531,6,6,1,"United Kingdom","2006","individuals"
0,0,0.385988900119901,3.17695646805113,96.437054631829,0.324384515140536,52.8740196228027,2.13972473144531,2.29541514377058,0,0,10.5937744140625,755.409814999439,"Cropland_Intense use","Cropland","Intense use","VB1_2006__Smith 2","VB1_2006__Smith 2 ","51.4211518,-1.4059509","soil core","VB1_2006__Smith 2  40",1.38629436111989,3,3,1,"United Kingdom","2006","individuals"
0,0,0.385988900119901,3.17695646805113,96.437054631829,0.324384515140536,52.8740196228027,2.13972473144531,2.29541514377058,0,0,10.5937744140625,755.409814999439,"Cropland_Intense use","Cropland","Intense use","VB1_2006__Smith 2","VB1_2006__Smith 2 ","51.4211518,-1.4059509","soil core","VB1_2006__Smith 2  41",2.70805020110221,14,14,1,"United Kingdom","2006","individuals"
0,0,0.385988900119901,3.17695646805113,96.437054631829,0.324384515140536,52.8740196228027,2.13972473144531,2.29541514377058,0,0,10.5937744140625,755.409814999439,"Cropland_Intense use","Cropland","Intense use","VB1_2006__Smith 2","VB1_2006__Smith 2 ","51.4207501,-1.4059998","soil core","VB1_2006__Smith 2  42",2.63905732961526,13,13,1,"United Kingdom","2006","individuals"
0,0,0.385988900119901,3.17695646805113,96.437054631829,0.324384515140536,52.8740196228027,2.13972473144531,2.29541514377058,0,0,10.5937744140625,755.409814999439,"Cropland_Intense use","Cropland","Intense use","VB1_2006__Smith 2","VB1_2006__Smith 2 ","51.4207501,-1.4059998","soil core","VB1_2006__Smith 2  43",2.77258872223978,15,15,1,"United Kingdom","2006","individuals"
0,0,0.385988900119901,3.17695646805113,96.437054631829,0.324384515140536,52.8740196228027,2.13972473144531,2.29541514377058,0,0,10.5937744140625,755.409814999439,"Cropland_Intense use","Cropland","Intense use","VB1_2006__Smith 2","VB1_2006__Smith 2 ","51.4207501,-1.4059998","soil core","VB1_2006__Smith 2  44",3.13549421592915,22,22,1,"United Kingdom","2006","individuals"
0,0,0.385988900119901,3.17695646805113,96.437054631829,0.324384515140536,52.8740196228027,2.13972473144531,2.29541514377058,0,0,10.5937744140625,755.409814999439,"Cropland_Intense use","Cropland","Intense use","VB1_2006__Smith 2","VB1_2006__Smith 2 ","51.4207501,-1.4059998","soil core","VB1_2006__Smith 2  45",2.19722457733622,8,8,1,"United Kingdom","2006","individuals"
0,0,0.385988900119901,3.17695646805113,96.437054631829,0.324384515140536,52.8740196228027,2.13972473144531,2.29541514377058,0,0,10.5937744140625,755.409814999439,"Cropland_Intense use","Cropland","Intense use","VB1_2006__Smith 2","VB1_2006__Smith 2 ","51.4213191,-1.4061348","soil core","VB1_2006__Smith 2  46",1.38629436111989,3,3,1,"United Kingdom","2006","individuals"
0,0,0.385988900119901,3.17695646805113,96.437054631829,0.324384515140536,52.8740196228027,2.13972473144531,2.29541514377058,0,0,10.5937744140625,755.409814999439,"Cropland_Intense use","Cropland","Intense use","VB1_2006__Smith 2","VB1_2006__Smith 2 ","51.4213191,-1.4061348","soil core","VB1_2006__Smith 2  47",2.70805020110221,14,14,1,"United Kingdom","2006","individuals"
0,0,0.385988900119901,3.17695646805113,96.437054631829,0.324384515140536,52.8740196228027,2.13972473144531,2.29541514377058,0,0,10.5937744140625,755.409814999439,"Cropland_Intense use","Cropland","Intense use","VB1_2006__Smith 2","VB1_2006__Smith 2 ","51.4213191,-1.4061348","soil core","VB1_2006__Smith 2  48",2.484906649788,11,11,1,"United Kingdom","2006","individuals"
0,0,0.385988900119901,3.17695646805113,96.437054631829,0.324384515140536,52.8740196228027,2.13972473144531,2.29541514377058,0,0,10.5937744140625,755.409814999439,"Cropland_Intense use","Cropland","Intense use","VB1_2006__Smith 2","VB1_2006__Smith 2 ","51.4213191,-1.4061348","soil core","VB1_2006__Smith 2  49",2.39789527279837,10,10,1,"United Kingdom","2006","individuals"
0,0,0.385988900119901,3.17695646805113,96.437054631829,0.324384515140536,52.8740196228027,2.13972473144531,2.29541514377058,0,0,10.5937744140625,755.409814999439,"Cropland_Intense use","Cropland","Intense use","VB1_2006__Smith 2","VB1_2006__Smith 2 ","51.4213191,-1.4061348","soil core","VB1_2006__Smith 2  50",2.56494935746154,12,12,1,"United Kingdom","2006","individuals"
0,0,0.385988900119901,3.17695646805113,96.437054631829,0.324384515140536,52.8740196228027,2.13972473144531,2.29541514377058,0,0,10.5937744140625,755.409814999439,"Cropland_Intense use","Cropland","Intense use","VB1_2006__Smith 2","VB1_2006__Smith 2 ","51.4213191,-1.4061348","soil core","VB1_2006__Smith 2  51",2.89037175789616,17,17,1,"United Kingdom","2006","individuals"
0,0,0.385988900119901,3.17695646805113,96.437054631829,0.324384515140536,52.8740196228027,2.13972473144531,2.29541514377058,0,0,10.5937744140625,755.409814999439,"Cropland_Intense use","Cropland","Intense use","VB1_2006__Smith 2","VB1_2006__Smith 2 ","51.4213191,-1.4061348","soil core","VB1_2006__Smith 2  52",2.484906649788,11,11,1,"United Kingdom","2006","individuals"
0,0,0.385988900119901,3.17695646805113,96.437054631829,0.324384515140536,52.8740196228027,2.13972473144531,2.29541514377058,0,0,10.5937744140625,755.409814999439,"Cropland_Intense use","Cropland","Intense use","VB1_2006__Smith 2","VB1_2006__Smith 2 ","51.4213191,-1.4061348","soil core","VB1_2006__Smith 2  53",1.94591014905531,6,6,1,"United Kingdom","2006","individuals"
0,0,0.385988900119901,3.17695646805113,96.437054631829,0.324384515140536,52.8740196228027,2.13972473144531,2.29541514377058,0,0,10.5937744140625,755.409814999439,"Cropland_Intense use","Cropland","Intense use","VB1_2006__Smith 2","VB1_2006__Smith 2 ","51.4213191,-1.4061348","soil core","VB1_2006__Smith 2  54",2.94443897916644,18,18,1,"United Kingdom","2006","individuals"
0,0,0.385988900119901,3.17695646805113,96.437054631829,0.324384515140536,52.8740196228027,2.13972473144531,2.29541514377058,0,0,10.5937744140625,755.409814999439,"Semi-natural vegetation_Light use","Semi-natural vegetation","Light use","VB1_2006__Smith 2","VB1_2006__Smith 2 ","51.4162539,-1.4183809","soil core","VB1_2006__Smith 2  55",3.85014760171006,46,46,1,"United Kingdom","2006","individuals"
0,0,0.385988900119901,3.17695646805113,96.437054631829,0.324384515140536,52.8740196228027,2.13972473144531,2.29541514377058,0,0,10.5937744140625,755.409814999439,"Semi-natural vegetation_Light use","Semi-natural vegetation","Light use","VB1_2006__Smith 2","VB1_2006__Smith 2 ","51.4162539,-1.4183809","soil core","VB1_2006__Smith 2  56",3.71357206670431,40,40,1,"United Kingdom","2006","individuals"
0,0,0.385988900119901,3.17695646805113,96.437054631829,0.324384515140536,52.8740196228027,2.13972473144531,2.29541514377058,0,0,10.5937744140625,755.409814999439,"Semi-natural vegetation_Light use","Semi-natural vegetation","Light use","VB1_2006__Smith 2","VB1_2006__Smith 2 ","51.4162539,-1.4183809","soil core","VB1_2006__Smith 2  57",3.17805383034795,23,23,1,"United Kingdom","2006","individuals"
0,0,0.385988900119901,3.17695646805113,96.437054631829,0.324384515140536,52.8740196228027,2.13972473144531,2.29541514377058,0,0,10.5937744140625,755.409814999439,"Semi-natural vegetation_Light use","Semi-natural vegetation","Light use","VB1_2006__Smith 2","VB1_2006__Smith 2 ","51.4164148,-1.414868","soil core","VB1_2006__Smith 2  58",3.97029191355212,52,52,1,"United Kingdom","2006","individuals"
0,0,0.385988900119901,3.17695646805113,96.437054631829,0.324384515140536,52.8740196228027,2.13972473144531,2.29541514377058,0,0,10.5937744140625,755.409814999439,"Semi-natural vegetation_Light use","Semi-natural vegetation","Light use","VB1_2006__Smith 2","VB1_2006__Smith 2 ","51.4164148,-1.414868","soil core","VB1_2006__Smith 2  59",3.63758615972639,37,37,1,"United Kingdom","2006","individuals"
0,0,0.385988900119901,3.17695646805113,96.437054631829,0.324384515140536,52.8740196228027,2.13972473144531,2.29541514377058,0,0,10.5937744140625,755.409814999439,"Semi-natural vegetation_Light use","Semi-natural vegetation","Light use","VB1_2006__Smith 2","VB1_2006__Smith 2 ","51.4164148,-1.414868","soil core","VB1_2006__Smith 2  60",4.21950770517611,67,67,1,"United Kingdom","2006","individuals"
0,0,0.385988900119901,3.17695646805113,96.437054631829,0.324384515140536,52.8740196228027,2.13972473144531,2.29541514377058,0,0,10.5937744140625,755.409814999439,"Semi-natural vegetation_Light use","Semi-natural vegetation","Light use","VB1_2006__Smith 2","VB1_2006__Smith 2 ","51.4159461,-1.4083816","soil core","VB1_2006__Smith 2  61",4.45434729625351,85,85,1,"United Kingdom","2006","individuals"
0,0,0.385988900119901,3.17695646805113,96.437054631829,0.324384515140536,52.8740196228027,2.13972473144531,2.29541514377058,0,0,10.5937744140625,755.409814999439,"Semi-natural vegetation_Light use","Semi-natural vegetation","Light use","VB1_2006__Smith 2","VB1_2006__Smith 2 ","51.4159461,-1.4083816","soil core","VB1_2006__Smith 2  62",4.06044301054642,57,57,1,"United Kingdom","2006","individuals"
0,0,0.385988900119901,3.17695646805113,96.437054631829,0.324384515140536,52.8740196228027,2.13972473144531,2.29541514377058,0,0,10.5937744140625,755.409814999439,"Semi-natural vegetation_Light use","Semi-natural vegetation","Light use","VB1_2006__Smith 2","VB1_2006__Smith 2 ","51.4159461,-1.4083816","soil core","VB1_2006__Smith 2  63",4.02535169073515,55,55,1,"United Kingdom","2006","individuals"
0,0,0.385988900119901,3.17695646805113,96.437054631829,0.324384515140536,52.8740196228027,2.13972473144531,2.29541514377058,0,0,10.5937744140625,755.409814999439,"Semi-natural vegetation_Light use","Semi-natural vegetation","Light use","VB1_2006__Smith 2","VB1_2006__Smith 2 ","51.4163044,-1.4120839","soil core","VB1_2006__Smith 2  64",4.15888308335967,63,63,1,"United Kingdom","2006","individuals"
0,0,0.385988900119901,3.17695646805113,96.437054631829,0.324384515140536,52.8740196228027,2.13972473144531,2.29541514377058,0,0,10.5937744140625,755.409814999439,"Semi-natural vegetation_Light use","Semi-natural vegetation","Light use","VB1_2006__Smith 2","VB1_2006__Smith 2 ","51.4163044,-1.4120839","soil core","VB1_2006__Smith 2  65",4.17438726989564,64,64,1,"United Kingdom","2006","individuals"
0,0,0.385988900119901,3.17695646805113,96.437054631829,0.324384515140536,52.8740196228027,2.13972473144531,2.29541514377058,0,0,10.5937744140625,755.409814999439,"Semi-natural vegetation_Light use","Semi-natural vegetation","Light use","VB1_2006__Smith 2","VB1_2006__Smith 2 ","51.4163044,-1.4120839","soil core","VB1_2006__Smith 2  66",4.43081679884331,83,83,1,"United Kingdom","2006","individuals"
0,0,0.385988900119901,3.17695646805113,96.437054631829,0.324384515140536,52.8740196228027,2.13972473144531,2.29541514377058,0,0,10.5937744140625,755.409814999439,"Semi-natural vegetation_Light use","Semi-natural vegetation","Light use","VB1_2006__Smith 2","VB1_2006__Smith 2 ","51.4211518,-1.4059509","soil core","VB1_2006__Smith 2  67",3.63758615972639,37,37,1,"United Kingdom","2006","individuals"
0,0,0.385988900119901,3.17695646805113,96.437054631829,0.324384515140536,52.8740196228027,2.13972473144531,2.29541514377058,0,0,10.5937744140625,755.409814999439,"Semi-natural vegetation_Light use","Semi-natural vegetation","Light use","VB1_2006__Smith 2","VB1_2006__Smith 2 ","51.4207501,-1.4059998","soil core","VB1_2006__Smith 2  68",3.61091791264422,36,36,1,"United Kingdom","2006","individuals"
0,0,0.385988900119901,3.17695646805113,96.437054631829,0.324384515140536,52.8740196228027,2.13972473144531,2.29541514377058,0,0,10.5937744140625,755.409814999439,"Semi-natural vegetation_Light use","Semi-natural vegetation","Light use","VB1_2006__Smith 2","VB1_2006__Smith 2 ","51.4207501,-1.4059998","soil core","VB1_2006__Smith 2  69",3.73766961828337,41,41,1,"United Kingdom","2006","individuals"
0,0,0.385988900119901,3.17695646805113,96.437054631829,0.324384515140536,52.8740196228027,2.13972473144531,2.29541514377058,0,0,10.5937744140625,755.409814999439,"Semi-natural vegetation_Light use","Semi-natural vegetation","Light use","VB1_2006__Smith 2","VB1_2006__Smith 2 ","51.4213191,-1.4061348","soil core","VB1_2006__Smith 2  70",3.43398720448515,30,30,1,"United Kingdom","2006","individuals"
0,0,0.385988900119901,3.17695646805113,96.437054631829,0.324384515140536,52.8740196228027,2.13972473144531,2.29541514377058,0,0,10.5937744140625,755.409814999439,"Semi-natural vegetation_Light use","Semi-natural vegetation","Light use","VB1_2006__Smith 2","VB1_2006__Smith 2 ","51.4213191,-1.4061348","soil core","VB1_2006__Smith 2  71",3.95124371858143,51,51,1,"United Kingdom","2006","individuals"
0,0,0.385988900119901,3.17695646805113,96.437054631829,0.324384515140536,52.8740196228027,2.13972473144531,2.29541514377058,0,0,10.5937744140625,755.409814999439,"Semi-natural vegetation_Light use","Semi-natural vegetation","Light use","VB1_2006__Smith 2","VB1_2006__Smith 2 ","51.4213191,-1.4061348","soil core","VB1_2006__Smith 2  72",3.49650756146648,32,32,1,"United Kingdom","2006","individuals"
0,0,0,0.528634361233484,99.4713656387665,0.815213330366978,92.4265831399116,1.9001294630813,2.09933025195133,0,0,10.6429485904095,734.399093796215,"Semi-natural vegetation_Light use","Semi-natural vegetation","Light use","VB1_2008a_Smith 1","VB1_2008a_Smith 1 ","52.25,-0.0166666666666667","soil core","VB1_2008a_Smith 1  1",4.02535169073515,55,55,1,"United Kingdom","2004","individuals"
0,0,0,0.528634361233484,99.4713656387665,0.815213330366978,92.4265831399116,1.9001294630813,2.09933025195133,0,0,10.6429485904095,734.399093796215,"Semi-natural vegetation_Light use","Semi-natural vegetation","Light use","VB1_2008a_Smith 1","VB1_2008a_Smith 1 ","52.25,-0.0166666666666667","soil core","VB1_2008a_Smith 1  2",4.4188406077966,82,82,1,"United Kingdom","2004","individuals"
0,0,0,0.528634361233484,99.4713656387665,0.815213330366978,92.4265831399116,1.9001294630813,2.09933025195133,0,0,10.6429485904095,734.399093796215,"Semi-natural vegetation_Light use","Semi-natural vegetation","Light use","VB1_2008a_Smith 1","VB1_2008a_Smith 1 ","52.25,-0.0166666666666667","soil core","VB1_2008a_Smith 1  3",4.57471097850338,96,96,1,"United Kingdom","2004","individuals"
0,0,0,0.528634361233484,99.4713656387665,0.815213330366978,92.4265831399116,1.9001294630813,2.09933025195133,0,0,10.6429485904095,734.399093796215,"Semi-natural vegetation_Light use","Semi-natural vegetation","Light use","VB1_2008a_Smith 1","VB1_2008a_Smith 1 ","52.25,-0.0166666666666667","soil core","VB1_2008a_Smith 1  4",4.99721227376411,147,147,1,"United Kingdom","2004","individuals"
0,0,0,0.528634361233484,99.4713656387665,0.815213330366978,92.4265831399116,1.9001294630813,2.09933025195133,0,0,10.6429485904095,734.399093796215,"Semi-natural vegetation_Light use","Semi-natural vegetation","Light use","VB1_2008a_Smith 1","VB1_2008a_Smith 1 ","52.25,-0.0166666666666667","soil core","VB1_2008a_Smith 1  5",4.70953020131233,110,110,1,"United Kingdom","2004","individuals"
0,0,0,0.528634361233484,99.4713656387665,0.815213330366978,92.4265831399116,1.9001294630813,2.09933025195133,0,0,10.6429485904095,734.399093796215,"Semi-natural vegetation_Light use","Semi-natural vegetation","Light use","VB1_2008a_Smith 1","VB1_2008a_Smith 1 ","52.25,-0.0166666666666667","soil core","VB1_2008a_Smith 1  6",4.65396035015752,104,104,1,"United Kingdom","2004","individuals"
0,0,0,0.528634361233484,99.4713656387665,0.815213330366978,92.4265831399116,1.9001294630813,2.09933025195133,0,0,10.6429485904095,734.399093796215,"Semi-natural vegetation_Light use","Semi-natural vegetation","Light use","VB1_2008a_Smith 1","VB1_2008a_Smith 1 ","52.25,-0.0166666666666667","soil core","VB1_2008a_Smith 1  7",5.7037824746562,299,299,1,"United Kingdom","2004","individuals"
0,0,0,0.528634361233484,99.4713656387665,0.815213330366978,92.4265831399116,1.9001294630813,2.09933025195133,0,0,10.6429485904095,734.399093796215,"Semi-natural vegetation_Light use","Semi-natural vegetation","Light use","VB1_2008a_Smith 1","VB1_2008a_Smith 1 ","52.25,-0.0166666666666667","soil core","VB1_2008a_Smith 1  8",4.86753445045558,129,129,1,"United Kingdom","2004","individuals"
0,0,0,0.528634361233484,99.4713656387665,0.815213330366978,92.4265831399116,1.9001294630813,2.09933025195133,0,0,10.6429485904095,734.399093796215,"Semi-natural vegetation_Light use","Semi-natural vegetation","Light use","VB1_2008a_Smith 1","VB1_2008a_Smith 1 ","52.25,-0.0166666666666667","soil core","VB1_2008a_Smith 1  9",4.54329478227,93,93,1,"United Kingdom","2004","individuals"
0,0,0,0.528634361233484,99.4713656387665,0.815213330366978,92.4265831399116,1.9001294630813,2.09933025195133,0,0,10.6429485904095,734.399093796215,"Cropland_Intense use","Cropland","Intense use","VB1_2008a_Smith 1","VB1_2008a_Smith 1 ","52.25,-0.0166666666666667","soil core","VB1_2008a_Smith 1  10",4.70048036579242,109,109,1,"United Kingdom","2004","individuals"
0,0,0,0.528634361233484,99.4713656387665,0.815213330366978,92.4265831399116,1.9001294630813,2.09933025195133,0,0,10.6429485904095,734.399093796215,"Cropland_Intense use","Cropland","Intense use","VB1_2008a_Smith 1","VB1_2008a_Smith 1 ","52.25,-0.0166666666666667","soil core","VB1_2008a_Smith 1  11",4.77068462446567,117,117,1,"United Kingdom","2004","individuals"
0,0,0,0.528634361233484,99.4713656387665,0.815213330366978,92.4265831399116,1.9001294630813,2.09933025195133,0,0,10.6429485904095,734.399093796215,"Cropland_Intense use","Cropland","Intense use","VB1_2008a_Smith 1","VB1_2008a_Smith 1 ","52.25,-0.0166666666666667","soil core","VB1_2008a_Smith 1  12",4.77912349311153,118,118,1,"United Kingdom","2004","individuals"
0,0,0,0.528634361233484,99.4713656387665,0.815213330366978,92.4265831399116,1.9001294630813,2.09933025195133,0,0,10.6429485904095,734.399093796215,"Semi-natural vegetation_Light use","Semi-natural vegetation","Light use","VB1_2008a_Smith 1","VB1_2008a_Smith 1 ","52.25,-0.0166666666666667","soil core","VB1_2008a_Smith 1  13",2.63905732961526,13,13,1,"United Kingdom","2004","individuals"
0,0,0,0.528634361233484,99.4713656387665,0.815213330366978,92.4265831399116,1.9001294630813,2.09933025195133,0,0,10.6429485904095,734.399093796215,"Semi-natural vegetation_Light use","Semi-natural vegetation","Light use","VB1_2008a_Smith 1","VB1_2008a_Smith 1 ","52.25,-0.0166666666666667","soil core","VB1_2008a_Smith 1  14",1.79175946922805,5,5,1,"United Kingdom","2004","individuals"
0,0,0,0.528634361233484,99.4713656387665,0.815213330366978,92.4265831399116,1.9001294630813,2.09933025195133,0,0,10.6429485904095,734.399093796215,"Semi-natural vegetation_Light use","Semi-natural vegetation","Light use","VB1_2008a_Smith 1","VB1_2008a_Smith 1 ","52.25,-0.0166666666666667","soil core","VB1_2008a_Smith 1  15",1.38629436111989,3,3,1,"United Kingdom","2004","individuals"
0,0,0,0.528634361233484,99.4713656387665,0.815213330366978,92.4265831399116,1.9001294630813,2.09933025195133,0,0,10.6429485904095,734.399093796215,"Semi-natural vegetation_Light use","Semi-natural vegetation","Light use","VB1_2008a_Smith 1","VB1_2008a_Smith 1 ","52.25,-0.0166666666666667","soil core","VB1_2008a_Smith 1  16",1.6094379124341,4,4,1,"United Kingdom","2004","individuals"
0,0,0,0.528634361233484,99.4713656387665,0.815213330366978,92.4265831399116,1.9001294630813,2.09933025195133,0,0,10.6429485904095,734.399093796215,"Semi-natural vegetation_Light use","Semi-natural vegetation","Light use","VB1_2008a_Smith 1","VB1_2008a_Smith 1 ","52.25,-0.0166666666666667","soil core","VB1_2008a_Smith 1  17",1.09861228866811,2,2,1,"United Kingdom","2004","individuals"
0,0,0,0.528634361233484,99.4713656387665,0.815213330366978,92.4265831399116,1.9001294630813,2.09933025195133,0,0,10.6429485904095,734.399093796215,"Semi-natural vegetation_Light use","Semi-natural vegetation","Light use","VB1_2008a_Smith 1","VB1_2008a_Smith 1 ","52.25,-0.0166666666666667","soil core","VB1_2008a_Smith 1  18",1.94591014905531,6,6,1,"United Kingdom","2004","individuals"
0,0,0,0.528634361233484,99.4713656387665,0.815213330366978,92.4265831399116,1.9001294630813,2.09933025195133,0,0,10.6429485904095,734.399093796215,"Semi-natural vegetation_Light use","Semi-natural vegetation","Light use","VB1_2008a_Smith 1","VB1_2008a_Smith 1 ","52.25,-0.0166666666666667","soil core","VB1_2008a_Smith 1  19",0.693147180559945,1,1,1,"United Kingdom","2004","individuals"
0,0,0,0.528634361233484,99.4713656387665,0.815213330366978,92.4265831399116,1.9001294630813,2.09933025195133,0,0,10.6429485904095,734.399093796215,"Semi-natural vegetation_Light use","Semi-natural vegetation","Light use","VB1_2008a_Smith 1","VB1_2008a_Smith 1 ","52.25,-0.0166666666666667","soil core","VB1_2008a_Smith 1  20",1.38629436111989,3,3,1,"United Kingdom","2004","individuals"
0,0,0,0.528634361233484,99.4713656387665,0.815213330366978,92.4265831399116,1.9001294630813,2.09933025195133,0,0,10.6429485904095,734.399093796215,"Semi-natural vegetation_Light use","Semi-natural vegetation","Light use","VB1_2008a_Smith 1","VB1_2008a_Smith 1 ","52.25,-0.0166666666666667","soil core","VB1_2008a_Smith 1  21",0,0,0,1,"United Kingdom","2004","individuals"
0,0,0,0.528634361233484,99.4713656387665,0.815213330366978,92.4265831399116,1.9001294630813,2.09933025195133,0,0,10.6429485904095,734.399093796215,"Cropland_Intense use","Cropland","Intense use","VB1_2008a_Smith 1","VB1_2008a_Smith 1 ","52.25,-0.0166666666666667","soil core","VB1_2008a_Smith 1  22",1.79175946922805,5,5,1,"United Kingdom","2004","individuals"
0,0,0,0.528634361233484,99.4713656387665,0.815213330366978,92.4265831399116,1.9001294630813,2.09933025195133,0,0,10.6429485904095,734.399093796215,"Cropland_Intense use","Cropland","Intense use","VB1_2008a_Smith 1","VB1_2008a_Smith 1 ","52.25,-0.0166666666666667","soil core","VB1_2008a_Smith 1  23",0.693147180559945,1,1,1,"United Kingdom","2004","individuals"
0,0,0,0.528634361233484,99.4713656387665,0.815213330366978,92.4265831399116,1.9001294630813,2.09933025195133,0,0,10.6429485904095,734.399093796215,"Cropland_Intense use","Cropland","Intense use","VB1_2008a_Smith 1","VB1_2008a_Smith 1 ","52.25,-0.0166666666666667","soil core","VB1_2008a_Smith 1  24",1.09861228866811,2,2,1,"United Kingdom","2004","individuals"
0,0,0,0.528634361233484,99.4713656387665,0.815213330366978,92.4265831399116,1.9001294630813,2.09933025195133,0,0,10.6429485904095,734.399093796215,"Semi-natural vegetation_Light use","Semi-natural vegetation","Light use","VB1_2008a_Smith 1","VB1_2008a_Smith 1 ","52.25,-0.0166666666666667","soil core","VB1_2008a_Smith 1  25",4.29045944114839,72,72,1,"United Kingdom","2004","individuals"
0,0,0,0.528634361233484,99.4713656387665,0.815213330366978,92.4265831399116,1.9001294630813,2.09933025195133,0,0,10.6429485904095,734.399093796215,"Semi-natural vegetation_Light use","Semi-natural vegetation","Light use","VB1_2008a_Smith 1","VB1_2008a_Smith 1 ","52.25,-0.0166666666666667","soil core","VB1_2008a_Smith 1  26",4.0943445622221,59,59,1,"United Kingdom","2004","individuals"
0,0,0,0.528634361233484,99.4713656387665,0.815213330366978,92.4265831399116,1.9001294630813,2.09933025195133,0,0,10.6429485904095,734.399093796215,"Semi-natural vegetation_Light use","Semi-natural vegetation","Light use","VB1_2008a_Smith 1","VB1_2008a_Smith 1 ","52.25,-0.0166666666666667","soil core","VB1_2008a_Smith 1  27",3.17805383034795,23,23,1,"United Kingdom","2004","individuals"
0,0,0,0.528634361233484,99.4713656387665,0.815213330366978,92.4265831399116,1.9001294630813,2.09933025195133,0,0,10.6429485904095,734.399093796215,"Semi-natural vegetation_Light use","Semi-natural vegetation","Light use","VB1_2008a_Smith 1","VB1_2008a_Smith 1 ","52.25,-0.0166666666666667","soil core","VB1_2008a_Smith 1  28",3.95124371858143,51,51,1,"United Kingdom","2004","individuals"
0,0,0,0.528634361233484,99.4713656387665,0.815213330366978,92.4265831399116,1.9001294630813,2.09933025195133,0,0,10.6429485904095,734.399093796215,"Semi-natural vegetation_Light use","Semi-natural vegetation","Light use","VB1_2008a_Smith 1","VB1_2008a_Smith 1 ","52.25,-0.0166666666666667","soil core","VB1_2008a_Smith 1  29",3.85014760171006,46,46,1,"United Kingdom","2004","individuals"
0,0,0,0.528634361233484,99.4713656387665,0.815213330366978,92.4265831399116,1.9001294630813,2.09933025195133,0,0,10.6429485904095,734.399093796215,"Semi-natural vegetation_Light use","Semi-natural vegetation","Light use","VB1_2008a_Smith 1","VB1_2008a_Smith 1 ","52.25,-0.0166666666666667","soil core","VB1_2008a_Smith 1  30",3.46573590279973,31,31,1,"United Kingdom","2004","individuals"
0,0,0,0.528634361233484,99.4713656387665,0.815213330366978,92.4265831399116,1.9001294630813,2.09933025195133,0,0,10.6429485904095,734.399093796215,"Semi-natural vegetation_Light use","Semi-natural vegetation","Light use","VB1_2008a_Smith 1","VB1_2008a_Smith 1 ","52.25,-0.0166666666666667","soil core","VB1_2008a_Smith 1  31",4.31748811353631,74,74,1,"United Kingdom","2004","individuals"
0,0,0,0.528634361233484,99.4713656387665,0.815213330366978,92.4265831399116,1.9001294630813,2.09933025195133,0,0,10.6429485904095,734.399093796215,"Semi-natural vegetation_Light use","Semi-natural vegetation","Light use","VB1_2008a_Smith 1","VB1_2008a_Smith 1 ","52.25,-0.0166666666666667","soil core","VB1_2008a_Smith 1  32",3.95124371858143,51,51,1,"United Kingdom","2004","individuals"
0,0,0,0.528634361233484,99.4713656387665,0.815213330366978,92.4265831399116,1.9001294630813,2.09933025195133,0,0,10.6429485904095,734.399093796215,"Semi-natural vegetation_Light use","Semi-natural vegetation","Light use","VB1_2008a_Smith 1","VB1_2008a_Smith 1 ","52.25,-0.0166666666666667","soil core","VB1_2008a_Smith 1  33",3.89182029811063,48,48,1,"United Kingdom","2004","individuals"
0,0,0,0.528634361233484,99.4713656387665,0.815213330366978,92.4265831399116,1.9001294630813,2.09933025195133,0,0,10.6429485904095,734.399093796215,"Cropland_Intense use","Cropland","Intense use","VB1_2008a_Smith 1","VB1_2008a_Smith 1 ","52.25,-0.0166666666666667","soil core","VB1_2008a_Smith 1  34",4.58496747867057,97,97,1,"United Kingdom","2004","individuals"
0,0,0,0.528634361233484,99.4713656387665,0.815213330366978,92.4265831399116,1.9001294630813,2.09933025195133,0,0,10.6429485904095,734.399093796215,"Cropland_Intense use","Cropland","Intense use","VB1_2008a_Smith 1","VB1_2008a_Smith 1 ","52.25,-0.0166666666666667","soil core","VB1_2008a_Smith 1  35",4.53259949315326,92,92,1,"United Kingdom","2004","individuals"
0,0,0,0.528634361233484,99.4713656387665,0.815213330366978,92.4265831399116,1.9001294630813,2.09933025195133,0,0,10.6429485904095,734.399093796215,"Cropland_Intense use","Cropland","Intense use","VB1_2008a_Smith 1","VB1_2008a_Smith 1 ","52.25,-0.0166666666666667","soil core","VB1_2008a_Smith 1  36",4.58496747867057,97,97,1,"United Kingdom","2004","individuals"
100,0,0,0,0,0,0.231180837890045,0.519867122173309,3.71391230160812,0,0,4.60370025634768,689.676369307563,"Natural vegetation","Natural vegetation","Minimal use","VK1_2012__Noreika 1","VK1_2012__Noreika 1 Pirko","60.228876,24.911145","pit-fall traps","VK1_2012__Noreika 1 Pirko 2",1.87445118507317,5.51724137931035,5,0.90625,"Finland","2010","individuals"
100,0,0,0,0,0,0.231180837890045,0.519867122173309,3.71391230160812,0,0,4.60370025634768,689.676369307563,"Natural vegetation","Natural vegetation","Minimal use","VK1_2012__Noreika 1","VK1_2012__Noreika 1 Pirko","60.228876,24.911145","pit-fall traps","VK1_2012__Noreika 1 Pirko 3",2.09323486381217,7.11111111111111,7,0.984375,"Finland","2010","individuals"
100,0,0,0,0,0,0.231180837890045,0.519867122173309,3.71391230160812,0,0,4.60370025634768,689.676369307563,"Natural vegetation","Natural vegetation","Minimal use","VK1_2012__Noreika 1","VK1_2012__Noreika 1 Pirko","60.228876,24.911145","pit-fall traps","VK1_2012__Noreika 1 Pirko 4",3.2732437528014,25.3968253968254,25,0.984375,"Finland","2010","individuals"
100,0,0,0,0,0,0.231180837890045,0.519867122173309,3.71391230160812,0,0,4.60370025634768,689.676369307563,"Natural vegetation","Natural vegetation","Minimal use","VK1_2012__Noreika 1","VK1_2012__Noreika 1 Pirko","60.228876,24.911145","pit-fall traps","VK1_2012__Noreika 1 Pirko 5",3.77658503453304,42.6666666666667,42,0.984375,"Finland","2010","individuals"
100,0,0,0,0,0,0.231180837890045,0.519867122173309,3.71391230160812,0,0,4.60370025634768,689.676369307563,"Natural vegetation","Natural vegetation","Minimal use","VK1_2012__Noreika 1","VK1_2012__Noreika 1 Pirko","60.228876,24.911145","pit-fall traps","VK1_2012__Noreika 1 Pirko 6",2.35441016085863,9.53191489361702,7,0.734375,"Finland","2010","individuals"
100,0,0,0,0,0,0.231180837890045,0.519867122173309,3.71391230160812,0,0,4.60370025634768,689.676369307563,"Natural vegetation","Natural vegetation","Minimal use","VK1_2012__Noreika 1","VK1_2012__Noreika 1 Pirko","60.228876,24.911145","pit-fall traps","VK1_2012__Noreika 1 Pirko 7",2.7227563484919,14.2222222222222,14,0.984375,"Finland","2010","individuals"
100,0,0,0,0,0,0.231180837890045,0.519867122173309,3.71391230160812,0,0,4.60370025634768,689.676369307563,"Natural vegetation","Natural vegetation","Minimal use","VK1_2012__Noreika 1","VK1_2012__Noreika 1 Pirko","60.228876,24.911145","pit-fall traps","VK1_2012__Noreika 1 Pirko 8",2.95936462938312,18.2857142857143,18,0.984375,"Finland","2010","individuals"
100,0,0,0,0,0,0.125124834801263,0.519867122173309,3.71399725282367,0,0,4.60370025634768,689.676369307563,"Natural vegetation","Natural vegetation","Minimal use","VK1_2012__Noreika 1","VK1_2012__Noreika 1 Maunulan","60.225994,24.913516","pit-fall traps","VK1_2012__Noreika 1 Maunulan 10",2.65368899188332,13.2063492063492,13,0.984375,"Finland","2010","individuals"
100,0,0,0,0,0,0.125124834801263,0.519867122173309,3.71399725282367,0,0,4.60370025634768,689.676369307563,"Natural vegetation","Natural vegetation","Minimal use","VK1_2012__Noreika 1","VK1_2012__Noreika 1 Maunulan","60.225994,24.913516","pit-fall traps","VK1_2012__Noreika 1 Maunulan 11",2.57949506846392,12.1904761904762,12,0.984375,"Finland","2010","individuals"
100,0,0,0,0,0,0.125124834801263,0.519867122173309,3.71399725282367,0,0,4.60370025634768,689.676369307563,"Natural vegetation","Natural vegetation","Minimal use","VK1_2012__Noreika 1","VK1_2012__Noreika 1 Maunulan","60.225994,24.913516","pit-fall traps","VK1_2012__Noreika 1 Maunulan 12",3.01069907518731,19.3015873015873,19,0.984375,"Finland","2010","individuals"
100,0,0,0,0,0,0.125124834801263,0.519867122173309,3.71399725282367,0,0,4.60370025634768,689.676369307563,"Natural vegetation","Natural vegetation","Minimal use","VK1_2012__Noreika 1","VK1_2012__Noreika 1 Maunulan","60.225994,24.913516","pit-fall traps","VK1_2012__Noreika 1 Maunulan 13",3.1505629942099,22.3492063492063,22,0.984375,"Finland","2010","individuals"
100,0,0,0,0,0,0.125124834801263,0.519867122173309,3.71399725282367,0,0,4.60370025634768,689.676369307563,"Natural vegetation","Natural vegetation","Minimal use","VK1_2012__Noreika 1","VK1_2012__Noreika 1 Maunulan","60.225994,24.913516","pit-fall traps","VK1_2012__Noreika 1 Maunulan 14",3.72893925347534,40.6349206349206,40,0.984375,"Finland","2010","individuals"
100,0,0,0,0,0,0.125124834801263,0.519867122173309,3.71399725282367,0,0,4.60370025634768,689.676369307563,"Natural vegetation","Natural vegetation","Minimal use","VK1_2012__Noreika 1","VK1_2012__Noreika 1 Maunulan","60.225994,24.913516","pit-fall traps","VK1_2012__Noreika 1 Maunulan 15",2.78736003956009,15.2380952380952,15,0.984375,"Finland","2010","individuals"
100,0,0,0,0,0,0.125124834801263,0.519867122173309,3.71399725282367,0,0,4.60370025634768,689.676369307563,"Natural vegetation","Natural vegetation","Minimal use","VK1_2012__Noreika 1","VK1_2012__Noreika 1 Maunulan","60.225994,24.913516","pit-fall traps","VK1_2012__Noreika 1 Maunulan 16",2.57949506846392,12.1904761904762,12,0.984375,"Finland","2010","individuals"
100,0,0,0,0,0,0.115610921438528,0.519867122173309,3.68584726024017,0,0,4.60370025634768,689.676369307563,"Semi-natural vegetation_Light use","Semi-natural vegetation","Light use","VK1_2012__Noreika 1","VK1_2012__Noreika 1 Metsa","60.22285,24.913752","pit-fall traps","VK1_2012__Noreika 1 Metsa 17",3.1505629942099,22.3492063492063,22,0.984375,"Finland","2010","individuals"
100,0,0,0,0,0,0.115610921438528,0.519867122173309,3.68584726024017,0,0,4.60370025634768,689.676369307563,"Natural vegetation","Natural vegetation","Minimal use","VK1_2012__Noreika 1","VK1_2012__Noreika 1 Metsa","60.22285,24.913752","pit-fall traps","VK1_2012__Noreika 1 Metsa 18",2.41222216541914,10.1587301587302,10,0.984375,"Finland","2010","individuals"
100,0,0,0,0,0,0.115610921438528,0.519867122173309,3.68584726024017,0,0,4.60370025634768,689.676369307563,"Natural vegetation","Natural vegetation","Minimal use","VK1_2012__Noreika 1","VK1_2012__Noreika 1 Metsa","60.22285,24.913752","pit-fall traps","VK1_2012__Noreika 1 Metsa 19",3.79958281418226,43.6825396825397,43,0.984375,"Finland","2010","individuals"
100,0,0,0,0,0,0.115610921438528,0.519867122173309,3.68584726024017,0,0,4.60370025634768,689.676369307563,"Natural vegetation","Natural vegetation","Minimal use","VK1_2012__Noreika 1","VK1_2012__Noreika 1 Metsa","60.22285,24.913752","pit-fall traps","VK1_2012__Noreika 1 Metsa 20",3.44923140212826,30.4761904761905,30,0.984375,"Finland","2010","individuals"
100,0,0,0,0,0,0.115610921438528,0.519867122173309,3.68584726024017,0,0,4.60370025634768,689.676369307563,"Natural vegetation","Natural vegetation","Minimal use","VK1_2012__Noreika 1","VK1_2012__Noreika 1 Metsa","60.22285,24.913752","pit-fall traps","VK1_2012__Noreika 1 Metsa 21",3.51178232145679,32.5079365079365,32,0.984375,"Finland","2010","individuals"
100,0,0,0,0,0,0.115610921438528,0.519867122173309,3.68584726024017,0,0,4.60370025634768,689.676369307563,"Natural vegetation","Natural vegetation","Minimal use","VK1_2012__Noreika 1","VK1_2012__Noreika 1 Metsa","60.22285,24.913752","pit-fall traps","VK1_2012__Noreika 1 Metsa 22",3.92745881355799,49.7777777777778,49,0.984375,"Finland","2010","individuals"
100,0,0,0,0,0,0.115610921438528,0.519867122173309,3.68584726024017,0,0,4.60370025634768,689.676369307563,"Natural vegetation","Natural vegetation","Minimal use","VK1_2012__Noreika 1","VK1_2012__Noreika 1 Metsa","60.22285,24.913752","pit-fall traps","VK1_2012__Noreika 1 Metsa 23",4.09302093529159,58.9206349206349,58,0.984375,"Finland","2010","individuals"
100,0,0,0,0,0,0.115610921438528,0.519867122173309,3.68584726024017,0,0,4.60370025634768,689.676369307563,"Natural vegetation","Natural vegetation","Minimal use","VK1_2012__Noreika 1","VK1_2012__Noreika 1 Metsa","60.22285,24.913752","pit-fall traps","VK1_2012__Noreika 1 Metsa 24",3.90724972667549,48.7619047619048,48,0.984375,"Finland","2010","individuals"
58.9317740527333,0.0139547627981389,3.55427118446854,0,37.5,0,0.192462861511472,0.519867122173309,3.70050215924389,0,0,4.60370025634768,689.676369307563,"Natural vegetation","Natural vegetation","Minimal use","VK1_2012__Noreika 1","VK1_2012__Noreika 1 Maununnev","60.239715,24.911971","pit-fall traps","VK1_2012__Noreika 1 Maununnev 34",2.73771339292577,14.4516129032258,14,0.96875,"Finland","2010","individuals"
58.9317740527333,0.0139547627981389,3.55427118446854,0,37.5,0,0.192462861511472,0.519867122173309,3.70050215924389,0,0,4.60370025634768,689.676369307563,"Natural vegetation","Natural vegetation","Minimal use","VK1_2012__Noreika 1","VK1_2012__Noreika 1 Maununnev","60.239715,24.911971","pit-fall traps","VK1_2012__Noreika 1 Maununnev 35",3.64182165949324,37.1612903225806,36,0.96875,"Finland","2010","individuals"
58.9317740527333,0.0139547627981389,3.55427118446854,0,37.5,0,0.192462861511472,0.519867122173309,3.70050215924389,0,0,4.60370025634768,689.676369307563,"Natural vegetation","Natural vegetation","Minimal use","VK1_2012__Noreika 1","VK1_2012__Noreika 1 Maununnev","60.239715,24.911971","pit-fall traps","VK1_2012__Noreika 1 Maununnev 36",2.42679901898072,10.3225806451613,10,0.96875,"Finland","2010","individuals"
58.9317740527333,0.0139547627981389,3.55427118446854,0,37.5,0,0.192462861511472,0.519867122173309,3.70050215924389,0,0,4.60370025634768,689.676369307563,"Natural vegetation","Natural vegetation","Minimal use","VK1_2012__Noreika 1","VK1_2012__Noreika 1 Maununnev","60.239715,24.911971","pit-fall traps","VK1_2012__Noreika 1 Maununnev 37",3.46472732984484,30.9677419354839,30,0.96875,"Finland","2010","individuals"
58.9317740527333,0.0139547627981389,3.55427118446854,0,37.5,0,0.192462861511472,0.519867122173309,3.70050215924389,0,0,4.60370025634768,689.676369307563,"Natural vegetation","Natural vegetation","Minimal use","VK1_2012__Noreika 1","VK1_2012__Noreika 1 Maununnev","60.239715,24.911971","pit-fall traps","VK1_2012__Noreika 1 Maununnev 38",2.66857139012842,13.4193548387097,13,0.96875,"Finland","2010","individuals"
58.9317740527333,0.0139547627981389,3.55427118446854,0,37.5,0,0.192462861511472,0.519867122173309,3.70050215924389,0,0,4.60370025634768,689.676369307563,"Natural vegetation","Natural vegetation","Minimal use","VK1_2012__Noreika 1","VK1_2012__Noreika 1 Maununnev","60.239715,24.911971","pit-fall traps","VK1_2012__Noreika 1 Maununnev 39",3.58620350382678,35.0967741935484,34,0.96875,"Finland","2010","individuals"
58.9317740527333,0.0139547627981389,3.55427118446854,0,37.5,0,0.192462861511472,0.519867122173309,3.70050215924389,0,0,4.60370025634768,689.676369307563,"Natural vegetation","Natural vegetation","Minimal use","VK1_2012__Noreika 1","VK1_2012__Noreika 1 Maununnev","60.239715,24.911971","pit-fall traps","VK1_2012__Noreika 1 Maununnev 40",3.52730884142502,33.0322580645161,32,0.96875,"Finland","2010","individuals"
55.3858335298313,0.39699058325464,6.71717588691402,0,37.5,0,0.657608142183765,0.6427607834293,3.83697081483527,0,0,4.5929316252406,689.022752356946,"Natural vegetation","Natural vegetation","Minimal use","VK1_2012__Noreika 1","VK1_2012__Noreika 1 Maununevat","60.242522,24.908656","pit-fall traps","VK1_2012__Noreika 1 Maununevat 42",4.6559810631462,104.212389380531,92,0.8828125,"Finland","2010","individuals"
55.3858335298313,0.39699058325464,6.71717588691402,0,37.5,0,0.657608142183765,0.6427607834293,3.83697081483527,0,0,4.5929316252406,689.022752356946,"Natural vegetation","Natural vegetation","Minimal use","VK1_2012__Noreika 1","VK1_2012__Noreika 1 Maununevat","60.242522,24.908656","pit-fall traps","VK1_2012__Noreika 1 Maununevat 43",3.90616517382009,48.7079646017699,43,0.8828125,"Finland","2010","individuals"
55.3858335298313,0.39699058325464,6.71717588691402,0,37.5,0,0.657608142183765,0.6427607834293,3.83697081483527,0,0,4.5929316252406,689.022752356946,"Natural vegetation","Natural vegetation","Minimal use","VK1_2012__Noreika 1","VK1_2012__Noreika 1 Maununevat","60.242522,24.908656","pit-fall traps","VK1_2012__Noreika 1 Maununevat 44",3.8267326346956,44.9122807017544,40,0.890625,"Finland","2010","individuals"
55.3858335298313,0.39699058325464,6.71717588691402,0,37.5,0,0.657608142183765,0.6427607834293,3.83697081483527,0,0,4.5929316252406,689.022752356946,"Natural vegetation","Natural vegetation","Minimal use","VK1_2012__Noreika 1","VK1_2012__Noreika 1 Maununevat","60.242522,24.908656","pit-fall traps","VK1_2012__Noreika 1 Maununevat 45",3.64182165949324,37.1612903225806,36,0.96875,"Finland","2010","individuals"
55.3858335298313,0.39699058325464,6.71717588691402,0,37.5,0,0.657608142183765,0.6427607834293,3.83697081483527,0,0,4.5929316252406,689.022752356946,"Natural vegetation","Natural vegetation","Minimal use","VK1_2012__Noreika 1","VK1_2012__Noreika 1 Maununevat","60.242522,24.908656","pit-fall traps","VK1_2012__Noreika 1 Maununevat 46",3.58620350382678,35.0967741935484,34,0.96875,"Finland","2010","individuals"
55.3858335298313,0.39699058325464,6.71717588691402,0,37.5,0,0.657608142183765,0.6427607834293,3.83697081483527,0,0,4.5929316252406,689.022752356946,"Natural vegetation","Natural vegetation","Minimal use","VK1_2012__Noreika 1","VK1_2012__Noreika 1 Maununevat","60.242522,24.908656","pit-fall traps","VK1_2012__Noreika 1 Maununevat 47",3.44412242637919,30.3157894736842,27,0.890625,"Finland","2010","individuals"
55.3858335298313,0.39699058325464,6.71717588691402,0,37.5,0,0.657608142183765,0.6427607834293,3.83697081483527,0,0,4.5929316252406,689.022752356946,"Natural vegetation","Natural vegetation","Minimal use","VK1_2012__Noreika 1","VK1_2012__Noreika 1 Maununevat","60.242522,24.908656","pit-fall traps","VK1_2012__Noreika 1 Maununevat 48",3.37183269977217,28.1318681318681,20,0.7109375,"Finland","2010","individuals"
1.18688965662188,0.45357579614639,2.43044721958891,0,95.9290873276428,0,5.6903411304597,1.48531866122241,3.89586546766089,0,0,4.61948801676436,703.182349679992,"Natural vegetation","Natural vegetation","Minimal use","VK1_2012__Noreika 1","VK1_2012__Noreika 1 Mustav","60.23717,25.136611","pit-fall traps","VK1_2012__Noreika 1 Mustav 50",3.62624388312245,36.5714285714286,33,0.90234375,"Finland","2010","individuals"
1.18688965662188,0.45357579614639,2.43044721958891,0,95.9290873276428,0,5.6903411304597,1.48531866122241,3.89586546766089,0,0,4.61948801676436,703.182349679992,"Natural vegetation","Natural vegetation","Minimal use","VK1_2012__Noreika 1","VK1_2012__Noreika 1 Mustav","60.23717,25.136611","pit-fall traps","VK1_2012__Noreika 1 Mustav 51",5.19539416897391,179.439252336449,150,0.8359375,"Finland","2010","individuals"
1.18688965662188,0.45357579614639,2.43044721958891,0,95.9290873276428,0,5.6903411304597,1.48531866122241,3.89586546766089,0,0,4.61948801676436,703.182349679992,"Natural vegetation","Natural vegetation","Minimal use","VK1_2012__Noreika 1","VK1_2012__Noreika 1 Mustav","60.23717,25.136611","pit-fall traps","VK1_2012__Noreika 1 Mustav 52",4.10831577281884,59.8441558441558,54,0.90234375,"Finland","2010","individuals"
1.18688965662188,0.45357579614639,2.43044721958891,0,95.9290873276428,0,5.6903411304597,1.48531866122241,3.89586546766089,0,0,4.61948801676436,703.182349679992,"Natural vegetation","Natural vegetation","Minimal use","VK1_2012__Noreika 1","VK1_2012__Noreika 1 Mustav","60.23717,25.136611","pit-fall traps","VK1_2012__Noreika 1 Mustav 53",4.55597084720905,94.1991341991342,85,0.90234375,"Finland","2010","individuals"
1.18688965662188,0.45357579614639,2.43044721958891,0,95.9290873276428,0,5.6903411304597,1.48531866122241,3.89586546766089,0,0,4.61948801676436,703.182349679992,"Natural vegetation","Natural vegetation","Minimal use","VK1_2012__Noreika 1","VK1_2012__Noreika 1 Mustav","60.23717,25.136611","pit-fall traps","VK1_2012__Noreika 1 Mustav 54",4.93826629079985,138.528138528139,125,0.90234375,"Finland","2010","individuals"
1.18688965662188,0.45357579614639,2.43044721958891,0,95.9290873276428,0,5.6903411304597,1.48531866122241,3.89586546766089,0,0,4.61948801676436,703.182349679992,"Natural vegetation","Natural vegetation","Minimal use","VK1_2012__Noreika 1","VK1_2012__Noreika 1 Mustav","60.23717,25.136611","pit-fall traps","VK1_2012__Noreika 1 Mustav 55",4.6948929376405,108.387096774194,105,0.96875,"Finland","2010","individuals"
1.18688965662188,0.45357579614639,2.43044721958891,0,95.9290873276428,0,5.6903411304597,1.48531866122241,3.89586546766089,0,0,4.61948801676436,703.182349679992,"Natural vegetation","Natural vegetation","Minimal use","VK1_2012__Noreika 1","VK1_2012__Noreika 1 Mustav","60.23717,25.136611","pit-fall traps","VK1_2012__Noreika 1 Mustav 56",4.66617424245146,105.290322580645,102,0.96875,"Finland","2010","individuals"
99.3648150672853,0.635184932714712,0,0,0,0,2.56473278999329,0.902644693851471,3.88611516680661,0,0,4.61948801676436,703.182349679992,"Natural vegetation","Natural vegetation","Minimal use","VK1_2012__Noreika 1","VK1_2012__Noreika 1 Putoin","60.218036,25.074449","pit-fall traps","VK1_2012__Noreika 1 Putoin 58",4.36944785246702,78,78,1,"Finland","2010","individuals"
99.3648150672853,0.635184932714712,0,0,0,0,2.56473278999329,0.902644693851471,3.88611516680661,0,0,4.61948801676436,703.182349679992,"Natural vegetation","Natural vegetation","Minimal use","VK1_2012__Noreika 1","VK1_2012__Noreika 1 Putoin","60.218036,25.074449","pit-fall traps","VK1_2012__Noreika 1 Putoin 59",3.49650756146648,32,32,1,"Finland","2010","individuals"
99.3648150672853,0.635184932714712,0,0,0,0,2.56473278999329,0.902644693851471,3.88611516680661,0,0,4.61948801676436,703.182349679992,"Natural vegetation","Natural vegetation","Minimal use","VK1_2012__Noreika 1","VK1_2012__Noreika 1 Putoin","60.218036,25.074449","pit-fall traps","VK1_2012__Noreika 1 Putoin 60",3.73766961828337,41,41,1,"Finland","2010","individuals"
99.3648150672853,0.635184932714712,0,0,0,0,2.56473278999329,0.902644693851471,3.88611516680661,0,0,4.61948801676436,703.182349679992,"Natural vegetation","Natural vegetation","Minimal use","VK1_2012__Noreika 1","VK1_2012__Noreika 1 Putoin","60.218036,25.074449","pit-fall traps","VK1_2012__Noreika 1 Putoin 61",4.23259307260199,67.895652173913,61,0.8984375,"Finland","2010","individuals"
99.3648150672853,0.635184932714712,0,0,0,0,2.56473278999329,0.902644693851471,3.88611516680661,0,0,4.61948801676436,703.182349679992,"Natural vegetation","Natural vegetation","Minimal use","VK1_2012__Noreika 1","VK1_2012__Noreika 1 Putoin","60.218036,25.074449","pit-fall traps","VK1_2012__Noreika 1 Putoin 62",3.93817379971633,50.3247863247863,46,0.9140625,"Finland","2010","individuals"
99.3648150672853,0.635184932714712,0,0,0,0,2.56473278999329,0.902644693851471,3.88611516680661,0,0,4.61948801676436,703.182349679992,"Natural vegetation","Natural vegetation","Minimal use","VK1_2012__Noreika 1","VK1_2012__Noreika 1 Putoin","60.218036,25.074449","pit-fall traps","VK1_2012__Noreika 1 Putoin 63",4.49924453892218,88.9491525423729,82,0.921875,"Finland","2010","individuals"
99.3648150672853,0.635184932714712,0,0,0,0,2.56473278999329,0.902644693851471,3.88611516680661,0,0,4.61948801676436,703.182349679992,"Natural vegetation","Natural vegetation","Minimal use","VK1_2012__Noreika 1","VK1_2012__Noreika 1 Putoin","60.218036,25.074449","pit-fall traps","VK1_2012__Noreika 1 Putoin 64",3.46573590279973,31,31,1,"Finland","2010","individuals"
22.2402169559196,2.59690108930632,11.4982856814821,0,63.6645962732919,0,7.50754440751822,1.3198549712918,3.59968825851935,6.1892446644935,0,4.32798411051436,672.941396711394,"Semi-natural vegetation_Minimal use","Semi-natural vegetation","Minimal use","VK1_2012__Noreika 1","VK1_2012__Noreika 1 Hagak","60.290662,24.906778","pit-fall traps","VK1_2012__Noreika 1 Hagak 65",2.87075881450587,16.650406504065,16,0.9609375,"Finland","2010","individuals"
22.2402169559196,2.59690108930632,11.4982856814821,0,63.6645962732919,0,7.50754440751822,1.3198549712918,3.59968825851935,6.1892446644935,0,4.32798411051436,672.941396711394,"Natural vegetation","Natural vegetation","Minimal use","VK1_2012__Noreika 1","VK1_2012__Noreika 1 Hagak","60.290662,24.906778","pit-fall traps","VK1_2012__Noreika 1 Hagak 66",3.40579384777831,29.1382113821138,28,0.9609375,"Finland","2010","individuals"
22.2402169559196,2.59690108930632,11.4982856814821,0,63.6645962732919,0,7.50754440751822,1.3198549712918,3.59968825851935,6.1892446644935,0,4.32798411051436,672.941396711394,"Natural vegetation","Natural vegetation","Minimal use","VK1_2012__Noreika 1","VK1_2012__Noreika 1 Hagak","60.290662,24.906778","pit-fall traps","VK1_2012__Noreika 1 Hagak 67",3.62227918844482,36.4227642276423,35,0.9609375,"Finland","2010","individuals"
22.2402169559196,2.59690108930632,11.4982856814821,0,63.6645962732919,0,7.50754440751822,1.3198549712918,3.59968825851935,6.1892446644935,0,4.32798411051436,672.941396711394,"Natural vegetation","Natural vegetation","Minimal use","VK1_2012__Noreika 1","VK1_2012__Noreika 1 Hagak","60.290662,24.906778","pit-fall traps","VK1_2012__Noreika 1 Hagak 68",4.3960538085119,80.130081300813,77,0.9609375,"Finland","2010","individuals"
22.2402169559196,2.59690108930632,11.4982856814821,0,63.6645962732919,0,7.50754440751822,1.3198549712918,3.59968825851935,6.1892446644935,0,4.32798411051436,672.941396711394,"Natural vegetation","Natural vegetation","Minimal use","VK1_2012__Noreika 1","VK1_2012__Noreika 1 Hagak","60.290662,24.906778","pit-fall traps","VK1_2012__Noreika 1 Hagak 69",3.64970752025873,37.4634146341463,36,0.9609375,"Finland","2010","individuals"
22.2402169559196,2.59690108930632,11.4982856814821,0,63.6645962732919,0,7.50754440751822,1.3198549712918,3.59968825851935,6.1892446644935,0,4.32798411051436,672.941396711394,"Natural vegetation","Natural vegetation","Minimal use","VK1_2012__Noreika 1","VK1_2012__Noreika 1 Hagak","60.290662,24.906778","pit-fall traps","VK1_2012__Noreika 1 Hagak 70",3.84563996578357,45.7886178861789,44,0.9609375,"Finland","2010","individuals"
22.2402169559196,2.59690108930632,11.4982856814821,0,63.6645962732919,0,7.50754440751822,1.3198549712918,3.59968825851935,6.1892446644935,0,4.32798411051436,672.941396711394,"Natural vegetation","Natural vegetation","Minimal use","VK1_2012__Noreika 1","VK1_2012__Noreika 1 Hagak","60.290662,24.906778","pit-fall traps","VK1_2012__Noreika 1 Hagak 71",4.2877829591224,71.8048780487805,69,0.9609375,"Finland","2010","individuals"
22.2402169559196,2.59690108930632,11.4982856814821,0,63.6645962732919,0,7.50754440751822,1.3198549712918,3.59968825851935,6.1892446644935,0,4.32798411051436,672.941396711394,"Natural vegetation","Natural vegetation","Minimal use","VK1_2012__Noreika 1","VK1_2012__Noreika 1 Hagak","60.290662,24.906778","pit-fall traps","VK1_2012__Noreika 1 Hagak 72",4.38314389648326,79.089430894309,76,0.9609375,"Finland","2010","individuals"
4.61696693217702,1.64576562033262,7.36194611072944,0,86.3753213367609,0,6.79134382430253,1.34625912690265,3.59789626398544,0,0,4.30763905843099,663.493427215144,"Natural vegetation","Natural vegetation","Minimal use","VK1_2012__Noreika 1","VK1_2012__Noreika 1 Vihdin","60.282281,24.793353","pit-fall traps","VK1_2012__Noreika 1 Vihdin 74",4.10085664583732,59.392,58,0.9765625,"Finland","2010","individuals"
4.61696693217702,1.64576562033262,7.36194611072944,0,86.3753213367609,0,6.79134382430253,1.34625912690265,3.59789626398544,0,0,4.30763905843099,663.493427215144,"Natural vegetation","Natural vegetation","Minimal use","VK1_2012__Noreika 1","VK1_2012__Noreika 1 Vihdin","60.282281,24.793353","pit-fall traps","VK1_2012__Noreika 1 Vihdin 75",3.63400079260395,36.864,36,0.9765625,"Finland","2010","individuals"
4.61696693217702,1.64576562033262,7.36194611072944,0,86.3753213367609,0,6.79134382430253,1.34625912690265,3.59789626398544,0,0,4.30763905843099,663.493427215144,"Natural vegetation","Natural vegetation","Minimal use","VK1_2012__Noreika 1","VK1_2012__Noreika 1 Vihdin","60.282281,24.793353","pit-fall traps","VK1_2012__Noreika 1 Vihdin 76",3.99356612538154,53.248,52,0.9765625,"Finland","2010","individuals"
4.61696693217702,1.64576562033262,7.36194611072944,0,86.3753213367609,0,6.79134382430253,1.34625912690265,3.59789626398544,0,0,4.30763905843099,663.493427215144,"Natural vegetation","Natural vegetation","Minimal use","VK1_2012__Noreika 1","VK1_2012__Noreika 1 Vihdin","60.282281,24.793353","pit-fall traps","VK1_2012__Noreika 1 Vihdin 77",4.06635652568193,57.344,56,0.9765625,"Finland","2010","individuals"
4.61696693217702,1.64576562033262,7.36194611072944,0,86.3753213367609,0,6.79134382430253,1.34625912690265,3.59789626398544,0,0,4.30763905843099,663.493427215144,"Natural vegetation","Natural vegetation","Minimal use","VK1_2012__Noreika 1","VK1_2012__Noreika 1 Vihdin","60.282281,24.793353","pit-fall traps","VK1_2012__Noreika 1 Vihdin 78",3.7367167835281,40.96,40,0.9765625,"Finland","2010","individuals"
4.61696693217702,1.64576562033262,7.36194611072944,0,86.3753213367609,0,6.79134382430253,1.34625912690265,3.59789626398544,0,0,4.30763905843099,663.493427215144,"Natural vegetation","Natural vegetation","Minimal use","VK1_2012__Noreika 1","VK1_2012__Noreika 1 Vihdin","60.282281,24.793353","pit-fall traps","VK1_2012__Noreika 1 Vihdin 79",3.57839472093866,34.816,34,0.9765625,"Finland","2010","individuals"
4.61696693217702,1.64576562033262,7.36194611072944,0,86.3753213367609,0,6.79134382430253,1.34625912690265,3.59789626398544,0,0,4.30763905843099,663.493427215144,"Natural vegetation","Natural vegetation","Minimal use","VK1_2012__Noreika 1","VK1_2012__Noreika 1 Vihdin","60.282281,24.793353","pit-fall traps","VK1_2012__Noreika 1 Vihdin 80",3.60658421138711,35.84,35,0.9765625,"Finland","2010","individuals"
4.29416285467588,1.77400436655646,6.34718266590085,0,87.5846501128668,0,6.90453380324432,1.35591846652312,3.54867190890233,0,0,4.30763905843099,663.493427215144,"Semi-natural vegetation_Minimal use","Semi-natural vegetation","Minimal use","VK1_2012__Noreika 1","VK1_2012__Noreika 1 Friimet","60.284217,24.791508","pit-fall traps","VK1_2012__Noreika 1 Friimet 81",4.12557229152255,60.9032258064516,59,0.96875,"Finland","2010","individuals"
4.29416285467588,1.77400436655646,6.34718266590085,0,87.5846501128668,0,6.90453380324432,1.35591846652312,3.54867190890233,0,0,4.30763905843099,663.493427215144,"Natural vegetation","Natural vegetation","Minimal use","VK1_2012__Noreika 1","VK1_2012__Noreika 1 Friimet","60.284217,24.791508","pit-fall traps","VK1_2012__Noreika 1 Friimet 82",5.03548525071968,152.774193548387,148,0.96875,"Finland","2010","individuals"
4.29416285467588,1.77400436655646,6.34718266590085,0,87.5846501128668,0,6.90453380324432,1.35591846652312,3.54867190890233,0,0,4.30763905843099,663.493427215144,"Natural vegetation","Natural vegetation","Minimal use","VK1_2012__Noreika 1","VK1_2012__Noreika 1 Friimet","60.284217,24.791508","pit-fall traps","VK1_2012__Noreika 1 Friimet 83",5.01514125601696,149.677419354839,145,0.96875,"Finland","2010","individuals"
4.29416285467588,1.77400436655646,6.34718266590085,0,87.5846501128668,0,6.90453380324432,1.35591846652312,3.54867190890233,0,0,4.30763905843099,663.493427215144,"Natural vegetation","Natural vegetation","Minimal use","VK1_2012__Noreika 1","VK1_2012__Noreika 1 Friimet","60.284217,24.791508","pit-fall traps","VK1_2012__Noreika 1 Friimet 84",5.22280767344337,184.454148471616,165,0.89453125,"Finland","2010","individuals"
4.29416285467588,1.77400436655646,6.34718266590085,0,87.5846501128668,0,6.90453380324432,1.35591846652312,3.54867190890233,0,0,4.30763905843099,663.493427215144,"Natural vegetation","Natural vegetation","Minimal use","VK1_2012__Noreika 1","VK1_2012__Noreika 1 Friimet","60.284217,24.791508","pit-fall traps","VK1_2012__Noreika 1 Friimet 85",4.80216845719798,120.774193548387,117,0.96875,"Finland","2010","individuals"
4.29416285467588,1.77400436655646,6.34718266590085,0,87.5846501128668,0,6.90453380324432,1.35591846652312,3.54867190890233,0,0,4.30763905843099,663.493427215144,"Natural vegetation","Natural vegetation","Minimal use","VK1_2012__Noreika 1","VK1_2012__Noreika 1 Friimet","60.284217,24.791508","pit-fall traps","VK1_2012__Noreika 1 Friimet 86",4.40080090290305,80.5161290322581,78,0.96875,"Finland","2010","individuals"
4.29416285467588,1.77400436655646,6.34718266590085,0,87.5846501128668,0,6.90453380324432,1.35591846652312,3.54867190890233,0,0,4.30763905843099,663.493427215144,"Natural vegetation","Natural vegetation","Minimal use","VK1_2012__Noreika 1","VK1_2012__Noreika 1 Friimet","60.284217,24.791508","pit-fall traps","VK1_2012__Noreika 1 Friimet 87",5.46095725647174,234.322580645161,227,0.96875,"Finland","2010","individuals"
4.29416285467588,1.77400436655646,6.34718266590085,0,87.5846501128668,0,6.90453380324432,1.35591846652312,3.54867190890233,0,0,4.30763905843099,663.493427215144,"Natural vegetation","Natural vegetation","Minimal use","VK1_2012__Noreika 1","VK1_2012__Noreika 1 Friimet","60.284217,24.791508","pit-fall traps","VK1_2012__Noreika 1 Friimet 88",4.83551356269547,124.903225806452,121,0.96875,"Finland","2010","individuals"
10.2465751823749,3.60115319248409,0,0,86.1090909090909,0,3.46759289532089,1.29490291873078,3.57350589207857,0,0,4.61707661726034,701.514202551784,"Semi-natural vegetation_Minimal use","Semi-natural vegetation","Minimal use","VK1_2012__Noreika 1","VK1_2012__Noreika 1 Viikki","60.21588,25.033336","pit-fall traps","VK1_2012__Noreika 1 Viikki 89",2.26228817068328,8.60504201680672,8,0.9296875,"Finland","2010","individuals"
10.2465751823749,3.60115319248409,0,0,86.1090909090909,0,3.46759289532089,1.29490291873078,3.57350589207857,0,0,4.61707661726034,701.514202551784,"Natural vegetation","Natural vegetation","Minimal use","VK1_2012__Noreika 1","VK1_2012__Noreika 1 Viikki","60.21588,25.033336","pit-fall traps","VK1_2012__Noreika 1 Viikki 90",2.00872148919805,6.45378151260504,6,0.9296875,"Finland","2010","individuals"
10.2465751823749,3.60115319248409,0,0,86.1090909090909,0,3.46759289532089,1.29490291873078,3.57350589207857,0,0,4.61707661726034,701.514202551784,"Natural vegetation","Natural vegetation","Minimal use","VK1_2012__Noreika 1","VK1_2012__Noreika 1 Viikki","60.21588,25.033336","pit-fall traps","VK1_2012__Noreika 1 Viikki 91",2.46438948155395,10.7563025210084,10,0.9296875,"Finland","2010","individuals"
10.2465751823749,3.60115319248409,0,0,86.1090909090909,0,3.46759289532089,1.29490291873078,3.57350589207857,0,0,4.61707661726034,701.514202551784,"Natural vegetation","Natural vegetation","Minimal use","VK1_2012__Noreika 1","VK1_2012__Noreika 1 Viikki","60.21588,25.033336","pit-fall traps","VK1_2012__Noreika 1 Viikki 92",2.63243279469964,12.9075630252101,12,0.9296875,"Finland","2010","individuals"
10.2465751823749,3.60115319248409,0,0,86.1090909090909,0,3.46759289532089,1.29490291873078,3.57350589207857,0,0,4.61707661726034,701.514202551784,"Natural vegetation","Natural vegetation","Minimal use","VK1_2012__Noreika 1","VK1_2012__Noreika 1 Viikki","60.21588,25.033336","pit-fall traps","VK1_2012__Noreika 1 Viikki 93",3.56728137732443,34.4201680672269,32,0.9296875,"Finland","2010","individuals"
10.2465751823749,3.60115319248409,0,0,86.1090909090909,0,3.46759289532089,1.29490291873078,3.57350589207857,0,0,4.61707661726034,701.514202551784,"Natural vegetation","Natural vegetation","Minimal use","VK1_2012__Noreika 1","VK1_2012__Noreika 1 Viikki","60.21588,25.033336","pit-fall traps","VK1_2012__Noreika 1 Viikki 94",3.62624388312245,36.5714285714286,32,0.875,"Finland","2010","individuals"
10.2465751823749,3.60115319248409,0,0,86.1090909090909,0,3.46759289532089,1.29490291873078,3.57350589207857,0,0,4.61707661726034,701.514202551784,"Natural vegetation","Natural vegetation","Minimal use","VK1_2012__Noreika 1","VK1_2012__Noreika 1 Viikki","60.21588,25.033336","pit-fall traps","VK1_2012__Noreika 1 Viikki 95",3.06511722503028,20.436974789916,19,0.9296875,"Finland","2010","individuals"
10.2465751823749,3.60115319248409,0,0,86.1090909090909,0,3.46759289532089,1.29490291873078,3.57350589207857,0,0,4.61707661726034,701.514202551784,"Natural vegetation","Natural vegetation","Minimal use","VK1_2012__Noreika 1","VK1_2012__Noreika 1 Viikki","60.21588,25.033336","pit-fall traps","VK1_2012__Noreika 1 Viikki 96",2.65907133988533,13.2830188679245,11,0.828125,"Finland","2010","individuals"
